circuit_id,problem_id,number
cretesud-circuit50,cretesud-2258,1
cretesud-circuit50,cretesud-480,1 bis
cretesud-circuit50,cretesud-3258,2
cretesud-circuit50,cretesud-478,3
cretesud-circuit50,cretesud-3259,4
cretesud-circuit50,cretesud-476,5
cretesud-circuit50,cretesud-3260,6
cretesud-circuit50,cretesud-3261,7
cretesud-circuit50,cretesud-3262,8
cretesud-circuit50,cretesud-3263,9
cretesud-circuit50,cretesud-3264,10
cretesud-circuit50,cretesud-3265,11
cretesud-circuit50,cretesud-461,11 bis
cretesud-circuit50,cretesud-469,12
cretesud-circuit50,cretesud-3266,13
cretesud-circuit50,cretesud-3267,14
cretesud-circuit50,cretesud-3268,15
cretesud-circuit50,cretesud-3269,16
cretesud-circuit50,cretesud-494,17
cretesud-circuit50,cretesud-470,18
cretesud-circuit50,cretesud-466,19
cretesud-circuit50,cretesud-468,19 bis
cretesud-circuit50,cretesud-3270,20
cretesud-circuit50,cretesud-1229,21
cretesud-circuit50,cretesud-464,22
cretesud-circuit50,cretesud-509,23
cretesud-circuit50,cretesud-3271,24
cretesud-circuit50,cretesud-3272,25
cretesud-circuit50,cretesud-502,26
cretesud-circuit50,cretesud-3273,27
cretesud-circuit50,cretesud-492,28
cretesud-circuit50,cretesud-3274,29
cretesud-circuit50,cretesud-3275,30
cretesud-circuit50,cretesud-3276,31
cretesud-circuit50,cretesud-457,32
cretesud-circuit50,cretesud-303851,33
cretesud-circuit50,cretesud-526,34
vauxdecernay-circuit216,vauxdecernay-10954,D
vauxdecernay-circuit216,vauxdecernay-10955,1
vauxdecernay-circuit216,vauxdecernay-10956,2
vauxdecernay-circuit216,vauxdecernay-10957,3
vauxdecernay-circuit216,vauxdecernay-10958,4
vauxdecernay-circuit216,vauxdecernay-10959,4 bis
vauxdecernay-circuit216,vauxdecernay-10960,5
vauxdecernay-circuit216,vauxdecernay-10961,6
vauxdecernay-circuit216,vauxdecernay-10962,7
vauxdecernay-circuit216,vauxdecernay-10963,8
vauxdecernay-circuit216,vauxdecernay-10964,9
vauxdecernay-circuit216,vauxdecernay-10965,10
vauxdecernay-circuit216,vauxdecernay-10966,11
vauxdecernay-circuit216,vauxdecernay-10967,11 bis
vauxdecernay-circuit216,vauxdecernay-10968,12
vauxdecernay-circuit216,vauxdecernay-10969,13
vauxdecernay-circuit216,vauxdecernay-10970,14
vauxdecernay-circuit216,vauxdecernay-10971,15
vauxdecernay-circuit216,vauxdecernay-10972,16
vauxdecernay-circuit216,vauxdecernay-10973,17
vauxdecernay-circuit216,vauxdecernay-10974,18
vauxdecernay-circuit216,vauxdecernay-10975,19
vauxdecernay-circuit216,vauxdecernay-10976,19 bis
vauxdecernay-circuit216,vauxdecernay-10977,20
vauxdecernay-circuit216,vauxdecernay-10978,21
vauxdecernay-circuit216,vauxdecernay-10979,22
vauxdecernay-circuit216,vauxdecernay-10980,23
vauxdecernay-circuit216,vauxdecernay-10981,24
vauxdecernay-circuit216,vauxdecernay-10982,25
vauxdecernay-circuit216,vauxdecernay-10983,26
vauxdecernay-circuit216,vauxdecernay-10984,27
vauxdecernay-circuit216,vauxdecernay-10985,28
vauxdecernay-circuit216,vauxdecernay-10986,29
vauxdecernay-circuit216,vauxdecernay-10987,30
vauxdecernay-circuit216,vauxdecernay-10988,31
vauxdecernay-circuit216,vauxdecernay-10989,31 bis
vauxdecernay-circuit216,vauxdecernay-10990,32
vauxdecernay-circuit216,vauxdecernay-10991,33
vauxdecernay-circuit216,vauxdecernay-10992,33 bis
vauxdecernay-circuit216,vauxdecernay-10993,34
vauxdecernay-circuit216,vauxdecernay-10994,35
vauxdecernay-circuit216,vauxdecernay-10995,36
vauxdecernay-circuit216,vauxdecernay-10996,36 bis
vauxdecernay-circuit216,vauxdecernay-10997,36 ter
vauxdecernay-circuit216,vauxdecernay-10998,37
vauxdecernay-circuit216,vauxdecernay-10999,38
91.1-circuit106,91.1-18013,1
91.1-circuit106,91.1-18014,2
91.1-circuit106,91.1-18015,3
91.1-circuit106,91.1-18017,4
91.1-circuit106,91.1-18018,5
91.1-circuit106,91.1-18019,6
91.1-circuit106,91.1-18016,6 bis
91.1-circuit106,91.1-18020,7
91.1-circuit106,91.1-18022,8
91.1-circuit106,91.1-18024,9
91.1-circuit106,91.1-18025,10
91.1-circuit106,91.1-18028,11
91.1-circuit106,91.1-18029,12
91.1-circuit106,91.1-18030,13
91.1-circuit106,91.1-18031,14
91.1-circuit106,91.1-18033,15
91.1-circuit106,91.1-18034,16
91.1-circuit106,91.1-18035,17
91.1-circuit106,91.1-18037,18
91.1-circuit106,91.1-18038,19
91.1-circuit106,91.1-18039,20
91.1-circuit106,91.1-18041,21
91.1-circuit106,91.1-18043,22
91.1-circuit106,91.1-18045,23
91.1-circuit106,91.1-18046,24
91.1-circuit106,91.1-18047,25
91.1-circuit106,91.1-18048,26
91.1-circuit106,91.1-18050,27
91.1-circuit106,91.1-18051,28
91.1-circuit106,91.1-18053,29
91.1-circuit106,91.1-18055,30
91.1-circuit106,91.1-18057,31
91.1-circuit106,91.1-18060,32
91.1-circuit106,91.1-18061,33
91.1-circuit106,91.1-18062,34
91.1-circuit106,91.1-18064,35
91.1-circuit106,91.1-313577,36
91.1-circuit106,91.1-18066,37
91.1-circuit106,91.1-18067,38
91.1-circuit106,91.1-18069,39
91.1-circuit106,91.1-18070,40
91.1-circuit106,91.1-18071,41
91.1-circuit106,91.1-18072,42
91.1-circuit106,91.1-18075,43
91.1-circuit106,91.1-18076,44
91.1-circuit106,91.1-18077,45
91.1-circuit106,91.1-18079,46
91.1-circuit106,91.1-18080,47
91.1-circuit107,91.1-312903,1
91.1-circuit107,91.1-312904,1 bis
91.1-circuit107,91.1-312905,2
91.1-circuit107,91.1-8685,3
91.1-circuit107,91.1-8688,4
91.1-circuit107,91.1-8689,5
91.1-circuit107,91.1-8683,6
91.1-circuit107,91.1-312906,7
91.1-circuit107,91.1-8681,8
91.1-circuit107,91.1-312907,9
91.1-circuit107,91.1-8679,10
91.1-circuit107,91.1-312908,11
91.1-circuit107,91.1-8677,12
91.1-circuit107,91.1-312909,13
91.1-circuit107,91.1-311899,13 bis
91.1-circuit107,91.1-8691,14
91.1-circuit107,91.1-312910,15
91.1-circuit107,91.1-312911,16
91.1-circuit107,91.1-8694,16 bis
91.1-circuit107,91.1-312915,17
91.1-circuit107,91.1-312912,18
91.1-circuit107,91.1-312916,19
91.1-circuit107,91.1-312913,20
91.1-circuit107,91.1-312914,21
91.1-circuit107,91.1-8698,22
91.1-circuit107,91.1-312920,23
91.1-circuit107,91.1-8699,24
91.1-circuit107,91.1-312921,25
91.1-circuit107,91.1-8700,25 bis
91.1-circuit107,91.1-312922,26
91.1-circuit107,91.1-312923,27
91.1-circuit107,91.1-312924,28
91.1-circuit107,91.1-8708,29
91.1-circuit107,91.1-8705,29 bis
91.1-circuit107,91.1-8707,30
91.1-circuit107,91.1-8706,31
91.1-circuit107,91.1-8712,32
91.1-circuit107,91.1-8713,33
91.1-circuit107,91.1-8714,34
91.1-circuit107,91.1-312925,34 bis
91.1-circuit107,91.1-8717,35
91.1-circuit107,91.1-8716,35 bis
91.1-circuit107,91.1-8718,36
91.1-circuit107,91.1-8719,37
91.1-circuit107,91.1-8720,37 bis
91.1-circuit107,91.1-312926,38
91.1-circuit107,91.1-8723,39
91.1-circuit107,91.1-8724,40
91.1-circuit107,91.1-8726,41
91.1-circuit107,91.1-8725,42
91.1-circuit104,91.1-5910,1
91.1-circuit104,91.1-5911,1 bis
91.1-circuit104,91.1-5912,2
91.1-circuit104,91.1-5918,2 bis
91.1-circuit104,91.1-5913,3
91.1-circuit104,91.1-5914,4
91.1-circuit104,91.1-5915,5
91.1-circuit104,91.1-5916,6
91.1-circuit104,91.1-5917,6 bis
91.1-circuit104,91.1-5919,7
91.1-circuit104,91.1-5920,8
91.1-circuit104,91.1-229630,8 bis
91.1-circuit104,91.1-5921,9
91.1-circuit104,91.1-5922,10
91.1-circuit104,91.1-239603,10 bis
91.1-circuit104,91.1-5923,11
91.1-circuit104,91.1-5924,12
91.1-circuit104,91.1-5925,13
91.1-circuit104,91.1-5926,14
91.1-circuit104,91.1-5927,15
91.1-circuit104,91.1-5928,16
91.1-circuit104,91.1-160115,16 bis
91.1-circuit104,91.1-5929,17
91.1-circuit104,91.1-44016,17 bis
91.1-circuit104,91.1-5930,18
91.1-circuit104,91.1-243520,18 bis
91.1-circuit104,91.1-5931,19
91.1-circuit104,91.1-5932,20
91.1-circuit104,91.1-5933,21
91.1-circuit104,91.1-5934,22
91.1-circuit104,91.1-5935,23
91.1-circuit104,91.1-5936,24
91.1-circuit104,91.1-290214,24 bis
91.1-circuit104,91.1-5937,25
91.1-circuit104,91.1-5938,26
91.1-circuit104,91.1-5939,27
91.1-circuit104,91.1-5940,28
91.1-circuit104,91.1-5941,29
91.1-circuit104,91.1-170936,29 bis
91.1-circuit104,91.1-5942,30
91.1-circuit104,91.1-167375,30 bis
91.1-circuit104,91.1-5943,31
91.1-circuit104,91.1-5944,32
91.1-circuit104,91.1-5945,33
91.1-circuit104,91.1-5946,34
91.1-circuit104,91.1-5947,35
91.1-circuit104,91.1-5948,36
91.1-circuit104,91.1-5949,37
91.1-circuit104,91.1-5950,38
91.1-circuit104,91.1-5951,39
91.1-circuit104,91.1-5952,40
91.1-circuit104,91.1-5953,41
91.1-circuit104,91.1-5954,42
91.1-circuit104,91.1-5955,43
91.1-circuit104,91.1-5956,44
91.1-circuit104,91.1-5957,45
91.1-circuit104,91.1-5958,46
91.1-circuit104,91.1-5959,47
91.1-circuit383,91.1-311977,1
91.1-circuit383,91.1-311975,2
91.1-circuit383,91.1-311974,3
91.1-circuit383,91.1-311973,4
91.1-circuit383,91.1-311961,5
91.1-circuit383,91.1-311960,6
91.1-circuit383,91.1-311957,7
91.1-circuit383,91.1-311955,8
91.1-circuit383,91.1-311956,8 bis
91.1-circuit383,91.1-311952,9
91.1-circuit383,91.1-72770,10
91.1-circuit383,91.1-176546,11
91.1-circuit383,91.1-66610,12
91.1-circuit383,91.1-311951,13
91.1-circuit383,91.1-311948,14
91.1-circuit383,91.1-311888,15
91.1-circuit383,91.1-311949,16
91.1-circuit383,91.1-311950,17
91.1-circuit383,91.1-311929,18
91.1-circuit383,91.1-311947,19
91.1-circuit383,91.1-311945,19 bis
91.1-circuit383,91.1-311943,20
91.1-circuit383,91.1-311944,20 bis
91.1-circuit383,91.1-5981,21
91.1-circuit383,91.1-311946,22
91.1-circuit383,91.1-311942,23
91.1-circuit383,91.1-311941,24
91.1-circuit383,91.1-311889,25
91.1-circuit383,91.1-312092,26
91.1-circuit383,91.1-311940,27
91.1-circuit383,91.1-311939,28
91.1-circuit383,91.1-311924,29
91.1-circuit383,91.1-312037,30
91.1-circuit383,91.1-312091,31
91.1-circuit383,91.1-311922,32
91.1-circuit383,91.1-311923,33
91.1-circuit383,91.1-312090,34
91.1-circuit383,91.1-311913,35
91.1-circuit383,91.1-311914,35 bis
91.1-circuit383,91.1-312088,36
91.1-circuit383,91.1-311915,37
91.1-circuit383,91.1-312418,37 bis
91.1-circuit383,91.1-311916,38
91.1-circuit383,91.1-311917,39
91.1-circuit383,91.1-311918,40
91.1-circuit383,91.1-78255,41
91.1-circuit383,91.1-96423,42
91.1-circuit383,91.1-311920,43
91.1-circuit383,91.1-311921,44
91.1-circuit383,91.1-311927,45
91.1-circuit383,91.1-311926,46
91.1-circuit383,91.1-132357,47
91.1-circuit105,91.1-236724,1
91.1-circuit105,91.1-13404,1 bis
91.1-circuit105,91.1-111238,2
91.1-circuit105,91.1-305678,2 bis
91.1-circuit105,91.1-206259,3
91.1-circuit105,91.1-246485,3 bis
91.1-circuit105,91.1-23475,4
91.1-circuit105,91.1-23485,4 bis
91.1-circuit105,91.1-237689,5
91.1-circuit105,91.1-23484,5 bis
91.1-circuit105,91.1-291242,6
91.1-circuit105,91.1-104309,7
91.1-circuit105,91.1-23460,8
91.1-circuit105,91.1-13406,8 bis
91.1-circuit105,91.1-78488,9
91.1-circuit105,91.1-5960,10
91.1-circuit105,91.1-5961,11
91.1-circuit105,91.1-5962,11 bis
91.1-circuit105,91.1-5963,12
91.1-circuit105,91.1-5964,13
91.1-circuit105,91.1-5965,14
91.1-circuit105,91.1-5967,15
91.1-circuit105,91.1-5968,15 bis
91.1-circuit105,91.1-5969,16
91.1-circuit105,91.1-5970,17
91.1-circuit105,91.1-5971,17 bis
91.1-circuit105,91.1-5972,18
91.1-circuit105,91.1-23728,18 bis
91.1-circuit105,91.1-5973,18 ter
91.1-circuit105,91.1-5975,19
91.1-circuit105,91.1-148405,19 bis
91.1-circuit105,91.1-5974,20
91.1-circuit105,91.1-5978,21
91.1-circuit105,91.1-5980,22
91.1-circuit105,91.1-5979,23
91.1-circuit105,91.1-5982,24
91.1-circuit105,91.1-5983,24 bis
91.1-circuit105,91.1-5984,25
91.1-circuit105,91.1-5985,25 bis
91.1-circuit105,91.1-5986,26
91.1-circuit105,91.1-5988,27
91.1-circuit105,91.1-5990,28
91.1-circuit105,91.1-5991,29
91.1-circuit105,91.1-5992,30
91.1-circuit105,91.1-5993,31
91.1-circuit105,91.1-5994,32
91.1-circuit105,91.1-5995,33
91.1-circuit105,91.1-5996,33 bis
91.1-circuit105,91.1-5998,34
91.1-circuit105,91.1-130054,35
91.1-circuit105,91.1-6005,36
91.1-circuit105,91.1-49676,36 bis
91.1-circuit105,91.1-6004,37
91.1-circuit105,91.1-6007,38
91.1-circuit105,91.1-142242,38 bis
91.1-circuit105,91.1-5999,39
91.1-circuit105,91.1-6000,39 bis
91.1-circuit105,91.1-6002,40
91.1-circuit105,91.1-6003,40 bis
91.1-circuit105,91.1-5976,41
91.1-circuit105,91.1-6009,42
91.1-circuit105,91.1-23729,43
91.1-circuit105,91.1-6013,44
91.1-circuit105,91.1-6015,45
91.1-circuit105,91.1-6016,45 bis
91.1-circuit105,91.1-46465,46
91.1-circuit105,91.1-6017,46 bis
91.1-circuit105,91.1-6011,47
91.1-circuit105,91.1-6012,47 bis
elephant-circuit168,elephant-314097,1
elephant-circuit168,elephant-314098,2
elephant-circuit168,elephant-314099,3
elephant-circuit168,elephant-314100,4
elephant-circuit168,elephant-314101,5
elephant-circuit168,elephant-314102,6
elephant-circuit168,elephant-314103,7
elephant-circuit168,elephant-314104,8
elephant-circuit168,elephant-314105,9
elephant-circuit168,elephant-314106,10
elephant-circuit168,elephant-314108,11
elephant-circuit168,elephant-314109,12
elephant-circuit168,elephant-314110,13
elephant-circuit168,elephant-314111,14
elephant-circuit168,elephant-314112,15
elephant-circuit168,elephant-314113,16
elephant-circuit168,elephant-314114,17
elephant-circuit168,elephant-313761,32
elephant-circuit168,elephant-313762,17 ter
elephant-circuit168,elephant-314115,18
elephant-circuit168,elephant-314116,19
elephant-circuit168,elephant-314117,20
elephant-circuit168,elephant-313763,20 bis
elephant-circuit168,elephant-314118,21
elephant-circuit168,elephant-314119,22
elephant-circuit168,elephant-314120,23
elephant-circuit168,elephant-314121,24
elephant-circuit168,elephant-314122,25
elephant-circuit168,elephant-314123,26
elephant-circuit168,elephant-314124,27
elephant-circuit168,elephant-313764,27 bis
elephant-circuit168,elephant-314125,28
elephant-circuit168,elephant-314126,29
elephant-circuit168,elephant-314127,30
elephant-circuit168,elephant-313759,31
elephant-circuit170,elephant-13634,D
elephant-circuit170,elephant-13664,1
elephant-circuit170,elephant-13665,2
elephant-circuit170,elephant-18269,2 bis
elephant-circuit170,elephant-13666,3
elephant-circuit170,elephant-18270,4
elephant-circuit170,elephant-18271,5
elephant-circuit170,elephant-18272,6
elephant-circuit170,elephant-18273,7
elephant-circuit170,elephant-18274,8
elephant-circuit170,elephant-18275,9
elephant-circuit170,elephant-18276,10
elephant-circuit170,elephant-18277,11
elephant-circuit170,elephant-18278,12
elephant-circuit170,elephant-18279,13
elephant-circuit170,elephant-18280,14
elephant-circuit170,elephant-18281,15
elephant-circuit170,elephant-18282,16
elephant-circuit170,elephant-18283,17
elephant-circuit170,elephant-18284,18
elephant-circuit170,elephant-18285,19
elephant-circuit170,elephant-18286,20
elephant-circuit170,elephant-18287,21
elephant-circuit170,elephant-18288,22
elephant-circuit170,elephant-18289,23
elephant-circuit170,elephant-18290,24
elephant-circuit170,elephant-18291,25
elephant-circuit170,elephant-18292,26
elephant-circuit170,elephant-18293,27
elephant-circuit170,elephant-18294,28
elephant-circuit170,elephant-18295,29
elephant-circuit170,elephant-18296,30
elephant-circuit170,elephant-18297,31
elephant-circuit170,elephant-18298,32
elephant-circuit170,elephant-18299,33
elephant-circuit170,elephant-18300,33 bis
elephant-circuit170,elephant-18301,34
elephant-circuit170,elephant-18302,35
elephant-circuit170,elephant-18303,36
elephant-circuit170,elephant-18304,37
elephant-circuit170,elephant-18305,38
elephant-circuit170,elephant-18306,39
elephant-circuit170,elephant-18307,40
elephant-circuit170,elephant-18308,41
elephant-circuit170,elephant-18309,42
elephant-circuit170,elephant-18310,42 bis
elephant-circuit170,elephant-18311,43
elephant-circuit170,elephant-18312,44
elephant-circuit165,elephant-7736,1
elephant-circuit165,elephant-7737,1 bis
elephant-circuit165,elephant-7738,2
elephant-circuit165,elephant-7739,3
elephant-circuit165,elephant-12852,3 bis
elephant-circuit165,elephant-7740,4
elephant-circuit165,elephant-12853,4 bis
elephant-circuit165,elephant-12854,4 ter
elephant-circuit165,elephant-7741,5
elephant-circuit165,elephant-7742,5 bis
elephant-circuit165,elephant-7743,6
elephant-circuit165,elephant-7744,7
elephant-circuit165,elephant-7745,8
elephant-circuit165,elephant-12855,8 bis
elephant-circuit165,elephant-7746,9
elephant-circuit165,elephant-7747,10
elephant-circuit165,elephant-12824,11
elephant-circuit165,elephant-12856,11 bis
elephant-circuit165,elephant-12825,12
elephant-circuit165,elephant-7748,13
elephant-circuit165,elephant-12826,14
elephant-circuit165,elephant-12857,14 bis
elephant-circuit165,elephant-7749,15
elephant-circuit165,elephant-7750,15 bis
elephant-circuit165,elephant-12827,16
elephant-circuit165,elephant-7751,16 bis
elephant-circuit165,elephant-7752,17
elephant-circuit165,elephant-7753,18
elephant-circuit165,elephant-12858,18 bis
elephant-circuit165,elephant-7754,19
elephant-circuit165,elephant-12859,19 bis
elephant-circuit165,elephant-7755,20
elephant-circuit165,elephant-7756,21
elephant-circuit165,elephant-12860,21 bis
elephant-circuit165,elephant-7757,22
elephant-circuit165,elephant-12861,22 bis
elephant-circuit165,elephant-7758,23
elephant-circuit165,elephant-12862,23 bis
elephant-circuit165,elephant-7759,24
elephant-circuit165,elephant-7760,25
elephant-circuit165,elephant-12863,25 bis
elephant-circuit165,elephant-12864,25 ter
elephant-circuit165,elephant-7761,26
elephant-circuit165,elephant-12865,26 bis
elephant-circuit165,elephant-12866,26 ter
elephant-circuit165,elephant-7762,27
elephant-circuit165,elephant-7763,28
elephant-circuit165,elephant-12828,29
elephant-circuit165,elephant-12867,29 bis
elephant-circuit165,elephant-7764,30
elephant-circuit165,elephant-7765,31
elephant-circuit165,elephant-7766,32
elephant-circuit165,elephant-7767,33
elephant-circuit165,elephant-12829,34
elephant-circuit165,elephant-7768,35
elephant-circuit165,elephant-7769,36
elephant-circuit165,elephant-12868,36 bis
elephant-circuit165,elephant-12869,36 ter
elephant-circuit165,elephant-12870,36 quat
elephant-circuit165,elephant-7770,37
elephant-circuit165,elephant-7771,38
elephant-circuit165,elephant-7772,39
elephant-circuit165,elephant-7773,40
elephant-circuit165,elephant-12830,41
elephant-circuit165,elephant-7774,41 bis
elephant-circuit165,elephant-7775,42
elephant-circuit165,elephant-12871,42 bis
elephant-circuit165,elephant-7776,43
elephant-circuit165,elephant-7777,44
elephant-circuit165,elephant-12872,44 bis
elephant-circuit165,elephant-12831,45
elephant-circuit165,elephant-12873,45 bis
elephant-circuit165,elephant-7778,46
elephant-circuit165,elephant-12874,46 bis
elephant-circuit165,elephant-7779,47
elephant-circuit165,elephant-7780,48
elephant-circuit165,elephant-12875,48 bis
elephant-circuit165,elephant-7781,49
elephant-circuit165,elephant-8454,50
elephant-circuit165,elephant-7782,51
elephant-circuit165,elephant-7783,52
elephant-circuit165,elephant-7784,53
elephant-circuit165,elephant-7785,53 bis
elephant-circuit165,elephant-7786,54
elephant-circuit165,elephant-7787,55
elephant-circuit165,elephant-12876,55 bis
elephant-circuit165,elephant-7788,56
elephant-circuit165,elephant-7789,57
elephant-circuit165,elephant-7790,58
elephant-circuit165,elephant-7791,59
elephant-circuit165,elephant-7792,60
elephant-circuit165,elephant-12877,60 bis
elephant-circuit165,elephant-7793,61
elephant-circuit165,elephant-7794,62
elephant-circuit165,elephant-12878,62 bis
elephant-circuit165,elephant-7795,63
elephant-circuit165,elephant-12879,63 bis
elephant-circuit165,elephant-7796,64
elephant-circuit165,elephant-12880,64 bis
elephant-circuit165,elephant-12832,65
elephant-circuit165,elephant-12881,65 bis
elephant-circuit165,elephant-12833,66
elephant-circuit165,elephant-12834,67
elephant-circuit165,elephant-12882,67 bis
elephant-circuit165,elephant-12835,68
elephant-circuit165,elephant-12836,69
elephant-circuit165,elephant-12837,70
elephant-circuit165,elephant-12838,71
elephant-circuit165,elephant-12839,72
elephant-circuit165,elephant-12840,73
elephant-circuit165,elephant-12841,74
elephant-circuit165,elephant-12842,75
elephant-circuit165,elephant-12843,76
elephant-circuit165,elephant-12883,76 bis
elephant-circuit165,elephant-12844,77
elephant-circuit165,elephant-12845,78
elephant-circuit165,elephant-12846,79
elephant-circuit165,elephant-12847,80
elephant-circuit165,elephant-12848,81
elephant-circuit165,elephant-12884,81 bis
elephant-circuit165,elephant-12885,81 ter
elephant-circuit165,elephant-12849,82
elephant-circuit165,elephant-12886,82 bis
elephant-circuit165,elephant-12850,83
elephant-circuit165,elephant-12887,83 bis
elephant-circuit165,elephant-12851,84
elephant-circuit206,elephant-7797,1
elephant-circuit206,elephant-7798,2
elephant-circuit206,elephant-7799,3
elephant-circuit206,elephant-7800,4
elephant-circuit206,elephant-7801,5
elephant-circuit206,elephant-7802,6
elephant-circuit206,elephant-7803,7
elephant-circuit206,elephant-7804,8
elephant-circuit206,elephant-7805,9
elephant-circuit206,elephant-7806,10
elephant-circuit206,elephant-7807,11
elephant-circuit206,elephant-7808,12
elephant-circuit206,elephant-7809,13
elephant-circuit206,elephant-7810,14
elephant-circuit206,elephant-7811,15
elephant-circuit206,elephant-7812,16
elephant-circuit206,elephant-7813,17
elephant-circuit206,elephant-7814,18
elephant-circuit206,elephant-7815,19
elephant-circuit206,elephant-7816,20
elephant-circuit206,elephant-17625,21
elephant-circuit206,elephant-7818,22
elephant-circuit206,elephant-7819,23
elephant-circuit206,elephant-7820,24
elephant-circuit206,elephant-7821,24 bis
elephant-circuit206,elephant-7822,25
elephant-circuit206,elephant-7823,26
elephant-circuit206,elephant-7824,27
elephant-circuit206,elephant-7825,28
elephant-circuit206,elephant-7826,29
elephant-circuit206,elephant-7827,30
elephant-circuit166,elephant-7828,1
elephant-circuit166,elephant-7829,2
elephant-circuit166,elephant-7830,3
elephant-circuit166,elephant-7831,4
elephant-circuit166,elephant-7832,5
elephant-circuit166,elephant-7833,6
elephant-circuit166,elephant-7834,7
elephant-circuit166,elephant-7835,7 bis
elephant-circuit166,elephant-7836,8
elephant-circuit166,elephant-7837,9
elephant-circuit166,elephant-7838,10
elephant-circuit166,elephant-7839,11
elephant-circuit166,elephant-7840,12
elephant-circuit166,elephant-7841,13
elephant-circuit166,elephant-7842,14
elephant-circuit166,elephant-7843,15
elephant-circuit166,elephant-7844,16
elephant-circuit166,elephant-7845,17
elephant-circuit166,elephant-7846,18
elephant-circuit166,elephant-7847,19
elephant-circuit166,elephant-7848,20
elephant-circuit166,elephant-7849,21
elephant-circuit166,elephant-7850,22
elephant-circuit166,elephant-7851,23
elephant-circuit166,elephant-7852,24
elephant-circuit166,elephant-7853,25
elephant-circuit166,elephant-7854,26
elephant-circuit166,elephant-7855,27
elephant-circuit166,elephant-7856,28
elephant-circuit166,elephant-7857,29
elephant-circuit166,elephant-7858,30
elephant-circuit166,elephant-7859,31
elephant-circuit166,elephant-417,32
elephant-circuit166,elephant-7860,33
elephant-circuit166,elephant-7861,34
elephant-circuit166,elephant-7862,34 bis
elephant-circuit166,elephant-7863,35
elephant-circuit166,elephant-11596,36
elephant-circuit166,elephant-7864,37
elephant-circuit166,elephant-7865,38
elephant-circuit166,elephant-7866,39
elephant-circuit166,elephant-8891,40
elephant-circuit166,elephant-7867,40 bis
zinnen-circuit338,zinnen-309726,D
zinnen-circuit338,zinnen-313804,1
zinnen-circuit338,zinnen-309725,2
zinnen-circuit338,zinnen-309724,3
zinnen-circuit338,zinnen-5459,4
zinnen-circuit338,zinnen-309723,5
zinnen-circuit338,zinnen-313805,6
zinnen-circuit338,zinnen-309721,7
zinnen-circuit338,zinnen-313806,8
zinnen-circuit338,zinnen-313807,8 bis
zinnen-circuit338,zinnen-309722,9
zinnen-circuit338,zinnen-313613,10
zinnen-circuit338,zinnen-309720,11
zinnen-circuit338,zinnen-309719,12
zinnen-circuit338,zinnen-309718,13
zinnen-circuit338,zinnen-309717,14
zinnen-circuit338,zinnen-313809,15
zinnen-circuit338,zinnen-313808,16
zinnen-circuit338,zinnen-309714,17
zinnen-circuit338,zinnen-309715,17 bis
zinnen-circuit338,zinnen-313810,18
zinnen-circuit338,zinnen-309711,19
zinnen-circuit338,zinnen-309709,20
zinnen-circuit338,zinnen-313983,21
zinnen-circuit338,zinnen-309708,22
zinnen-circuit338,zinnen-9992,23
zinnen-circuit338,zinnen-313811,24
zinnen-circuit338,zinnen-313813,25
zinnen-circuit338,zinnen-16834,26
zinnen-circuit338,zinnen-313814,27
zinnen-circuit338,zinnen-309702,28
zinnen-circuit338,zinnen-16837,29
zinnen-circuit338,zinnen-309704,29 bis
zinnen-circuit338,zinnen-309703,30
zinnen-circuit338,zinnen-309712,31
zinnen-circuit338,zinnen-5499,A
zinnen-circuit316,zinnen-24409,D
zinnen-circuit316,zinnen-309706,1
zinnen-circuit316,zinnen-24410,2
zinnen-circuit316,zinnen-24411,3
zinnen-circuit316,zinnen-5505,3 bis
zinnen-circuit316,zinnen-24413,4
zinnen-circuit316,zinnen-24412,5
zinnen-circuit316,zinnen-24414,6
zinnen-circuit316,zinnen-314007,7
zinnen-circuit316,zinnen-24415,8
zinnen-circuit316,zinnen-24416,9
zinnen-circuit316,zinnen-5461,10
zinnen-circuit316,zinnen-5462,11
zinnen-circuit316,zinnen-24419,12
zinnen-circuit316,zinnen-5468,13
zinnen-circuit316,zinnen-24421,14
zinnen-circuit316,zinnen-24422,14 bis
zinnen-circuit316,zinnen-24423,15
zinnen-circuit316,zinnen-24424,16
zinnen-circuit316,zinnen-314008,17
zinnen-circuit316,zinnen-24425,17 bis
zinnen-circuit316,zinnen-24426,18
zinnen-circuit316,zinnen-309716,19
zinnen-circuit316,zinnen-314009,20
zinnen-circuit316,zinnen-314010,21
zinnen-circuit316,zinnen-24428,22
zinnen-circuit316,zinnen-24429,23
zinnen-circuit316,zinnen-24431,24
zinnen-circuit316,zinnen-314011,25
zinnen-circuit316,zinnen-309713,26
zinnen-circuit316,zinnen-9988,27
zinnen-circuit316,zinnen-9987,28
zinnen-circuit316,zinnen-9986,29
zinnen-circuit316,zinnen-314012,30
zinnen-circuit316,zinnen-314013,31
zinnen-circuit316,zinnen-16839,32
zinnen-circuit316,zinnen-16838,33
zinnen-circuit316,zinnen-16843,33 bis
zinnen-circuit316,zinnen-314015,34
zinnen-circuit316,zinnen-24437,35
zinnen-circuit316,zinnen-314023,35 bis
zinnen-circuit316,zinnen-314016,36
zinnen-circuit316,zinnen-306477,37
zinnen-circuit316,zinnen-314018,37 bis
zinnen-circuit316,zinnen-24439,38
zinnen-circuit316,zinnen-24440,39
zinnen-circuit316,zinnen-24441,40
zinnen-circuit316,zinnen-24442,41
zinnen-circuit316,zinnen-309707,42
zinnen-circuit316,zinnen-13142,A
zinnen-circuit83,zinnen-5454,1
zinnen-circuit83,zinnen-5455,2
zinnen-circuit83,zinnen-24451,3
zinnen-circuit83,zinnen-5456,4
zinnen-circuit83,zinnen-188990,5
zinnen-circuit83,zinnen-24450,5 bis
zinnen-circuit83,zinnen-5458,6
zinnen-circuit83,zinnen-5460,7
zinnen-circuit83,zinnen-24417,8
zinnen-circuit83,zinnen-24449,9
zinnen-circuit83,zinnen-24762,9 bis
zinnen-circuit83,zinnen-5466,10
zinnen-circuit83,zinnen-24447,10 bis
zinnen-circuit83,zinnen-5473,11
zinnen-circuit83,zinnen-24420,12
zinnen-circuit83,zinnen-5474,13
zinnen-circuit83,zinnen-5475,14
zinnen-circuit83,zinnen-24427,15
zinnen-circuit83,zinnen-16847,16
zinnen-circuit83,zinnen-5477,17
zinnen-circuit83,zinnen-24435,17 bis
zinnen-circuit83,zinnen-5480,18
zinnen-circuit83,zinnen-5482,19
zinnen-circuit83,zinnen-5483,19 bis
zinnen-circuit83,zinnen-306478,20
zinnen-circuit83,zinnen-16835,21
zinnen-circuit83,zinnen-5486,22
zinnen-circuit83,zinnen-24432,23
zinnen-circuit83,zinnen-5490,24
zinnen-circuit83,zinnen-24433,24 bis
zinnen-circuit83,zinnen-5487,25
zinnen-circuit83,zinnen-24430,26
zinnen-circuit83,zinnen-5488,26 bis
zinnen-circuit83,zinnen-5491,27
zinnen-circuit83,zinnen-5492,27 bis
zinnen-circuit83,zinnen-5494,28
zinnen-circuit83,zinnen-24438,29
zinnen-circuit83,zinnen-5497,30
zinnen-circuit83,zinnen-5495,30 bis
zinnen-circuit83,zinnen-24436,31
zinnen-circuit83,zinnen-24444,32
zinnen-circuit83,zinnen-5506,33
zinnen-circuit83,zinnen-24418,34
zinnen-circuit83,zinnen-306486,34 bis
zinnen-circuit83,zinnen-24445,35
zinnen-circuit83,zinnen-24443,36
zinnen-circuit83,zinnen-309730,36 bis
zinnen-circuit83,zinnen-5508,A
restant-circuit390,restant-314889,1
restant-circuit390,restant-314890,2
restant-circuit390,restant-314891,3
restant-circuit390,restant-314892,4
restant-circuit390,restant-314893,5
restant-circuit390,restant-314894,6
restant-circuit390,restant-314895,7
restant-circuit390,restant-314896,8
restant-circuit390,restant-314897,9
restant-circuit390,restant-314898,10
restant-circuit390,restant-314899,11
restant-circuit390,restant-314900,12
restant-circuit390,restant-314901,13
restant-circuit390,restant-314902,14
restant-circuit390,restant-314903,15
restant-circuit390,restant-314904,16
restant-circuit390,restant-314905,17
restant-circuit390,restant-314906,18
restant-circuit390,restant-314907,19
restant-circuit390,restant-314908,20
restant-circuit390,restant-314909,21
restant-circuit390,restant-314910,22
restant-circuit390,restant-314911,23
restant-circuit390,restant-314913,24
restant-circuit390,restant-314912,24 bis
restant-circuit390,restant-314917,25
restant-circuit390,restant-314924,26
restant-circuit390,restant-314925,27
restant-circuit390,restant-314918,28
restant-circuit390,restant-314919,29
restant-circuit390,restant-314920,30
restant-circuit390,restant-314921,31
restant-circuit390,restant-314922,32
restant-circuit390,restant-314923,33
restant-circuit390,restant-314916,34
restant-circuit390,restant-314915,35
restant-circuit390,restant-314914,36
restant-circuit201,restant-8258,1
restant-circuit201,restant-8259,2
restant-circuit201,restant-8260,3
restant-circuit201,restant-302954,3 bis
restant-circuit201,restant-8261,4
restant-circuit201,restant-8262,5
restant-circuit201,restant-9195,5 bis
restant-circuit201,restant-8263,6
restant-circuit201,restant-8264,7
restant-circuit201,restant-8265,8
restant-circuit201,restant-8266,9
restant-circuit201,restant-302959,9 bis
restant-circuit201,restant-8267,10
restant-circuit201,restant-8268,11
restant-circuit201,restant-8269,12
restant-circuit201,restant-8270,13
restant-circuit201,restant-8271,14
restant-circuit201,restant-8272,15
restant-circuit201,restant-8273,16
restant-circuit201,restant-8274,17
restant-circuit201,restant-8275,18
restant-circuit201,restant-8276,19
restant-circuit201,restant-306580,20
restant-circuit201,restant-8278,21
restant-circuit201,restant-8279,22
restant-circuit201,restant-8280,23
restant-circuit201,restant-8281,24
restant-circuit201,restant-8282,25
restant-circuit201,restant-8283,26
restant-circuit201,restant-8284,27
restant-circuit201,restant-8285,28
restant-circuit201,restant-8286,29
restant-circuit201,restant-8287,30
restant-circuit201,restant-8288,31
restant-circuit201,restant-8289,32
restant-circuit201,restant-8290,33
restant-circuit201,restant-8291,34
95.2ouest-circuit249,95.2ouest-13588,1
95.2ouest-circuit249,95.2ouest-13589,2
95.2ouest-circuit249,95.2ouest-13590,3
95.2ouest-circuit249,95.2ouest-13591,3 bis
95.2ouest-circuit249,95.2ouest-13633,3 ter
95.2ouest-circuit249,95.2ouest-13593,4
95.2ouest-circuit249,95.2ouest-13594,5
95.2ouest-circuit249,95.2ouest-13595,6
95.2ouest-circuit249,95.2ouest-13596,7
95.2ouest-circuit249,95.2ouest-13597,8
95.2ouest-circuit249,95.2ouest-13598,9
95.2ouest-circuit249,95.2ouest-13599,10
95.2ouest-circuit249,95.2ouest-13600,11
95.2ouest-circuit249,95.2ouest-13601,12
95.2ouest-circuit249,95.2ouest-13602,13
95.2ouest-circuit249,95.2ouest-13603,14
95.2ouest-circuit249,95.2ouest-13604,15
95.2ouest-circuit249,95.2ouest-13605,16
95.2ouest-circuit249,95.2ouest-13606,17
95.2ouest-circuit249,95.2ouest-13607,18
95.2ouest-circuit249,95.2ouest-13608,19
95.2ouest-circuit249,95.2ouest-13609,20
95.2ouest-circuit249,95.2ouest-13610,21
95.2ouest-circuit249,95.2ouest-13611,21 bis
95.2ouest-circuit249,95.2ouest-13612,22
95.2ouest-circuit249,95.2ouest-13613,23
95.2ouest-circuit249,95.2ouest-13614,24
95.2ouest-circuit249,95.2ouest-13615,25
95.2ouest-circuit249,95.2ouest-13616,26
95.2ouest-circuit249,95.2ouest-13617,27
95.2ouest-circuit249,95.2ouest-13618,28
95.2ouest-circuit249,95.2ouest-13619,29
95.2ouest-circuit249,95.2ouest-13620,30
95.2ouest-circuit249,95.2ouest-13621,31
95.2ouest-circuit249,95.2ouest-13622,32
95.2ouest-circuit249,95.2ouest-13623,33
95.2ouest-circuit249,95.2ouest-13624,34
95.2ouest-circuit249,95.2ouest-13625,35
95.2ouest-circuit249,95.2ouest-13626,36
95.2ouest-circuit249,95.2ouest-13627,37
95.2ouest-circuit249,95.2ouest-13628,37 bis
95.2ouest-circuit249,95.2ouest-13629,38
95.2ouest-circuit249,95.2ouest-13630,39
95.2ouest-circuit249,95.2ouest-13631,40
95.2ouest-circuit249,95.2ouest-13632,40 bis
cuvier-circuit2,cuvier-1849,D
cuvier-circuit2,cuvier-1850,1
cuvier-circuit2,cuvier-1851,2
cuvier-circuit2,cuvier-1852,3
cuvier-circuit2,cuvier-1853,4
cuvier-circuit2,cuvier-1854,5
cuvier-circuit2,cuvier-1855,6
cuvier-circuit2,cuvier-1856,7
cuvier-circuit2,cuvier-1857,8
cuvier-circuit2,cuvier-1858,9
cuvier-circuit2,cuvier-1859,10
cuvier-circuit2,cuvier-1860,11
cuvier-circuit2,cuvier-1861,12
cuvier-circuit2,cuvier-1862,13
cuvier-circuit2,cuvier-1863,14
cuvier-circuit2,cuvier-1864,15
cuvier-circuit2,cuvier-1865,16
cuvier-circuit2,cuvier-1866,17
cuvier-circuit2,cuvier-1867,18
cuvier-circuit2,cuvier-1868,19
cuvier-circuit2,cuvier-1869,20
cuvier-circuit2,cuvier-1870,21
cuvier-circuit2,cuvier-1871,22
cuvier-circuit2,cuvier-1872,23
cuvier-circuit2,cuvier-1873,24
cuvier-circuit2,cuvier-1874,25
cuvier-circuit2,cuvier-1875,26
cuvier-circuit2,cuvier-1876,27
cuvier-circuit2,cuvier-1877,28
cuvier-circuit2,cuvier-1878,29
cuvier-circuit2,cuvier-1879,30
cuvier-circuit2,cuvier-1880,31
cuvier-circuit2,cuvier-1881,32
cuvier-circuit2,cuvier-1882,33
cuvier-circuit2,cuvier-1883,34
cuvier-circuit2,cuvier-1884,35
cuvier-circuit2,cuvier-1885,36
cuvier-circuit2,cuvier-1886,37
cuvier-circuit2,cuvier-1887,38
cuvier-circuit2,cuvier-1888,39
cuvier-circuit2,cuvier-1889,40
cuvier-circuit2,cuvier-1890,41
cuvier-circuit2,cuvier-1891,42
cuvier-circuit2,cuvier-1892,43
cuvier-circuit2,cuvier-1893,44
cuvier-circuit2,cuvier-1894,45
cuvier-circuit2,cuvier-1895,46
cuvier-circuit2,cuvier-1896,47
cuvier-circuit2,cuvier-1897,48
cuvier-circuit2,cuvier-1898,49
cuvier-circuit2,cuvier-1899,50
cuvier-circuit5,cuvier-1900,1
cuvier-circuit5,cuvier-1901,2
cuvier-circuit5,cuvier-1902,3
cuvier-circuit5,cuvier-1903,3 bis
cuvier-circuit5,cuvier-1904,4
cuvier-circuit5,cuvier-1905,5
cuvier-circuit5,cuvier-1906,6
cuvier-circuit5,cuvier-1907,7
cuvier-circuit5,cuvier-1908,8
cuvier-circuit5,cuvier-1909,9
cuvier-circuit5,cuvier-1910,10
cuvier-circuit5,cuvier-1912,11
cuvier-circuit5,cuvier-1913,12
cuvier-circuit5,cuvier-1911,13
cuvier-circuit5,cuvier-1914,14
cuvier-circuit5,cuvier-1915,15
cuvier-circuit5,cuvier-1916,16
cuvier-circuit5,cuvier-1917,17
cuvier-circuit5,cuvier-1918,17 bis
cuvier-circuit5,cuvier-1919,18
cuvier-circuit5,cuvier-1920,19
cuvier-circuit5,cuvier-1921,20
cuvier-circuit5,cuvier-1922,21
cuvier-circuit5,cuvier-1923,22
cuvier-circuit5,cuvier-1924,23
cuvier-circuit5,cuvier-1925,24
cuvier-circuit5,cuvier-1926,25
cuvier-circuit5,cuvier-1927,26
cuvier-circuit5,cuvier-1928,27
cuvier-circuit5,cuvier-1929,28
cuvier-circuit5,cuvier-1930,29
cuvier-circuit5,cuvier-1931,30
cuvier-circuit5,cuvier-1932,31
cuvier-circuit5,cuvier-1933,32
cuvier-circuit5,cuvier-1934,33
cuvier-circuit5,cuvier-1935,34
cuvier-circuit5,cuvier-1936,35
cuvier-circuit5,cuvier-1937,36
cuvier-circuit5,cuvier-1938,37
cuvier-circuit5,cuvier-1939,38
cuvier-circuit5,cuvier-1940,39
cuvier-circuit5,cuvier-1941,40
cuvier-circuit5,cuvier-1942,41
cuvier-circuit5,cuvier-1943,42
cuvier-circuit5,cuvier-1944,43
cuvier-circuit5,cuvier-14463,43 bis
cuvier-circuit5,cuvier-1945,44
cuvier-circuit5,cuvier-1946,45
cuvier-circuit5,cuvier-1947,46
cuvier-circuit5,cuvier-1948,47
cuvier-circuit5,cuvier-1949,48
cuvier-circuit6,cuvier-1950,1
cuvier-circuit6,cuvier-1951,2
cuvier-circuit6,cuvier-1952,3
cuvier-circuit6,cuvier-1953,4
cuvier-circuit6,cuvier-1954,5
cuvier-circuit6,cuvier-1955,6
cuvier-circuit6,cuvier-1956,7
cuvier-circuit6,cuvier-1957,8
cuvier-circuit6,cuvier-24365,9
cuvier-circuit6,cuvier-1958,10
cuvier-circuit6,cuvier-1959,11
cuvier-circuit6,cuvier-1960,12
cuvier-circuit6,cuvier-1961,13
cuvier-circuit6,cuvier-1962,14
cuvier-circuit6,cuvier-1963,15
cuvier-circuit6,cuvier-1964,16
cuvier-circuit6,cuvier-1965,17
cuvier-circuit6,cuvier-1966,18
cuvier-circuit6,cuvier-1967,19
cuvier-circuit6,cuvier-1968,20
cuvier-circuit6,cuvier-1491,21
cuvier-circuit6,cuvier-2128,22
cuvier-circuit6,cuvier-1971,23
cuvier-circuit6,cuvier-1972,24
cuvier-circuit6,cuvier-1973,25
cuvier-circuit6,cuvier-1974,26
cuvier-circuit6,cuvier-1975,27
cuvier-circuit6,cuvier-1976,28
cuvier-circuit6,cuvier-1977,29
cuvier-circuit6,cuvier-1980,30
cuvier-circuit6,cuvier-1979,31
cuvier-circuit6,cuvier-1978,32
cuvier-circuit6,cuvier-1981,33
cuvier-circuit6,cuvier-1982,34
cuvier-circuit6,cuvier-1507,35
cuvier-circuit6,cuvier-1984,36
cuvier-circuit6,cuvier-1985,37
cuvier-circuit6,cuvier-1986,38
cuvier-circuit6,cuvier-1987,39
cuvier-circuit6,cuvier-1988,40
cuvier-circuit6,cuvier-1989,41
cuvier-circuit6,cuvier-1990,42
cuvier-circuit7,cuvier-4110,1
cuvier-circuit7,cuvier-4111,2
cuvier-circuit7,cuvier-4112,3
cuvier-circuit7,cuvier-8334,4
cuvier-circuit7,cuvier-4114,5
cuvier-circuit7,cuvier-4115,6
cuvier-circuit7,cuvier-4116,7
cuvier-circuit7,cuvier-4117,8
cuvier-circuit7,cuvier-4118,9
cuvier-circuit7,cuvier-4119,10
cuvier-circuit7,cuvier-4120,11
cuvier-circuit7,cuvier-4121,12
cuvier-circuit7,cuvier-4122,13
cuvier-circuit7,cuvier-4123,14
cuvier-circuit7,cuvier-4124,15
cuvier-circuit7,cuvier-4125,16
cuvier-circuit7,cuvier-4126,17
cuvier-circuit7,cuvier-24367,18
cuvier-circuit7,cuvier-4128,19
cuvier-circuit7,cuvier-4129,20
cuvier-circuit7,cuvier-16171,21
cuvier-circuit7,cuvier-4132,22
cuvier-circuit7,cuvier-4130,22 bis
cuvier-circuit7,cuvier-4133,23
cuvier-circuit7,cuvier-4134,24
cuvier-circuit7,cuvier-4135,25
cuvier-circuit7,cuvier-4136,26
cuvier-circuit7,cuvier-4137,27
cuvier-circuit7,cuvier-4140,28
cuvier-circuit7,cuvier-1535,29
cuvier-circuit7,cuvier-4142,30
cuvier-circuit8,cuvier-1992,1
cuvier-circuit8,cuvier-1993,2
cuvier-circuit8,cuvier-261,2 bis
cuvier-circuit8,cuvier-1994,3
cuvier-circuit8,cuvier-1995,3 bis
cuvier-circuit8,cuvier-1991,4
cuvier-circuit8,cuvier-229,4 bis
cuvier-circuit8,cuvier-191,5
cuvier-circuit8,cuvier-1996,6
cuvier-circuit8,cuvier-186,6 bis
cuvier-circuit8,cuvier-253,6 ter
cuvier-circuit8,cuvier-264,6 quat
cuvier-circuit8,cuvier-1997,7
cuvier-circuit8,cuvier-1998,8
cuvier-circuit8,cuvier-1999,9
cuvier-circuit8,cuvier-2000,9 bis
cuvier-circuit8,cuvier-210,9 ter
cuvier-circuit8,cuvier-214,10
cuvier-circuit8,cuvier-2001,10 bis
cuvier-circuit8,cuvier-2002,11
cuvier-circuit8,cuvier-2003,11 bis
cuvier-circuit8,cuvier-1145,12
cuvier-circuit8,cuvier-202,13
cuvier-circuit8,cuvier-2004,14
cuvier-circuit8,cuvier-2005,15
cuvier-circuit8,cuvier-2006,16
cuvier-circuit8,cuvier-248,17
avon-circuit204,avon-5512,1
avon-circuit204,avon-13004,2
avon-circuit204,avon-13747,3
avon-circuit204,avon-5532,4
avon-circuit204,avon-5514,5
avon-circuit204,avon-13748,6
avon-circuit204,avon-13749,7
avon-circuit204,avon-13750,8
avon-circuit204,avon-13751,9
avon-circuit204,avon-13752,10
avon-circuit204,avon-13753,11
avon-circuit204,avon-13754,11 bis
avon-circuit204,avon-5516,12
avon-circuit204,avon-13755,12 bis
avon-circuit204,avon-13756,13
avon-circuit204,avon-5520,14
avon-circuit204,avon-5521,15
avon-circuit204,avon-13757,16
avon-circuit204,avon-13758,17
avon-circuit204,avon-5522,18
avon-circuit204,avon-13759,18 bis
avon-circuit204,avon-5528,19
avon-circuit204,avon-5526,20
avon-circuit204,avon-5527,20 bis
avon-circuit204,avon-5525,20 ter
avon-circuit204,avon-13760,21
avon-circuit204,avon-5523,22
avon-circuit204,avon-5524,23
avon-circuit204,avon-5529,24
avon-circuit204,avon-300680,25
avon-circuit204,avon-5530,26
avon-circuit288,avon-18709,D
avon-circuit288,avon-18573,1
avon-circuit288,avon-18699,2
avon-circuit288,avon-18691,3
avon-circuit288,avon-18692,4
avon-circuit288,avon-18693,5
avon-circuit288,avon-18694,6
avon-circuit288,avon-18695,7
avon-circuit288,avon-18696,8
avon-circuit288,avon-18697,9
avon-circuit288,avon-18698,10
raymond-circuit53,raymond-5182,1
raymond-circuit53,raymond-5183,2
raymond-circuit53,raymond-5184,3
raymond-circuit53,raymond-5185,4
raymond-circuit53,raymond-5186,5
raymond-circuit53,raymond-5187,6
raymond-circuit53,raymond-5188,7
raymond-circuit53,raymond-5189,8
raymond-circuit53,raymond-5190,9
raymond-circuit53,raymond-5191,10
raymond-circuit53,raymond-5192,11
raymond-circuit53,raymond-5193,12
raymond-circuit53,raymond-5194,13
raymond-circuit53,raymond-5195,14
raymond-circuit53,raymond-5196,15
raymond-circuit53,raymond-5197,16
raymond-circuit53,raymond-5198,17
raymond-circuit53,raymond-5199,18
raymond-circuit53,raymond-5200,19
raymond-circuit53,raymond-5201,20
raymond-circuit53,raymond-5202,21
raymond-circuit53,raymond-5203,22
raymond-circuit53,raymond-5204,23
raymond-circuit53,raymond-5205,24
raymond-circuit53,raymond-5206,25
raymond-circuit53,raymond-5207,26
raymond-circuit53,raymond-5208,27
raymond-circuit53,raymond-5209,28
raymond-circuit53,raymond-5210,29
raymond-circuit53,raymond-5211,30
butteauxdames-circuit357,butteauxdames-308069,1
butteauxdames-circuit357,butteauxdames-308070,2
butteauxdames-circuit357,butteauxdames-308071,3
butteauxdames-circuit357,butteauxdames-308072,4
butteauxdames-circuit357,butteauxdames-308073,5
butteauxdames-circuit357,butteauxdames-308074,6
butteauxdames-circuit357,butteauxdames-308075,7
butteauxdames-circuit357,butteauxdames-308079,8
butteauxdames-circuit357,butteauxdames-308081,9
butteauxdames-circuit357,butteauxdames-308082,10
butteauxdames-circuit357,butteauxdames-308083,11
butteauxdames-circuit357,butteauxdames-308085,12
butteauxdames-circuit357,butteauxdames-308086,13
butteauxdames-circuit357,butteauxdames-308087,14
butteauxdames-circuit357,butteauxdames-308088,14 bis
butteauxdames-circuit357,butteauxdames-308089,15
butteauxdames-circuit357,butteauxdames-308090,16
butteauxdames-circuit357,butteauxdames-308091,17
butteauxdames-circuit357,butteauxdames-308092,18
butteauxdames-circuit357,butteauxdames-308093,19
butteauxdames-circuit357,butteauxdames-308094,20
butteauxdames-circuit357,butteauxdames-308095,20 bis
butteauxdames-circuit357,butteauxdames-308096,21
butteauxdames-circuit357,butteauxdames-308097,22
butteauxdames-circuit357,butteauxdames-308098,23
butteauxdames-circuit357,butteauxdames-308099,23 bis
butteauxdames-circuit357,butteauxdames-308100,24
butteauxdames-circuit357,butteauxdames-308101,25
butteauxdames-circuit357,butteauxdames-308102,26
butteauxdames-circuit357,butteauxdames-308103,26 bis
butteauxdames-circuit357,butteauxdames-308104,27
butteauxdames-circuit357,butteauxdames-308105,28
butteauxdames-circuit357,butteauxdames-308106,29
butteauxdames-circuit357,butteauxdames-308107,30
butteauxdames-circuit357,butteauxdames-308108,31
butteauxdames-circuit357,butteauxdames-308109,32
butteauxdames-circuit357,butteauxdames-308110,33
butteauxdames-circuit357,butteauxdames-308111,34
butteauxdames-circuit357,butteauxdames-308112,35
butteauxdames-circuit357,butteauxdames-308113,36
butteauxdames-circuit357,butteauxdames-308114,37
butteauxdames-circuit357,butteauxdames-308115,38
butteauxdames-circuit357,butteauxdames-308116,38 bis
butteauxdames-circuit357,butteauxdames-308117,39
butteauxdames-circuit357,butteauxdames-308118,40
butteauxdames-circuit357,butteauxdames-308119,41
butteauxdames-circuit357,butteauxdames-308120,42
butteauxdames-circuit357,butteauxdames-308121,43
butteauxdames-circuit357,butteauxdames-308122,43 bis
butteauxdames-circuit357,butteauxdames-308123,44
butteauxdames-circuit357,butteauxdames-308124,45
butteauxdames-circuit357,butteauxdames-308125,46
butteauxdames-circuit357,butteauxdames-308126,47
butteauxdames-circuit357,butteauxdames-308127,48
butteauxdames-circuit357,butteauxdames-308128,49
butteauxdames-circuit357,butteauxdames-308129,50
butteauxdames-circuit313,butteauxdames-23211,1
butteauxdames-circuit313,butteauxdames-23212,2
butteauxdames-circuit313,butteauxdames-23213,3
butteauxdames-circuit313,butteauxdames-23214,4
butteauxdames-circuit313,butteauxdames-23215,5
butteauxdames-circuit313,butteauxdames-23216,6
butteauxdames-circuit313,butteauxdames-23217,7
butteauxdames-circuit313,butteauxdames-23218,8
butteauxdames-circuit313,butteauxdames-23219,9
butteauxdames-circuit313,butteauxdames-23220,10
butteauxdames-circuit313,butteauxdames-23253,10 bis
butteauxdames-circuit313,butteauxdames-23257,10 ter
butteauxdames-circuit313,butteauxdames-23221,11
butteauxdames-circuit313,butteauxdames-23256,11 bis
butteauxdames-circuit313,butteauxdames-23222,12
butteauxdames-circuit313,butteauxdames-23223,13
butteauxdames-circuit313,butteauxdames-23224,14
butteauxdames-circuit313,butteauxdames-23225,15
butteauxdames-circuit313,butteauxdames-23226,16
butteauxdames-circuit313,butteauxdames-23227,17
butteauxdames-circuit313,butteauxdames-23228,18
butteauxdames-circuit313,butteauxdames-23229,19
butteauxdames-circuit313,butteauxdames-23230,20
butteauxdames-circuit313,butteauxdames-23231,21
butteauxdames-circuit313,butteauxdames-23232,22
butteauxdames-circuit313,butteauxdames-23175,22 bis
butteauxdames-circuit313,butteauxdames-23233,23
butteauxdames-circuit313,butteauxdames-23254,23 bis
butteauxdames-circuit313,butteauxdames-23234,24
butteauxdames-circuit313,butteauxdames-23235,25
butteauxdames-circuit313,butteauxdames-23236,26
butteauxdames-circuit313,butteauxdames-23237,27
butteauxdames-circuit313,butteauxdames-23238,28
butteauxdames-circuit313,butteauxdames-23239,29
butteauxdames-circuit313,butteauxdames-23240,30
butteauxdames-circuit313,butteauxdames-23241,31
butteauxdames-circuit313,butteauxdames-23242,32
butteauxdames-circuit313,butteauxdames-23243,33
butteauxdames-circuit313,butteauxdames-23244,34
butteauxdames-circuit313,butteauxdames-23245,35
butteauxdames-circuit313,butteauxdames-23248,36
butteauxdames-circuit313,butteauxdames-23194,37
butteauxdames-circuit313,butteauxdames-23250,38
butteauxdames-circuit312,butteauxdames-23151,1
butteauxdames-circuit312,butteauxdames-23152,2
butteauxdames-circuit312,butteauxdames-23153,3
butteauxdames-circuit312,butteauxdames-23154,4
butteauxdames-circuit312,butteauxdames-23155,5
butteauxdames-circuit312,butteauxdames-23156,6
butteauxdames-circuit312,butteauxdames-23157,7
butteauxdames-circuit312,butteauxdames-23158,8
butteauxdames-circuit312,butteauxdames-23159,9
butteauxdames-circuit312,butteauxdames-23160,10
butteauxdames-circuit312,butteauxdames-23161,11
butteauxdames-circuit312,butteauxdames-23162,12
butteauxdames-circuit312,butteauxdames-23163,13
butteauxdames-circuit312,butteauxdames-23164,14
butteauxdames-circuit312,butteauxdames-23165,15
butteauxdames-circuit312,butteauxdames-23166,16
butteauxdames-circuit312,butteauxdames-23167,17
butteauxdames-circuit312,butteauxdames-23168,18
butteauxdames-circuit312,butteauxdames-23169,19
butteauxdames-circuit312,butteauxdames-23170,20
butteauxdames-circuit312,butteauxdames-23198,20 bis
butteauxdames-circuit312,butteauxdames-23171,21
butteauxdames-circuit312,butteauxdames-23172,22
butteauxdames-circuit312,butteauxdames-23173,23
butteauxdames-circuit312,butteauxdames-23174,24
butteauxdames-circuit312,butteauxdames-22992,25
butteauxdames-circuit312,butteauxdames-23176,26
butteauxdames-circuit312,butteauxdames-24316,26 bis
butteauxdames-circuit312,butteauxdames-23177,27
butteauxdames-circuit312,butteauxdames-23178,28
butteauxdames-circuit312,butteauxdames-23179,29
butteauxdames-circuit312,butteauxdames-23180,30
butteauxdames-circuit312,butteauxdames-23196,30 bis
butteauxdames-circuit312,butteauxdames-23181,31
butteauxdames-circuit312,butteauxdames-23182,32
butteauxdames-circuit312,butteauxdames-23183,33
butteauxdames-circuit312,butteauxdames-23184,34
butteauxdames-circuit312,butteauxdames-23185,35
butteauxdames-circuit312,butteauxdames-23186,36
butteauxdames-circuit312,butteauxdames-192763,37
butteauxdames-circuit312,butteauxdames-23188,38
butteauxdames-circuit312,butteauxdames-23197,38 bis
butteauxdames-circuit312,butteauxdames-23189,39
butteauxdames-circuit312,butteauxdames-23190,40
butteauxdames-circuit312,butteauxdames-23191,41
butteauxdames-circuit312,butteauxdames-23192,42
butteauxdames-circuit312,butteauxdames-23193,43
butteauxdames-circuit312,butteauxdames-23200,44
butteauxdames-circuit312,butteauxdames-23195,45
butteauxdames-circuit305,butteauxdames-22971,1
butteauxdames-circuit305,butteauxdames-22972,2
butteauxdames-circuit305,butteauxdames-22973,3
butteauxdames-circuit305,butteauxdames-22974,4
butteauxdames-circuit305,butteauxdames-22975,5
butteauxdames-circuit305,butteauxdames-22976,6
butteauxdames-circuit305,butteauxdames-22977,7
butteauxdames-circuit305,butteauxdames-22978,8
butteauxdames-circuit305,butteauxdames-22979,9
butteauxdames-circuit305,butteauxdames-22980,10
butteauxdames-circuit305,butteauxdames-22981,11
butteauxdames-circuit305,butteauxdames-22982,12
butteauxdames-circuit305,butteauxdames-22983,13
butteauxdames-circuit305,butteauxdames-22984,14
butteauxdames-circuit305,butteauxdames-22985,15
butteauxdames-circuit305,butteauxdames-22986,16
butteauxdames-circuit305,butteauxdames-23012,16 bis
butteauxdames-circuit305,butteauxdames-23014,16 ter
butteauxdames-circuit305,butteauxdames-22987,17
butteauxdames-circuit305,butteauxdames-22988,18
butteauxdames-circuit305,butteauxdames-22989,19
butteauxdames-circuit305,butteauxdames-22970,19 bis
butteauxdames-circuit305,butteauxdames-22990,20
butteauxdames-circuit305,butteauxdames-22991,21
butteauxdames-circuit305,butteauxdames-23201,22
butteauxdames-circuit305,butteauxdames-22993,23
butteauxdames-circuit305,butteauxdames-22994,24
butteauxdames-circuit305,butteauxdames-23209,25
butteauxdames-circuit305,butteauxdames-22995,26
butteauxdames-circuit305,butteauxdames-22996,26 bis
butteauxdames-circuit305,butteauxdames-22997,27
butteauxdames-circuit305,butteauxdames-24317,27 bis
butteauxdames-circuit305,butteauxdames-22998,28
butteauxdames-circuit305,butteauxdames-22999,29
butteauxdames-circuit305,butteauxdames-23000,30
butteauxdames-circuit305,butteauxdames-23001,31
butteauxdames-circuit305,butteauxdames-23004,32
butteauxdames-circuit305,butteauxdames-23005,33
butteauxdames-circuit305,butteauxdames-23006,34
butteauxdames-circuit305,butteauxdames-23016,34 bis
butteauxdames-circuit305,butteauxdames-23007,35
butteauxdames-circuit305,butteauxdames-23008,36
butteauxdames-circuit305,butteauxdames-23009,37
butteauxdames-circuit305,butteauxdames-23013,38
butteauxdames-circuit305,butteauxdames-23010,39
butteauxdames-circuit305,butteauxdames-23011,40
rochesnoires-circuit355,rochesnoires-213027,1
rochesnoires-circuit355,rochesnoires-144539,2
rochesnoires-circuit355,rochesnoires-307496,2 bis
rochesnoires-circuit355,rochesnoires-307497,3
rochesnoires-circuit355,rochesnoires-222539,3 bis
rochesnoires-circuit355,rochesnoires-290090,4
rochesnoires-circuit355,rochesnoires-153683,5
rochesnoires-circuit355,rochesnoires-307532,6
rochesnoires-circuit355,rochesnoires-307535,7
rochesnoires-circuit355,rochesnoires-309588,7 bis
rochesnoires-circuit355,rochesnoires-307536,8
rochesnoires-circuit355,rochesnoires-188802,8 bis
rochesnoires-circuit355,rochesnoires-89769,9
rochesnoires-circuit355,rochesnoires-307569,10
rochesnoires-circuit355,rochesnoires-307574,11
rochesnoires-circuit355,rochesnoires-267423,11 bis
rochesnoires-circuit355,rochesnoires-307573,12
rochesnoires-circuit355,rochesnoires-307568,13
rochesnoires-circuit355,rochesnoires-307572,14
rochesnoires-circuit355,rochesnoires-307577,15
rochesnoires-circuit355,rochesnoires-307576,16
rochesnoires-circuit355,rochesnoires-307585,17
rochesnoires-circuit355,rochesnoires-307499,18
rochesnoires-circuit355,rochesnoires-307586,19
rochesnoires-circuit355,rochesnoires-307587,20
rochesnoires-circuit355,rochesnoires-307588,20 bis
rochesnoires-circuit355,rochesnoires-6841,21
rochesnoires-circuit355,rochesnoires-307589,22
rochesnoires-circuit134,rochesnoires-6821,1
rochesnoires-circuit134,rochesnoires-6822,2
rochesnoires-circuit134,rochesnoires-307495,2 bis
rochesnoires-circuit134,rochesnoires-6823,3
rochesnoires-circuit134,rochesnoires-113627,3 bis
rochesnoires-circuit134,rochesnoires-6824,4
rochesnoires-circuit134,rochesnoires-6825,5
rochesnoires-circuit134,rochesnoires-307531,5 bis
rochesnoires-circuit134,rochesnoires-308043,6
rochesnoires-circuit134,rochesnoires-6827,7
rochesnoires-circuit134,rochesnoires-6828,8
rochesnoires-circuit134,rochesnoires-6829,9
rochesnoires-circuit134,rochesnoires-6830,10
rochesnoires-circuit134,rochesnoires-6831,11
rochesnoires-circuit134,rochesnoires-6832,12
rochesnoires-circuit134,rochesnoires-6833,13
rochesnoires-circuit134,rochesnoires-307570,13 bis
rochesnoires-circuit134,rochesnoires-307575,14
rochesnoires-circuit134,rochesnoires-6834,14 bis
rochesnoires-circuit134,rochesnoires-6835,15
rochesnoires-circuit134,rochesnoires-6836,16
rochesnoires-circuit134,rochesnoires-6837,17
rochesnoires-circuit134,rochesnoires-6838,18
rochesnoires-circuit134,rochesnoires-6839,19
rochesnoires-circuit134,rochesnoires-6840,20
rochesnoires-circuit134,rochesnoires-309508,21
rochesnoires-circuit134,rochesnoires-6842,22
rochesnoires-circuit134,rochesnoires-6869,22 bis
rochesnoires-circuit134,rochesnoires-6843,23
rochesnoires-circuit134,rochesnoires-6844,24
rochesnoires-circuit134,rochesnoires-6845,25
rochesnoires-circuit134,rochesnoires-6846,26
rochesnoires-circuit134,rochesnoires-307491,26 bis
rochesnoires-circuit134,rochesnoires-6847,27
rochesnoires-circuit134,rochesnoires-6848,28
rochesnoires-circuit134,rochesnoires-75056,28 bis
rochesnoires-circuit135,rochesnoires-6854,1
rochesnoires-circuit135,rochesnoires-6855,2
rochesnoires-circuit135,rochesnoires-6856,3
rochesnoires-circuit135,rochesnoires-307530,3 bis
rochesnoires-circuit135,rochesnoires-6857,4
rochesnoires-circuit135,rochesnoires-307529,4 bis
rochesnoires-circuit135,rochesnoires-6858,5
rochesnoires-circuit135,rochesnoires-307533,5 bis
rochesnoires-circuit135,rochesnoires-6853,6
rochesnoires-circuit135,rochesnoires-6826,6 bis
rochesnoires-circuit135,rochesnoires-6861,7
rochesnoires-circuit135,rochesnoires-6862,8
rochesnoires-circuit135,rochesnoires-6866,9
rochesnoires-circuit135,rochesnoires-6859,10
rochesnoires-circuit135,rochesnoires-6860,11
rochesnoires-circuit135,rochesnoires-6867,12
rochesnoires-circuit135,rochesnoires-6863,13
rochesnoires-circuit135,rochesnoires-6864,14
rochesnoires-circuit135,rochesnoires-6865,15
rochesnoires-circuit135,rochesnoires-64108,15 bis
rochesnoires-circuit135,rochesnoires-6868,16
rochesnoires-circuit135,rochesnoires-6873,17
rochesnoires-circuit135,rochesnoires-6872,18
rochesnoires-circuit135,rochesnoires-6874,19
rochesnoires-circuit135,rochesnoires-307493,19 bis
rochesnoires-circuit135,rochesnoires-6877,20
jean-circuit362,jean-309587,1
jean-circuit362,jean-309586,2
jean-circuit362,jean-309585,3
jean-circuit362,jean-309584,4
jean-circuit362,jean-309583,5
jean-circuit362,jean-309582,6
jean-circuit362,jean-12306,6 bis
jean-circuit362,jean-309581,7
jean-circuit362,jean-12309,8
jean-circuit362,jean-309580,9
jean-circuit362,jean-12311,10
jean-circuit362,jean-309579,11
jean-circuit362,jean-12312,12
jean-circuit362,jean-309578,13
jean-circuit362,jean-309577,14
jean-circuit362,jean-12315,15
jean-circuit362,jean-309576,16
jean-circuit362,jean-309575,17
jean-circuit362,jean-309565,18
jean-circuit362,jean-12348,19
jean-circuit362,jean-12347,20
jean-circuit362,jean-309574,21
jean-circuit362,jean-12349,22
jean-circuit362,jean-12324,23
jean-circuit362,jean-12323,24
jean-circuit362,jean-309573,25
jean-circuit362,jean-309572,26
jean-circuit362,jean-309571,27
jean-circuit362,jean-309570,28
jean-circuit362,jean-12330,29
jean-circuit362,jean-309568,30
jean-circuit254,jean-309561,1
jean-circuit254,jean-309560,2
jean-circuit254,jean-309090,2 bis
jean-circuit254,jean-309559,3
jean-circuit254,jean-12305,4
jean-circuit254,jean-309558,4 bis
jean-circuit254,jean-12307,5
jean-circuit254,jean-12308,6
jean-circuit254,jean-12338,7
jean-circuit254,jean-12310,8
jean-circuit254,jean-12339,8 bis
jean-circuit254,jean-309557,9
jean-circuit254,jean-12340,10
jean-circuit254,jean-193837,10 bis
jean-circuit254,jean-309556,11
jean-circuit254,jean-12313,12
jean-circuit254,jean-12314,13
jean-circuit254,jean-309555,14
jean-circuit254,jean-12316,15
jean-circuit254,jean-12317,16
jean-circuit254,jean-12318,16 bis
jean-circuit254,jean-12319,17
jean-circuit254,jean-12342,18
jean-circuit254,jean-12320,19
jean-circuit254,jean-12321,20
jean-circuit254,jean-12343,20 bis
jean-circuit254,jean-12345,21
jean-circuit254,jean-12346,21 bis
jean-circuit254,jean-309562,22
jean-circuit254,jean-309549,22 bis
jean-circuit254,jean-309554,23
jean-circuit254,jean-12325,23 bis
jean-circuit254,jean-12326,23 ter
jean-circuit254,jean-12322,24
jean-circuit254,jean-12327,25
jean-circuit254,jean-309548,26
jean-circuit254,jean-12328,27
jean-circuit254,jean-12329,28
jean-circuit254,jean-12331,29
jean-circuit254,jean-12332,30
jean-circuit254,jean-12351,31
jean-circuit254,jean-12334,31 bis
jean-circuit254,jean-309546,32
jean-circuit254,jean-309547,32 bis
restantsud-circuit345,restantsud-32393,1
restantsud-circuit345,restantsud-218051,2
restantsud-circuit345,restantsud-199795,3
restantsud-circuit345,restantsud-162027,4
restantsud-circuit345,restantsud-297474,5
restantsud-circuit345,restantsud-306444,6
restantsud-circuit345,restantsud-217703,7
restantsud-circuit345,restantsud-24830,8
restantsud-circuit345,restantsud-182938,9
restantsud-circuit345,restantsud-233336,9 bis
restantsud-circuit345,restantsud-72579,9 ter
restantsud-circuit345,restantsud-86854,10
restantsud-circuit345,restantsud-239680,11
restantsud-circuit345,restantsud-152344,11 bis
restantsud-circuit345,restantsud-67889,12
restantsud-circuit345,restantsud-179683,13
restantsud-circuit345,restantsud-239297,14
restantsud-circuit345,restantsud-24837,15
restantsud-circuit345,restantsud-46996,16
restantsud-circuit345,restantsud-311609,16 bis
restantsud-circuit345,restantsud-280895,17
restantsud-circuit345,restantsud-95716,18
restantsud-circuit345,restantsud-104233,18 bis
restantsud-circuit345,restantsud-38846,18 ter
restantsud-circuit345,restantsud-173656,19
restantsud-circuit345,restantsud-131563,20
restantsud-circuit345,restantsud-243287,21
restantsud-circuit345,restantsud-68910,21 bis
restantsud-circuit345,restantsud-24848,22
restantsud-circuit345,restantsud-103383,23
restantsud-circuit345,restantsud-167389,24
restantsud-circuit345,restantsud-61078,24 bis
restantsud-circuit345,restantsud-95897,25
restantsud-circuit345,restantsud-203868,26
restantsud-circuit345,restantsud-249427,27
restantsud-circuit345,restantsud-265962,28
restantsud-circuit345,restantsud-24857,29
restantsud-circuit299,restantsud-24822,1
restantsud-circuit299,restantsud-24823,2
restantsud-circuit299,restantsud-24824,3
restantsud-circuit299,restantsud-24826,4
restantsud-circuit299,restantsud-24825,4 bis
restantsud-circuit299,restantsud-24827,5
restantsud-circuit299,restantsud-24828,6
restantsud-circuit299,restantsud-24829,7
restantsud-circuit299,restantsud-24831,8
restantsud-circuit299,restantsud-55875,8 bis
restantsud-circuit299,restantsud-24832,9
restantsud-circuit299,restantsud-306293,10
restantsud-circuit299,restantsud-306294,10 bis
restantsud-circuit299,restantsud-24833,11
restantsud-circuit299,restantsud-24834,12
restantsud-circuit299,restantsud-24836,13
restantsud-circuit299,restantsud-24838,14
restantsud-circuit299,restantsud-24839,15
restantsud-circuit299,restantsud-306295,16
restantsud-circuit299,restantsud-311608,16 bis
restantsud-circuit299,restantsud-24842,17
restantsud-circuit299,restantsud-24843,18
restantsud-circuit299,restantsud-24844,19
restantsud-circuit299,restantsud-24841,20
restantsud-circuit299,restantsud-24845,21
restantsud-circuit299,restantsud-72402,21 bis
restantsud-circuit299,restantsud-24846,22
restantsud-circuit299,restantsud-306354,22 bis
restantsud-circuit299,restantsud-24847,23
restantsud-circuit299,restantsud-24849,24
restantsud-circuit299,restantsud-24852,25
restantsud-circuit299,restantsud-24851,26
restantsud-circuit299,restantsud-24853,27
restantsud-circuit299,restantsud-24854,28
restantsud-circuit299,restantsud-24855,29
restantsud-circuit299,restantsud-24856,30
restantsud-circuit299,restantsud-24858,31
restantsud-circuit299,restantsud-306299,31 bis
ussy-circuit66,ussy-311619,1
ussy-circuit66,ussy-310586,2
ussy-circuit66,ussy-311618,3
ussy-circuit66,ussy-4272,3 bis
ussy-circuit66,ussy-4276,4
ussy-circuit66,ussy-4277,5
ussy-circuit66,ussy-4278,6
ussy-circuit66,ussy-4279,7
ussy-circuit66,ussy-4280,8
ussy-circuit66,ussy-4281,8 bis
ussy-circuit66,ussy-4282,8 ter
ussy-circuit66,ussy-4283,9
ussy-circuit66,ussy-4284,10
ussy-circuit66,ussy-4285,11
ussy-circuit66,ussy-4286,12
ussy-circuit66,ussy-4287,12 bis
ussy-circuit66,ussy-4288,13
ussy-circuit66,ussy-4289,13 bis
ussy-circuit66,ussy-4290,14
ussy-circuit66,ussy-4291,15
ussy-circuit66,ussy-4292,16
ussy-circuit66,ussy-4293,17
ussy-circuit66,ussy-4294,18
ussy-circuit66,ussy-4295,19
ussy-circuit66,ussy-4296,20
ussy-circuit66,ussy-4297,21
ussy-circuit66,ussy-4298,22
ussy-circuit66,ussy-4299,22 bis
ussy-circuit66,ussy-4300,23
ussy-circuit66,ussy-4301,24
ussy-circuit66,ussy-4302,25
ussy-circuit66,ussy-4303,26
ussy-circuit66,ussy-4304,27
ussy-circuit66,ussy-4305,28
ussy-circuit67,ussy-4306,1
ussy-circuit67,ussy-4307,2
ussy-circuit67,ussy-4308,3
ussy-circuit67,ussy-310543,4
ussy-circuit67,ussy-4310,5
ussy-circuit67,ussy-4311,6
ussy-circuit67,ussy-4312,7
ussy-circuit67,ussy-4271,8
ussy-circuit67,ussy-4313,9
ussy-circuit67,ussy-4315,10
ussy-circuit67,ussy-4316,11
ussy-circuit67,ussy-4317,12
ussy-circuit67,ussy-4275,12 bis
ussy-circuit67,ussy-4274,12 ter
ussy-circuit67,ussy-4318,13
ussy-circuit67,ussy-4319,14
ussy-circuit67,ussy-4320,15
ussy-circuit67,ussy-4321,16
ussy-circuit67,ussy-4322,17
ussy-circuit67,ussy-4324,18
ussy-circuit67,ussy-4323,19
ussy-circuit67,ussy-310568,20
ussy-circuit67,ussy-4326,21
ussy-circuit67,ussy-4327,22
ussy-circuit67,ussy-4328,23
ussy-circuit67,ussy-4329,24
ussy-circuit67,ussy-4330,25
ussy-circuit67,ussy-4331,26
ussy-circuit67,ussy-4332,27
ussy-circuit67,ussy-4333,28
ussy-circuit67,ussy-4334,29
ussy-circuit67,ussy-4335,30
ussy-circuit67,ussy-4336,31
ussy-circuit278,ussy-16071,1
ussy-circuit278,ussy-16072,2
ussy-circuit278,ussy-16073,3
ussy-circuit278,ussy-4309,4
ussy-circuit278,ussy-16075,5
ussy-circuit278,ussy-4314,6
ussy-circuit278,ussy-16077,7
ussy-circuit278,ussy-310569,8
ussy-circuit278,ussy-16080,9
ussy-circuit278,ussy-16081,10
ussy-circuit278,ussy-16082,11
ussy-circuit278,ussy-16083,12
ussy-circuit278,ussy-310492,13
ussy-circuit278,ussy-16084,14
ussy-circuit278,ussy-16085,15
ussy-circuit278,ussy-4325,16
ussy-circuit278,ussy-310491,17
ussy-circuit278,ussy-16089,18
ussy-circuit278,ussy-16090,19
ussy-circuit278,ussy-16093,20
ussy-circuit278,ussy-16094,21
ussy-circuit278,ussy-16095,22
ussy-circuit278,ussy-16096,23
ussy-circuit278,ussy-16098,24
ussy-circuit278,ussy-16100,25
ussy-circuit278,ussy-16101,26
ussy-circuit278,ussy-16102,27
ussy-circuit278,ussy-16104,28
ussy-circuit278,ussy-310570,29
ussy-circuit278,ussy-310571,30
ussy-circuit278,ussy-16105,31
ussy-circuit278,ussy-16103,32
ussy-circuit278,ussy-16074,33
ussy-circuit278,ussy-16106,34
ussy-circuit278,ussy-16107,35
ussy-circuit278,ussy-16108,36
ussy-circuit68,ussy-4337,1
ussy-circuit68,ussy-4338,2
ussy-circuit68,ussy-4339,3
ussy-circuit68,ussy-715,3 bis
ussy-circuit68,ussy-709,3 ter
ussy-circuit68,ussy-4340,4
ussy-circuit68,ussy-4341,5
ussy-circuit68,ussy-705,5 bis
ussy-circuit68,ussy-4342,6
ussy-circuit68,ussy-4343,7
ussy-circuit68,ussy-4344,8
ussy-circuit68,ussy-4345,9
ussy-circuit68,ussy-1196,9 bis
ussy-circuit68,ussy-22964,10
ussy-circuit68,ussy-2195,11
ussy-circuit68,ussy-713,11 bis
ussy-circuit68,ussy-308568,11 ter
ussy-circuit68,ussy-4347,12
ussy-circuit68,ussy-707,12 bis
ussy-circuit68,ussy-717,12 ter
ussy-circuit68,ussy-4348,13
ussy-circuit68,ussy-1194,13 bis
ussy-circuit68,ussy-4349,14
ussy-circuit68,ussy-4350,15
ussy-circuit68,ussy-4351,16
ussy-circuit68,ussy-703,16 bis
ussy-circuit68,ussy-4352,17
ussy-circuit68,ussy-4353,18
ussy-circuit68,ussy-1195,18 bis
ussy-circuit68,ussy-4354,19
ussy-circuit68,ussy-4355,20
ussy-circuit68,ussy-4356,21
ussy-circuit68,ussy-4357,22
ussy-circuit68,ussy-4358,22 bis
ussy-circuit68,ussy-4359,22 ter
ussy-circuit68,ussy-4360,23
ussy-circuit68,ussy-4361,23 bis
ussy-circuit68,ussy-4362,24
ussy-circuit68,ussy-4363,25
ussy-circuit68,ussy-24663,26
ussy-circuit68,ussy-4365,27
ussy-circuit68,ussy-4366,28
ussy-circuit68,ussy-714,28 bis
ussy-circuit68,ussy-11511,28 ter
ussy-circuit68,ussy-4367,29
ussy-circuit68,ussy-710,29 bis
ussy-circuit68,ussy-4368,30
ussy-circuit68,ussy-708,30 bis
ussy-circuit68,ussy-4369,31
ussy-circuit68,ussy-310585,31 bis
ussy-circuit68,ussy-4370,32
ussy-circuit68,ussy-704,32 bis
ussy-circuit68,ussy-4371,33
ussy-circuit68,ussy-712,33 bis
hautepierre-circuit369,hautepierre-309462,1
hautepierre-circuit369,hautepierre-309461,2
hautepierre-circuit369,hautepierre-309460,3
hautepierre-circuit369,hautepierre-309459,4
hautepierre-circuit369,hautepierre-309458,5
hautepierre-circuit369,hautepierre-309457,6
hautepierre-circuit369,hautepierre-309456,7
hautepierre-circuit369,hautepierre-309455,8
hautepierre-circuit369,hautepierre-309454,9
hautepierre-circuit369,hautepierre-309453,10
hautepierre-circuit369,hautepierre-309452,11
hautepierre-circuit369,hautepierre-309451,12
hautepierre-circuit369,hautepierre-309450,13
hautepierre-circuit369,hautepierre-309449,14
hautepierre-circuit369,hautepierre-309448,15
hautepierre-circuit369,hautepierre-309447,16
hautepierre-circuit369,hautepierre-309446,17
hautepierre-circuit369,hautepierre-309445,18
hautepierre-circuit369,hautepierre-309444,19
hautepierre-circuit369,hautepierre-309443,20
hautepierre-circuit369,hautepierre-309442,21
hautepierre-circuit369,hautepierre-309441,22
hautepierre-circuit369,hautepierre-309440,23
hautepierre-circuit368,hautepierre-309327,1
hautepierre-circuit368,hautepierre-309326,2
hautepierre-circuit368,hautepierre-309325,3
hautepierre-circuit368,hautepierre-309324,4
hautepierre-circuit368,hautepierre-309323,5
hautepierre-circuit368,hautepierre-309322,6
hautepierre-circuit368,hautepierre-309321,7
hautepierre-circuit368,hautepierre-309320,8
hautepierre-circuit368,hautepierre-309319,9
hautepierre-circuit368,hautepierre-309318,10
hautepierre-circuit368,hautepierre-309317,11
hautepierre-circuit368,hautepierre-309316,12
hautepierre-circuit368,hautepierre-309315,13
hautepierre-circuit368,hautepierre-309314,14
hautepierre-circuit368,hautepierre-309313,15
hautepierre-circuit368,hautepierre-309312,16
hautepierre-circuit368,hautepierre-309311,17
hautepierre-circuit368,hautepierre-309310,18
hautepierre-circuit368,hautepierre-309309,19
hautepierre-circuit368,hautepierre-309308,20
hautepierre-circuit368,hautepierre-309307,21
hautepierre-circuit368,hautepierre-309306,22
hautepierre-circuit368,hautepierre-309305,23
hautepierre-circuit368,hautepierre-309304,24
hautepierre-circuit368,hautepierre-309303,25
hautepierre-circuit368,hautepierre-309302,26
hautepierre-circuit368,hautepierre-309301,27
hautepierre-circuit368,hautepierre-309300,28
hautepierre-circuit367,hautepierre-309298,1
hautepierre-circuit367,hautepierre-309297,2
hautepierre-circuit367,hautepierre-309296,3
hautepierre-circuit367,hautepierre-309295,4
hautepierre-circuit367,hautepierre-309293,5
hautepierre-circuit367,hautepierre-309294,6
hautepierre-circuit367,hautepierre-309292,7
hautepierre-circuit367,hautepierre-309291,8
hautepierre-circuit367,hautepierre-309275,9
hautepierre-circuit367,hautepierre-309274,10
hautepierre-circuit367,hautepierre-309287,11
hautepierre-circuit367,hautepierre-309286,12
hautepierre-circuit367,hautepierre-309273,13
hautepierre-circuit367,hautepierre-309271,14
hautepierre-circuit367,hautepierre-309272,15
hautepierre-circuit367,hautepierre-309285,16
hautepierre-circuit367,hautepierre-309284,17
hautepierre-circuit367,hautepierre-309270,18
hautepierre-circuit367,hautepierre-309283,19
hautepierre-circuit367,hautepierre-19086,19 bis
hautepierre-circuit367,hautepierre-309290,20
hautepierre-circuit367,hautepierre-309288,21
hautepierre-circuit367,hautepierre-309289,22
hautepierre-circuit367,hautepierre-309299,23
hautepierre-circuit366,hautepierre-309258,1
hautepierre-circuit366,hautepierre-309257,2
hautepierre-circuit366,hautepierre-309256,3
hautepierre-circuit366,hautepierre-309255,4
hautepierre-circuit366,hautepierre-309254,5
hautepierre-circuit366,hautepierre-309253,6
hautepierre-circuit366,hautepierre-309252,7
hautepierre-circuit366,hautepierre-309251,8
hautepierre-circuit366,hautepierre-309250,9
hautepierre-circuit366,hautepierre-309249,10
hautepierre-circuit366,hautepierre-309248,11
hautepierre-circuit366,hautepierre-309247,12
hautepierre-circuit366,hautepierre-309246,13
hautepierre-circuit366,hautepierre-309245,14
hautepierre-circuit366,hautepierre-309244,15
hautepierre-circuit366,hautepierre-309243,16
hautepierre-circuit366,hautepierre-309242,17
hautepierre-circuit366,hautepierre-309241,18
hautepierre-circuit366,hautepierre-309259,19
hautepierre-circuit365,hautepierre-309239,1
hautepierre-circuit365,hautepierre-309238,2
hautepierre-circuit365,hautepierre-309237,3
hautepierre-circuit365,hautepierre-309235,4
hautepierre-circuit365,hautepierre-309234,5
hautepierre-circuit365,hautepierre-309233,6
hautepierre-circuit365,hautepierre-309210,7
hautepierre-circuit365,hautepierre-309232,8
hautepierre-circuit365,hautepierre-309231,9
hautepierre-circuit365,hautepierre-309229,10
hautepierre-circuit365,hautepierre-309230,11
hautepierre-circuit365,hautepierre-309211,12
hautepierre-circuit365,hautepierre-24571,13
hautepierre-circuit365,hautepierre-309212,14
hautepierre-circuit365,hautepierre-24573,15
hautepierre-circuit365,hautepierre-24574,16
hautepierre-circuit365,hautepierre-24569,17
hautepierre-circuit365,hautepierre-309228,18
hautepierre-circuit365,hautepierre-309227,19
hautepierre-circuit365,hautepierre-309226,20
hautepierre-circuit365,hautepierre-309224,21
hautepierre-circuit365,hautepierre-309225,22
hautepierre-circuit365,hautepierre-309223,23
hautepierre-circuit365,hautepierre-309213,24
hautepierre-circuit365,hautepierre-309222,25
hautepierre-circuit365,hautepierre-309221,26
hautepierre-circuit365,hautepierre-309220,27
hautepierre-circuit365,hautepierre-309752,28
hautepierre-circuit365,hautepierre-309219,29
hautepierre-circuit365,hautepierre-309214,30
hautepierre-circuit365,hautepierre-309218,31
hautepierre-circuit365,hautepierre-309217,32
hautepierre-circuit365,hautepierre-309216,33
hautepierre-circuit365,hautepierre-24568,34
hautepierre-circuit365,hautepierre-309209,35
pendu-circuit197,pendu-7231,1
pendu-circuit197,pendu-7232,2
pendu-circuit197,pendu-7233,3
pendu-circuit197,pendu-7234,4
pendu-circuit197,pendu-7235,5
pendu-circuit197,pendu-7236,6
pendu-circuit197,pendu-7237,7
pendu-circuit197,pendu-7238,8
pendu-circuit197,pendu-7239,9
pendu-circuit197,pendu-7240,10
pendu-circuit197,pendu-309854,11
pendu-circuit197,pendu-7242,12
pendu-circuit197,pendu-7243,13
pendu-circuit197,pendu-7244,14
pendu-circuit197,pendu-7245,15
pendu-circuit197,pendu-7246,16
pendu-circuit197,pendu-309847,17
pendu-circuit197,pendu-7248,18
pendu-circuit197,pendu-311051,19
pendu-circuit197,pendu-7249,20
pendu-circuit197,pendu-7250,21
pendu-circuit197,pendu-7252,22
pendu-circuit197,pendu-7253,23
pendu-circuit197,pendu-7254,23 bis
pendu-circuit197,pendu-311054,23 ter
pendu-circuit197,pendu-7255,24
pendu-circuit197,pendu-7256,25
pendu-circuit197,pendu-7257,25 bis
pendu-circuit197,pendu-7258,26
pendu-circuit197,pendu-7259,26 bis
pendu-circuit197,pendu-7260,27
pendu-circuit203,pendu-7261,1
pendu-circuit203,pendu-7262,2
pendu-circuit203,pendu-7263,3
pendu-circuit203,pendu-936,4
pendu-circuit203,pendu-7264,5
pendu-circuit203,pendu-7265,6
pendu-circuit203,pendu-7267,7
pendu-circuit203,pendu-310977,7 bis
pendu-circuit203,pendu-7268,8
pendu-circuit203,pendu-7269,9
pendu-circuit203,pendu-7272,10
pendu-circuit203,pendu-7271,11
pendu-circuit203,pendu-7270,12
pendu-circuit203,pendu-7274,13
pendu-circuit203,pendu-7275,14
pendu-circuit203,pendu-7276,15
pendu-circuit203,pendu-7277,16
pendu-circuit203,pendu-7278,17
pendu-circuit203,pendu-937,18
pendu-circuit203,pendu-7279,19
pendu-circuit203,pendu-7280,20
pendu-circuit203,pendu-7281,21
pendu-circuit203,pendu-938,22
pendu-circuit203,pendu-309849,23
pendu-circuit203,pendu-309848,24
pendu-circuit203,pendu-7282,25
telegraphe-circuit144,telegraphe-6774,1
telegraphe-circuit144,telegraphe-6775,2
telegraphe-circuit144,telegraphe-6776,3
telegraphe-circuit144,telegraphe-6777,4
telegraphe-circuit144,telegraphe-6778,5
telegraphe-circuit144,telegraphe-6779,6
telegraphe-circuit144,telegraphe-6780,7
telegraphe-circuit144,telegraphe-6781,8
telegraphe-circuit144,telegraphe-6782,9
telegraphe-circuit144,telegraphe-6783,10
telegraphe-circuit144,telegraphe-6784,11
telegraphe-circuit144,telegraphe-18078,12
telegraphe-circuit144,telegraphe-18074,13
telegraphe-circuit144,telegraphe-6785,14
telegraphe-circuit144,telegraphe-6786,15
telegraphe-circuit144,telegraphe-6787,16
telegraphe-circuit144,telegraphe-6788,17
telegraphe-circuit144,telegraphe-6789,18
telegraphe-circuit144,telegraphe-6790,19
telegraphe-circuit144,telegraphe-6791,20
telegraphe-circuit144,telegraphe-6792,21
telegraphe-circuit144,telegraphe-6793,22
telegraphe-circuit144,telegraphe-6794,23
telegraphe-circuit144,telegraphe-6795,24
telegraphe-circuit144,telegraphe-6796,25
telegraphe-circuit144,telegraphe-6799,26
telegraphe-circuit144,telegraphe-6800,27
telegraphe-circuit144,telegraphe-6801,28
telegraphe-circuit144,telegraphe-6802,29
telegraphe-circuit144,telegraphe-6803,30
telegraphe-circuit144,telegraphe-6804,31
telegraphe-circuit144,telegraphe-6805,32
telegraphe-circuit144,telegraphe-6807,33
telegraphe-circuit144,telegraphe-6808,34
telegraphe-circuit144,telegraphe-6809,35
telegraphe-circuit144,telegraphe-6811,36
telegraphe-circuit144,telegraphe-6812,37
telegraphe-circuit144,telegraphe-6817,38
telegraphe-circuit144,telegraphe-6813,39
telegraphe-circuit144,telegraphe-6810,40
telegraphe-circuit146,telegraphe-15432,1
telegraphe-circuit146,telegraphe-15433,2
telegraphe-circuit146,telegraphe-15434,3
telegraphe-circuit146,telegraphe-23454,4
telegraphe-circuit146,telegraphe-23453,5
telegraphe-circuit146,telegraphe-15435,5 bis
telegraphe-circuit146,telegraphe-23452,6
telegraphe-circuit146,telegraphe-15436,7
telegraphe-circuit146,telegraphe-23451,8
telegraphe-circuit146,telegraphe-15437,9
telegraphe-circuit146,telegraphe-15439,10
telegraphe-circuit146,telegraphe-18068,11
telegraphe-circuit146,telegraphe-18073,12
telegraphe-circuit146,telegraphe-15442,13
telegraphe-circuit146,telegraphe-15441,14
telegraphe-circuit146,telegraphe-23448,14 bis
telegraphe-circuit146,telegraphe-15443,15
telegraphe-circuit146,telegraphe-15446,16
telegraphe-circuit146,telegraphe-15447,16 bis
telegraphe-circuit146,telegraphe-15449,17
telegraphe-circuit146,telegraphe-23455,18
telegraphe-circuit146,telegraphe-15450,18 bis
telegraphe-circuit146,telegraphe-15451,19
telegraphe-circuit146,telegraphe-15453,20
telegraphe-circuit146,telegraphe-15455,21
telegraphe-circuit146,telegraphe-15457,22
telegraphe-circuit146,telegraphe-18063,22 bis
telegraphe-circuit146,telegraphe-23445,23
telegraphe-circuit146,telegraphe-23456,24
telegraphe-circuit146,telegraphe-15595,24 bis
telegraphe-circuit146,telegraphe-23443,25
telegraphe-circuit146,telegraphe-23442,25 bis
telegraphe-circuit146,telegraphe-307655,25 ter
telegraphe-circuit146,telegraphe-23440,26
telegraphe-circuit146,telegraphe-23441,26 bis
telegraphe-circuit146,telegraphe-23438,27
telegraphe-circuit146,telegraphe-23439,27 bis
telegraphe-circuit146,telegraphe-23437,28
telegraphe-circuit146,telegraphe-23436,29
telegraphe-circuit146,telegraphe-23434,30
telegraphe-circuit146,telegraphe-23432,31
telegraphe-circuit146,telegraphe-23431,32
telegraphe-circuit146,telegraphe-23430,33
telegraphe-circuit146,telegraphe-23429,34
telegraphe-circuit146,telegraphe-23428,35
telegraphe-circuit146,telegraphe-307669,35 bis
telegraphe-circuit146,telegraphe-15468,36
telegraphe-circuit146,telegraphe-15467,37
telegraphe-circuit146,telegraphe-15463,38
telegraphe-circuit146,telegraphe-15461,39
telegraphe-circuit146,telegraphe-15462,39 bis
telegraphe-circuit146,telegraphe-23426,40
telegraphe-circuit272,telegraphe-15403,1
telegraphe-circuit272,telegraphe-300731,2
telegraphe-circuit272,telegraphe-14316,3
telegraphe-circuit272,telegraphe-14317,4
telegraphe-circuit272,telegraphe-102,5
telegraphe-circuit272,telegraphe-103,6
telegraphe-circuit272,telegraphe-101,7
telegraphe-circuit272,telegraphe-104,8
telegraphe-circuit272,telegraphe-105,9
padole-circuit314,padole-24323,1
padole-circuit314,padole-24324,2
padole-circuit314,padole-24325,3
padole-circuit314,padole-24326,4
padole-circuit314,padole-24327,5
padole-circuit314,padole-24328,6
padole-circuit314,padole-24329,7
padole-circuit314,padole-24330,8
padole-circuit314,padole-24331,9
padole-circuit314,padole-24332,10
padole-circuit314,padole-24333,11
padole-circuit314,padole-24334,12
padole-circuit314,padole-254967,12 bis
padole-circuit314,padole-24335,13
padole-circuit314,padole-24336,14
padole-circuit314,padole-197493,14 bis
padole-circuit314,padole-24337,15
padole-circuit314,padole-24338,16
padole-circuit314,padole-24339,17
padole-circuit314,padole-24340,18
padole-circuit314,padole-24341,19
padole-circuit314,padole-24342,20
padole-circuit314,padole-24343,21
padole-circuit314,padole-24344,22
padole-circuit314,padole-24345,23
padole-circuit314,padole-24346,23 bis
padole-circuit314,padole-24347,24
padole-circuit314,padole-24348,25
padole-circuit314,padole-24349,26
padole-circuit314,padole-24350,26 bis
padole-circuit314,padole-82906,27
padole-circuit314,padole-287815,28
padole-circuit314,padole-154933,29
padole-circuit314,padole-179105,30
padole-circuit314,padole-305834,31
padole-circuit153,padole-18144,1
padole-circuit153,padole-18145,2
padole-circuit153,padole-18146,3
padole-circuit153,padole-7133,4
padole-circuit153,padole-18151,5
padole-circuit153,padole-18147,6
padole-circuit153,padole-18148,6 bis
padole-circuit153,padole-18149,7
padole-circuit153,padole-18150,8
padole-circuit153,padole-18152,9
padole-circuit153,padole-18153,10
padole-circuit153,padole-7134,11
padole-circuit153,padole-18163,12
padole-circuit153,padole-18154,12 bis
padole-circuit153,padole-7135,13
padole-circuit153,padole-18157,14
padole-circuit153,padole-18156,15
padole-circuit153,padole-18164,16
padole-circuit153,padole-305887,16 bis
padole-circuit153,padole-18155,17
padole-circuit153,padole-18158,18
padole-circuit153,padole-18159,19
padole-circuit153,padole-18165,20
padole-circuit153,padole-18162,21
padole-circuit153,padole-18172,22
padole-circuit153,padole-18167,23
padole-circuit153,padole-305882,23 bis
padole-circuit153,padole-18168,24
padole-circuit153,padole-18169,25
padole-circuit153,padole-7150,26
padole-circuit153,padole-18170,27
padole-circuit153,padole-18171,28
padole-circuit153,padole-305884,29
padole-circuit153,padole-18160,30
padole-circuit153,padole-305883,31
padole-circuit153,padole-18173,32
padole-circuit147,padole-7166,1
padole-circuit147,padole-7142,2
padole-circuit147,padole-7143,3
padole-circuit147,padole-7144,4
padole-circuit147,padole-7145,5
padole-circuit147,padole-7146,6
padole-circuit147,padole-18166,7
padole-circuit147,padole-7147,7 bis
padole-circuit147,padole-7167,8
padole-circuit147,padole-241931,9
padole-circuit147,padole-7149,10
padole-circuit147,padole-61635,11
padole-circuit147,padole-77499,12
padole-circuit147,padole-64180,13
padole-circuit147,padole-7178,14
padole-circuit147,padole-7176,15
padole-circuit147,padole-7151,16
padole-circuit147,padole-125332,17
padole-circuit147,padole-7153,17 bis
padole-circuit147,padole-7154,18
padole-circuit147,padole-7157,19
padole-circuit147,padole-22893,20
padole-circuit147,padole-7158,21
padole-circuit147,padole-7159,22
padole-circuit147,padole-7161,23
padole-circuit147,padole-7163,24
padole-circuit147,padole-7162,24 bis
padole-circuit149,padole-7196,1
padole-circuit149,padole-7197,2
padole-circuit149,padole-7198,3
padole-circuit149,padole-20049,4
padole-circuit149,padole-7201,5
padole-circuit149,padole-20050,6
padole-circuit149,padole-7202,7
padole-circuit149,padole-7203,8
padole-circuit149,padole-7204,9
padole-circuit149,padole-7205,10
padole-circuit149,padole-7206,11
padole-circuit149,padole-7207,12
padole-circuit149,padole-7208,13
padole-circuit149,padole-7209,14
padole-circuit149,padole-7210,15
padole-circuit149,padole-7211,16
padole-circuit149,padole-7212,17
padole-circuit149,padole-7213,18
padole-circuit149,padole-7214,19
padole-circuit149,padole-7215,20
padole-circuit149,padole-7216,21
padole-circuit149,padole-7217,22
padole-circuit149,padole-7218,23
padole-circuit149,padole-7219,24
padole-circuit149,padole-7220,25
padole-circuit149,padole-7221,26
padole-circuit149,padole-7222,27
padole-circuit149,padole-7223,28
padole-circuit149,padole-7224,29
padole-circuit149,padole-7225,30
padole-circuit149,padole-7226,31
padole-circuit149,padole-7227,32
padole-circuit149,padole-7228,33
padole-circuit149,padole-7229,34
padole-circuit149,padole-7230,35
padole-circuit148,padole-213378,1
padole-circuit148,padole-219002,2
padole-circuit148,padole-7170,3
padole-circuit148,padole-7168,4
padole-circuit148,padole-153261,4 bis
padole-circuit148,padole-7169,5
padole-circuit148,padole-7171,6
padole-circuit148,padole-7180,7
padole-circuit148,padole-7177,8
padole-circuit148,padole-7173,9
padole-circuit148,padole-132612,10
padole-circuit148,padole-7174,10 bis
padole-circuit148,padole-7175,11
padole-circuit148,padole-7179,11 bis
padole-circuit148,padole-7152,12
padole-circuit148,padole-292189,13
padole-circuit148,padole-7182,13 bis
padole-circuit148,padole-7184,14
padole-circuit148,padole-7181,15
padole-circuit148,padole-7183,16
padole-circuit148,padole-22892,17
padole-circuit148,padole-7185,18
padole-circuit148,padole-7188,19
padole-circuit148,padole-7189,19 bis
padole-circuit148,padole-7190,20
padole-circuit148,padole-7194,21
padole-circuit148,padole-7193,22
padole-circuit148,padole-7192,22 bis
padole-circuit148,padole-7191,23
padole-circuit148,padole-7164,24
padole-circuit148,padole-7187,25
padole-circuit150,padole-6916,1
padole-circuit150,padole-6917,2
padole-circuit150,padole-6918,3
padole-circuit150,padole-6919,4
padole-circuit150,padole-6920,5
padole-circuit150,padole-6921,6
padole-circuit150,padole-6922,7
padole-circuit150,padole-6923,8
padole-circuit150,padole-6924,9
padole-circuit150,padole-6925,10
padole-circuit150,padole-6926,11
padole-circuit150,padole-6927,12
padole-circuit150,padole-6928,13
padole-circuit150,padole-6929,14
padole-circuit150,padole-6930,15
padole-circuit150,padole-6931,16
padole-circuit150,padole-6933,17
padole-circuit150,padole-6932,18
padole-circuit150,padole-6934,19
padole-circuit150,padole-6935,20
padole-circuit150,padole-6936,21
padole-circuit150,padole-6937,22
padole-circuit150,padole-6938,23
padole-circuit150,padole-6939,24
padole-circuit150,padole-6940,25
padole-circuit150,padole-6941,26
padole-circuit150,padole-15652,27
padole-circuit150,padole-15653,28
padole-circuit150,padole-6942,29
padole-circuit151,padole-15352,1
padole-circuit151,padole-6943,2
padole-circuit151,padole-15353,3
padole-circuit151,padole-15354,4
padole-circuit151,padole-20039,5
padole-circuit151,padole-6945,6
padole-circuit151,padole-6946,7
padole-circuit151,padole-1584,8
padole-circuit151,padole-15355,9
padole-circuit151,padole-15356,10
padole-circuit151,padole-15357,11
padole-circuit151,padole-6947,12
padole-circuit151,padole-6948,13
padole-circuit151,padole-6949,14
padole-circuit151,padole-6950,15
padole-circuit151,padole-6951,16
padole-circuit151,padole-6952,17
padole-circuit151,padole-15358,18
padole-circuit151,padole-15359,19
padole-circuit151,padole-15360,20
padole-circuit151,padole-15361,21
padole-circuit151,padole-11856,22
padole-circuit151,padole-9006,23
padole-circuit151,padole-11857,24
padole-circuit151,padole-15362,25
padole-circuit151,padole-15363,26
padole-circuit151,padole-15364,27
padole-circuit151,padole-6953,28
padole-circuit151,padole-15365,29
padole-circuit151,padole-15366,30
padole-circuit151,padole-15367,31
padole-circuit151,padole-6955,32
padole-circuit151,padole-24030,33
canche-circuit82,canche-16449,1
canche-circuit82,canche-16404,9
canche-circuit82,canche-195090,12
canche-circuit82,canche-16406,12 bis
canche-circuit82,canche-310623,18
canche-circuit361,canche-311731,D
canche-circuit361,canche-311735,1
canche-circuit361,canche-311737,2
canche-circuit361,canche-311738,3
canche-circuit361,canche-313639,4
canche-circuit361,canche-311743,5
canche-circuit361,canche-313641,5 bis
canche-circuit361,canche-280924,6
canche-circuit361,canche-33331,7
canche-circuit361,canche-313638,8
canche-circuit361,canche-16409,9
canche-circuit361,canche-311741,10
canche-circuit361,canche-313671,10 bis
canche-circuit361,canche-311742,11
canche-circuit361,canche-232731,12
canche-circuit361,canche-313651,13
canche-circuit361,canche-311745,14
canche-circuit361,canche-311746,15
canche-circuit361,canche-32932,16
canche-circuit361,canche-311747,17
canche-circuit361,canche-311749,18
canche-circuit361,canche-313644,19
canche-circuit361,canche-311751,20
canche-circuit361,canche-311752,21
canche-circuit361,canche-313645,22
canche-circuit361,canche-311753,23
canche-circuit361,canche-311754,24
canche-circuit361,canche-179411,25
canche-circuit361,canche-311755,26
canche-circuit361,canche-63301,27
canche-circuit361,canche-311756,28
canche-circuit361,canche-313650,29
canche-circuit361,canche-314026,29 bis
canche-circuit361,canche-311757,30
canche-circuit361,canche-311758,31
canche-circuit361,canche-311760,32
canche-circuit361,canche-186143,33
canche-circuit361,canche-308511,34
canche-circuit361,canche-313646,35
canche-circuit361,canche-311761,36
canche-circuit361,canche-313647,37
canche-circuit361,canche-311762,38
canche-circuit361,canche-314027,38 bis
canche-circuit361,canche-313637,39
canche-circuit361,canche-313654,39 bis
canche-circuit361,canche-311763,A
canche-circuit81,canche-308538,1
canche-circuit81,canche-16405,2
canche-circuit81,canche-308501,2 bis
canche-circuit81,canche-308537,3
canche-circuit81,canche-308536,4
canche-circuit81,canche-36676,4 bis
canche-circuit81,canche-313672,4 ter
canche-circuit81,canche-308535,5
canche-circuit81,canche-86089,5 bis
canche-circuit81,canche-308534,6
canche-circuit81,canche-3539,7
canche-circuit81,canche-289348,7 bis
canche-circuit81,canche-308533,8
canche-circuit81,canche-190852,8 bis
canche-circuit81,canche-314025,8 ter
canche-circuit81,canche-308532,9
canche-circuit81,canche-218234,9 bis
canche-circuit81,canche-308531,10
canche-circuit81,canche-308529,11
canche-circuit81,canche-308528,12
canche-circuit81,canche-308527,13
canche-circuit81,canche-308502,14
canche-circuit81,canche-308526,15
canche-circuit81,canche-84822,15 bis
canche-circuit81,canche-308509,15 ter
canche-circuit81,canche-308525,16
canche-circuit81,canche-308503,17
canche-circuit81,canche-308504,18
canche-circuit81,canche-308557,18 bis
canche-circuit81,canche-308505,19
canche-circuit81,canche-308506,20
canche-circuit81,canche-308507,21
canche-circuit81,canche-308524,22
canche-circuit81,canche-308523,23
canche-circuit81,canche-308522,24
canche-circuit81,canche-313676,24 bis
canche-circuit81,canche-308508,25
canche-circuit81,canche-308521,26
canche-circuit81,canche-308553,26 bis
canche-circuit81,canche-308554,26 ter
canche-circuit81,canche-308520,27
canche-circuit81,canche-82773,27 bis
canche-circuit81,canche-16408,28
canche-circuit81,canche-313917,29
canche-circuit81,canche-170977,29 bis
canche-circuit81,canche-16411,30
canche-circuit81,canche-313674,30 bis
canche-circuit81,canche-308518,31
canche-circuit81,canche-185100,31 bis
canche-circuit81,canche-308510,32
canche-circuit81,canche-185315,32 bis
canche-circuit81,canche-283818,32 ter
canche-circuit81,canche-92070,32 quat
canche-circuit81,canche-308517,33
canche-circuit81,canche-16410,34
canche-circuit81,canche-308516,35
canche-circuit81,canche-308515,36
canche-circuit81,canche-308514,37
canche-circuit81,canche-308561,37 bis
canche-circuit81,canche-308513,38
canche-circuit81,canche-308560,38 bis
canche-circuit81,canche-308558,38 ter
canche-circuit79,canche-3521,1
canche-circuit79,canche-281989,1 bis
canche-circuit79,canche-3522,2
canche-circuit79,canche-3523,3
canche-circuit79,canche-3524,4
canche-circuit79,canche-3525,5
canche-circuit79,canche-20032,6
canche-circuit79,canche-3526,6 bis
canche-circuit79,canche-3527,7
canche-circuit79,canche-3528,8
canche-circuit79,canche-3529,9
canche-circuit79,canche-3530,10
canche-circuit79,canche-3531,11
canche-circuit79,canche-3532,12
canche-circuit79,canche-3533,13
canche-circuit79,canche-244759,13 bis
canche-circuit79,canche-3534,14
canche-circuit79,canche-3535,15
canche-circuit79,canche-3536,16
canche-circuit79,canche-117503,16 bis
canche-circuit79,canche-3537,17
canche-circuit79,canche-3538,18
canche-circuit79,canche-3540,18 bis
canche-circuit79,canche-31797,19
canche-circuit79,canche-3541,20
canche-circuit79,canche-3542,21
canche-circuit79,canche-3544,22
canche-circuit79,canche-3545,23
canche-circuit79,canche-3546,24
canche-circuit79,canche-3548,25
canche-circuit79,canche-3547,26
canche-circuit79,canche-3549,27
canche-circuit79,canche-3550,28
canche-circuit79,canche-3551,29
canche-circuit79,canche-3552,30
canche-circuit79,canche-3553,31
canche-circuit79,canche-3554,32
canche-circuit79,canche-3555,33
canche-circuit79,canche-3556,34
canche-circuit79,canche-3557,35
canche-circuit79,canche-3558,36
canche-circuit79,canche-3559,37
canche-circuit79,canche-3560,38
canche-circuit79,canche-3561,39
canche-circuit79,canche-3562,40
canche-circuit79,canche-3563,41
canche-circuit79,canche-3543,41 bis
canche-circuit78,canche-3564,1
canche-circuit78,canche-3565,2
canche-circuit78,canche-3566,3
canche-circuit78,canche-3567,4
canche-circuit78,canche-3568,4 bis
canche-circuit78,canche-3569,5
canche-circuit78,canche-3570,6
canche-circuit78,canche-3571,7
canche-circuit78,canche-3572,8
canche-circuit78,canche-3573,9
canche-circuit78,canche-3574,10
canche-circuit78,canche-3575,10 bis
canche-circuit78,canche-3576,11
canche-circuit78,canche-3577,12
canche-circuit78,canche-3578,12 bis
canche-circuit78,canche-3579,13
canche-circuit78,canche-3580,14
canche-circuit78,canche-3581,14 bis
canche-circuit78,canche-3582,15
canche-circuit78,canche-3583,16
canche-circuit78,canche-3584,16 bis
canche-circuit78,canche-3585,17
canche-circuit78,canche-3586,18
canche-circuit78,canche-3587,19
canche-circuit78,canche-3588,20
canche-circuit78,canche-3589,21
canche-circuit78,canche-3590,22
canche-circuit78,canche-3591,22 bis
canche-circuit78,canche-3592,23
canche-circuit78,canche-3593,23 bis
canche-circuit78,canche-3594,24
canche-circuit78,canche-3595,25
canche-circuit78,canche-3596,26
canche-circuit78,canche-3597,27
canche-circuit78,canche-3598,27 bis
canche-circuit78,canche-3599,28
canche-circuit78,canche-3600,29
canche-circuit78,canche-3601,30
canche-circuit78,canche-3602,31
canche-circuit78,canche-3603,31 bis
canche-circuit78,canche-3604,32
canche-circuit78,canche-3605,33
canche-circuit78,canche-3606,34
canche-circuit78,canche-3607,34 bis
canche-circuit78,canche-3608,34 ter
canche-circuit78,canche-3609,35
canche-circuit78,canche-3610,36
canche-circuit78,canche-3611,37
canche-circuit78,canche-308559,38
canche-circuit78,canche-3613,39
canche-circuit78,canche-3614,39 bis
canche-circuit78,canche-3615,40
canche-circuit78,canche-3616,40 bis
canche-circuit78,canche-3617,41
canche-circuit78,canche-3618,42
canche-circuit78,canche-3619,43
canche-circuit78,canche-3620,44
canche-circuit78,canche-3621,44 bis
canche-circuit78,canche-10020,45
canche-circuit80,canche-3622,1
canche-circuit80,canche-3623,2
canche-circuit80,canche-3625,3
canche-circuit80,canche-3624,4
canche-circuit80,canche-3626,5
canche-circuit80,canche-3627,6
canche-circuit80,canche-3628,7
canche-circuit80,canche-3629,8
canche-circuit80,canche-3630,9
canche-circuit80,canche-3631,10
canche-circuit80,canche-3632,10 bis
canche-circuit80,canche-3633,11
canche-circuit80,canche-3634,12
canche-circuit80,canche-3635,12 bis
canche-circuit80,canche-3636,13
canche-circuit80,canche-3637,13 bis
canche-circuit80,canche-3638,14
canche-circuit80,canche-3639,15
canche-circuit80,canche-145,15 bis
canche-circuit80,canche-3640,15 ter
canche-circuit80,canche-3641,16
canche-circuit80,canche-3642,17
canche-circuit80,canche-11861,18
canche-circuit80,canche-3643,19
canche-circuit80,canche-3644,20
canche-circuit80,canche-3645,21
canche-circuit80,canche-3646,22
canche-circuit80,canche-3647,23
canche-circuit80,canche-3648,24
canche-circuit80,canche-3649,25
canche-circuit80,canche-3650,26
canche-circuit80,canche-3651,27
canche-circuit80,canche-3652,28
canche-circuit80,canche-3653,29
canche-circuit80,canche-3654,29 bis
canche-circuit80,canche-3656,30
canche-circuit80,canche-3655,31
canche-circuit80,canche-3657,32
canche-circuit80,canche-3659,33
canche-circuit80,canche-3660,33 bis
y-circuit181,y-235035,D
y-circuit181,y-12653,1
y-circuit181,y-12654,2
y-circuit181,y-12655,3
y-circuit181,y-12656,4
y-circuit181,y-12657,5
y-circuit181,y-12658,6
y-circuit181,y-12659,7
y-circuit181,y-12660,8
y-circuit181,y-12661,9
y-circuit181,y-12662,10
y-circuit181,y-12663,11
y-circuit181,y-12664,12
y-circuit181,y-12665,13
y-circuit181,y-12666,14
y-circuit181,y-12667,15
y-circuit181,y-12668,16
y-circuit181,y-12669,17
y-circuit181,y-12670,18
y-circuit181,y-12671,19
y-circuit181,y-12672,20
y-circuit181,y-12673,21
y-circuit181,y-12674,22
y-circuit181,y-12675,23
y-circuit181,y-238199,24
y-circuit181,y-131546,25
y-circuit181,y-154341,26
y-circuit181,y-191893,27
y-circuit181,y-257681,28
y-circuit182,y-17392,1
y-circuit182,y-8097,2
y-circuit182,y-12252,2 bis
y-circuit182,y-12253,2 ter
y-circuit182,y-8098,3
y-circuit182,y-17393,4
y-circuit182,y-17394,5
y-circuit182,y-17395,6
y-circuit182,y-8091,7
y-circuit182,y-76447,8
y-circuit182,y-23477,9
y-circuit182,y-12261,10
y-circuit182,y-12226,11
y-circuit182,y-12227,12
y-circuit182,y-286187,12 bis
y-circuit182,y-12250,13
y-circuit182,y-12249,14
y-circuit182,y-218658,15
y-circuit182,y-12228,16
y-circuit182,y-12251,17
y-circuit182,y-12260,18
y-circuit182,y-23480,19
y-circuit182,y-12259,20
y-circuit182,y-12229,21
y-circuit182,y-12233,22
y-circuit182,y-12247,23
y-circuit182,y-12235,24
y-circuit182,y-12248,25
y-circuit182,y-12236,26
y-circuit182,y-12237,27
y-circuit182,y-95783,28
y-circuit182,y-217964,28 bis
y-circuit182,y-12239,29
y-circuit182,y-12240,30
y-circuit182,y-12241,31
y-circuit182,y-12238,32
y-circuit182,y-12234,33
y-circuit182,y-12243,34
y-circuit182,y-12244,35
y-circuit182,y-12245,36
y-circuit182,y-12246,37
y-circuit182,y-12242,38
y-circuit182,y-8092,39
y-circuit182,y-8093,40
y-circuit182,y-8094,41
y-circuit182,y-17388,42
y-circuit182,y-12254,43
y-circuit182,y-12257,44
y-circuit182,y-8095,45
y-circuit182,y-17390,46
y-circuit182,y-17389,47
y-circuit182,y-12232,48
y-circuit182,y-12231,49
y-circuit182,y-12230,50
y-circuit182,y-125348,51
y-circuit182,y-44506,52
y-circuit182,y-162693,53
y-circuit182,y-264846,54
y-circuit182,y-8096,55
y-circuit183,y-24300,D
y-circuit183,y-8101,1
y-circuit183,y-8102,2
y-circuit183,y-8103,3
y-circuit183,y-8104,4
y-circuit183,y-8105,5
y-circuit183,y-8106,6
y-circuit183,y-8107,7
y-circuit183,y-8108,8
y-circuit183,y-8109,9
y-circuit183,y-8110,10
y-circuit183,y-8111,11
y-circuit183,y-8112,12
y-circuit183,y-8113,13
y-circuit183,y-8114,14
y-circuit183,y-301967,14 bis
y-circuit183,y-8115,15
y-circuit183,y-8116,16
y-circuit183,y-8117,17
y-circuit183,y-8118,18
y-circuit183,y-8119,19
y-circuit183,y-8120,20
y-circuit183,y-8121,21
y-circuit183,y-8122,22
y-circuit183,y-8123,23
y-circuit183,y-8124,23 bis
y-circuit183,y-8125,24
y-circuit183,y-8126,25
y-circuit183,y-8127,26
y-circuit183,y-8128,27
y-circuit183,y-8129,28
y-circuit183,y-8130,29
y-circuit183,y-8131,30
y-circuit183,y-8132,31
y-circuit183,y-8133,32
y-circuit183,y-8134,33
y-circuit183,y-8135,34
y-circuit183,y-8136,35
y-circuit183,y-8137,36
y-circuit183,y-8138,37
y-circuit183,y-8139,38
y-circuit183,y-8140,39
y-circuit183,y-8141,40
y-circuit183,y-8142,41
y-circuit183,y-8143,42
y-circuit184,y-8144,1
y-circuit184,y-8961,2
y-circuit184,y-8962,3
y-circuit184,y-8963,4
y-circuit184,y-8145,5
y-circuit184,y-8146,6
y-circuit184,y-8147,7
y-circuit184,y-8148,8
y-circuit184,y-17387,9
y-circuit184,y-8149,10
y-circuit184,y-8150,11
y-circuit184,y-8151,12
y-circuit184,y-8152,13
y-circuit184,y-8964,14
y-circuit184,y-8965,15
y-circuit184,y-8153,16
y-circuit184,y-8966,17
y-circuit184,y-8967,18
y-circuit184,y-8968,19
y-circuit184,y-8154,20
y-circuit184,y-8969,21
y-circuit184,y-8155,22
y-circuit184,y-8970,23
y-circuit184,y-8156,24
y-circuit184,y-8157,25
y-circuit184,y-8158,26
y-circuit184,y-8971,27
y-circuit184,y-8159,28
y-circuit184,y-8972,29
y-circuit184,y-305322,29 bis
y-circuit184,y-8973,30
y-circuit184,y-8160,31
y-circuit184,y-17519,32
y-circuit184,y-8161,33
y-circuit184,y-8162,34
y-circuit184,y-8163,35
y-circuit185,y-8164,1
y-circuit185,y-8165,2
y-circuit185,y-8166,3
y-circuit185,y-8167,4
y-circuit185,y-8168,5
y-circuit185,y-8169,6
y-circuit185,y-8170,6 bis
y-circuit185,y-8171,7
y-circuit185,y-8172,8
y-circuit185,y-8173,9
y-circuit185,y-8174,10
y-circuit185,y-8175,11
y-circuit185,y-8176,12
y-circuit185,y-8177,13
y-circuit185,y-8178,14
y-circuit185,y-8179,15
y-circuit185,y-8180,16
y-circuit185,y-8181,17
y-circuit185,y-8182,18
y-circuit185,y-8183,19
y-circuit185,y-8184,20
y-circuit185,y-8185,21
y-circuit185,y-8186,22
y-circuit185,y-8187,23
y-circuit185,y-8188,24
y-circuit185,y-8189,25
y-circuit185,y-8190,26
y-circuit185,y-8191,27
y-circuit185,y-8192,28
y-circuit185,y-8193,29
y-circuit185,y-8194,30
y-circuit185,y-8195,31
y-circuit185,y-8196,32
y-circuit185,y-8197,33
y-circuit185,y-8198,34
y-circuit185,y-8199,35
y-circuit185,y-8200,36
y-circuit185,y-8201,37
y-circuit185,y-8202,38
y-circuit185,y-8203,39
cuvierouest-circuit3,cuvierouest-4025,1
cuvierouest-circuit3,cuvierouest-4026,2
cuvierouest-circuit3,cuvierouest-4027,3
cuvierouest-circuit3,cuvierouest-4029,4
cuvierouest-circuit3,cuvierouest-4030,5
cuvierouest-circuit3,cuvierouest-4031,5 bis
cuvierouest-circuit3,cuvierouest-4032,6
cuvierouest-circuit3,cuvierouest-4033,7
cuvierouest-circuit3,cuvierouest-4034,8
cuvierouest-circuit3,cuvierouest-4035,9
cuvierouest-circuit3,cuvierouest-4036,10
cuvierouest-circuit3,cuvierouest-4037,11
cuvierouest-circuit3,cuvierouest-4038,12
cuvierouest-circuit3,cuvierouest-4039,13
cuvierouest-circuit3,cuvierouest-4040,14
cuvierouest-circuit3,cuvierouest-4041,15
cuvierouest-circuit3,cuvierouest-4042,16
cuvierouest-circuit3,cuvierouest-4043,17
cuvierouest-circuit3,cuvierouest-4044,18
cuvierouest-circuit3,cuvierouest-4045,19
cuvierouest-circuit3,cuvierouest-4046,20
cuvierouest-circuit3,cuvierouest-4047,21
cuvierouest-circuit3,cuvierouest-4048,22
cuvierouest-circuit3,cuvierouest-4049,23
cuvierouest-circuit3,cuvierouest-4050,24
cuvierouest-circuit3,cuvierouest-4051,24 bis
cuvierouest-circuit3,cuvierouest-4052,25
cuvierouest-circuit3,cuvierouest-4053,25 bis
cuvierouest-circuit3,cuvierouest-4054,26
cuvierouest-circuit3,cuvierouest-4055,27
cuvierouest-circuit3,cuvierouest-4056,28
cuvierouest-circuit3,cuvierouest-4057,29
cuvierouest-circuit3,cuvierouest-4058,30
cuvierouest-circuit3,cuvierouest-4059,31
cuvierouest-circuit3,cuvierouest-4060,32
cuvierouest-circuit3,cuvierouest-4061,33
cuvierouest-circuit3,cuvierouest-4062,34
cuvierouest-circuit3,cuvierouest-4063,35
cuvierouest-circuit3,cuvierouest-4064,36
cuvierouest-circuit3,cuvierouest-4065,37
cuvierouest-circuit3,cuvierouest-4066,37 bis
cuvierouest-circuit3,cuvierouest-4067,38
cuvierouest-circuit3,cuvierouest-4068,39
cuvierouest-circuit3,cuvierouest-4069,40
cuvierouest-circuit3,cuvierouest-4070,41
cuvierouest-circuit3,cuvierouest-4071,42
cuvierouest-circuit3,cuvierouest-4072,43
cuvierouest-circuit3,cuvierouest-4073,44
cuvierouest-circuit3,cuvierouest-20113,44 bis
cuvierouest-circuit3,cuvierouest-4074,45
cuvierouest-circuit3,cuvierouest-4075,46
cuvierouest-circuit3,cuvierouest-4076,47
cuvierouest-circuit3,cuvierouest-4077,48
cuvierouest-circuit3,cuvierouest-4078,49
cuvierouest-circuit3,cuvierouest-4079,49 bis
cuvierouest-circuit3,cuvierouest-4080,50
chats-circuit326,chats-306445,D
chats-circuit326,chats-306446,D bis
chats-circuit326,chats-266053,1
chats-circuit326,chats-45199,2
chats-circuit326,chats-209811,2 bis
chats-circuit326,chats-43168,3
chats-circuit326,chats-127606,3 bis
chats-circuit326,chats-179840,4
chats-circuit326,chats-197105,5
chats-circuit326,chats-265529,6
chats-circuit326,chats-280162,7
chats-circuit326,chats-122394,8
chats-circuit326,chats-80106,9
chats-circuit326,chats-283208,10
chats-circuit326,chats-197076,11
chats-circuit326,chats-187619,11 bis
chats-circuit326,chats-124331,12
chats-circuit326,chats-166581,13
chats-circuit326,chats-261937,14
chats-circuit326,chats-234660,15
chats-circuit326,chats-157434,15 bis
chats-circuit326,chats-264864,16
chats-circuit326,chats-34377,17
chats-circuit326,chats-73902,18
chats-circuit326,chats-165658,19
chats-circuit326,chats-91136,20
chats-circuit326,chats-86954,21
chats-circuit326,chats-167020,22
chats-circuit326,chats-284532,23
chats-circuit326,chats-119468,24
chats-circuit326,chats-140234,25
chats-circuit326,chats-48791,26
chats-circuit326,chats-175939,27
chats-circuit326,chats-72421,28
chats-circuit326,chats-187556,28 bis
chats-circuit326,chats-249909,29
chats-circuit326,chats-93146,30
chats-circuit210,chats-9078,1
chats-circuit210,chats-116563,2
chats-circuit210,chats-9076,3
chats-circuit210,chats-9075,4
chats-circuit210,chats-9077,4 bis
chats-circuit210,chats-9079,5
chats-circuit210,chats-9080,6
chats-circuit210,chats-9081,7
chats-circuit210,chats-9102,8
chats-circuit210,chats-9083,9
chats-circuit210,chats-9084,10
chats-circuit210,chats-9086,11
chats-circuit210,chats-9087,11 bis
chats-circuit210,chats-9088,12
chats-circuit210,chats-306466,13
chats-circuit210,chats-9090,14
chats-circuit210,chats-9092,15
chats-circuit210,chats-9094,16
chats-circuit210,chats-9093,17
chats-circuit210,chats-9097,18
chats-circuit210,chats-9096,19
chats-circuit210,chats-62059,20
chats-circuit210,chats-152374,21
chats-circuit210,chats-302696,21 bis
chats-circuit210,chats-146290,22
chats-circuit210,chats-9098,23
chats-circuit210,chats-9058,23 bis
chats-circuit210,chats-9099,24
chats-circuit210,chats-84918,25
chats-circuit210,chats-9100,26
chats-circuit210,chats-9101,27
chats-circuit210,chats-182381,28
chats-circuit210,chats-9071,29
chats-circuit210,chats-9072,30
chats-circuit210,chats-9073,31
chats-circuit210,chats-263411,32
chats-circuit210,chats-294405,33
chats-circuit210,chats-203544,34
chats-circuit210,chats-252268,35
chats-circuit209,chats-9035,1
chats-circuit209,chats-9036,2
chats-circuit209,chats-9037,3
chats-circuit209,chats-9034,4
chats-circuit209,chats-9031,5
chats-circuit209,chats-310923,6
chats-circuit209,chats-9032,7
chats-circuit209,chats-9050,8
chats-circuit209,chats-9049,9
chats-circuit209,chats-9029,10
chats-circuit209,chats-12056,11
chats-circuit209,chats-14394,12
chats-circuit209,chats-9068,13
chats-circuit209,chats-9052,14
chats-circuit209,chats-9030,15
chats-circuit209,chats-9057,16
chats-circuit209,chats-15368,17
chats-circuit209,chats-9054,18
chats-circuit209,chats-9055,19
chats-circuit209,chats-1546,20
chats-circuit209,chats-9059,21
chats-circuit209,chats-9062,22
chats-circuit209,chats-9060,23
chats-circuit209,chats-9061,24
chats-circuit209,chats-9065,25
chats-circuit209,chats-9064,26
chats-circuit209,chats-9063,27
chats-circuit209,chats-12061,28
chats-circuit209,chats-23569,29
chats-circuit209,chats-300299,30
chats-circuit209,chats-300300,31
chats-circuit209,chats-9047,32
cul-circuit103,cul-5826,1
cul-circuit103,cul-5882,1 bis
cul-circuit103,cul-5883,1 ter
cul-circuit103,cul-5827,2
cul-circuit103,cul-23958,2 bis
cul-circuit103,cul-5828,3
cul-circuit103,cul-5829,4
cul-circuit103,cul-23959,4 bis
cul-circuit103,cul-23960,4 ter
cul-circuit103,cul-5830,5
cul-circuit103,cul-5831,6
cul-circuit103,cul-5832,7
cul-circuit103,cul-23961,7 bis
cul-circuit103,cul-5833,8
cul-circuit103,cul-23963,8 bis
cul-circuit103,cul-5834,9
cul-circuit103,cul-5835,10
cul-circuit103,cul-23964,10 bis
cul-circuit103,cul-23965,10 ter
cul-circuit103,cul-5836,11
cul-circuit103,cul-5837,12
cul-circuit103,cul-5838,13
cul-circuit103,cul-5839,14
cul-circuit103,cul-23966,14 bis
cul-circuit103,cul-5840,15
cul-circuit103,cul-5841,16
cul-circuit103,cul-23967,16 bis
cul-circuit103,cul-5842,17
cul-circuit103,cul-5843,18
cul-circuit103,cul-23968,18 bis
cul-circuit103,cul-5844,19
cul-circuit103,cul-5845,20
cul-circuit103,cul-5846,21
cul-circuit103,cul-5847,22
cul-circuit103,cul-5848,23
cul-circuit103,cul-5849,24
cul-circuit103,cul-5850,25
cul-circuit103,cul-5851,26
cul-circuit103,cul-5852,27
cul-circuit103,cul-5853,28
cul-circuit103,cul-5854,29
cul-circuit103,cul-5855,30
cul-circuit103,cul-304827,30 bis
cul-circuit103,cul-5856,31
cul-circuit103,cul-304828,31 bis
cul-circuit103,cul-5857,32
cul-circuit103,cul-23970,32 bis
cul-circuit103,cul-5858,33
cul-circuit103,cul-5859,34
cul-circuit103,cul-23971,34 bis
cul-circuit103,cul-5860,35
cul-circuit103,cul-23972,35 bis
cul-circuit103,cul-5861,36
cul-circuit103,cul-23973,36 bis
cul-circuit103,cul-5862,37
cul-circuit103,cul-5863,38
cul-circuit103,cul-5864,39
cul-circuit103,cul-5866,40
cul-circuit103,cul-5865,41
cul-circuit103,cul-5867,42
cul-circuit103,cul-5868,43
cul-circuit103,cul-5869,44
cul-circuit103,cul-5870,45
cul-circuit103,cul-234499,45 bis
cul-circuit103,cul-5871,46
cul-circuit103,cul-5872,47
cul-circuit103,cul-5873,48
cul-circuit103,cul-5874,49
cul-circuit103,cul-5875,50
cul-circuit103,cul-5876,51
cul-circuit103,cul-5877,52
cul-circuit103,cul-5878,53
cul-circuit103,cul-5879,54
cul-circuit103,cul-5880,55
cul-circuit103,cul-23976,55 bis
cul-circuit103,cul-5881,56
cul-circuit101,cul-23930,1
cul-circuit101,cul-23931,1 bis
cul-circuit101,cul-23932,2
cul-circuit101,cul-23933,2 bis
cul-circuit101,cul-23921,3
cul-circuit101,cul-23928,4
cul-circuit101,cul-23941,4 bis
cul-circuit101,cul-23942,5
cul-circuit101,cul-72237,5 bis
cul-circuit101,cul-5823,6
cul-circuit101,cul-5822,7
cul-circuit101,cul-24003,7 bis
cul-circuit101,cul-24004,8
cul-circuit101,cul-5818,8 bis
cul-circuit101,cul-5821,9
cul-circuit101,cul-23947,9 bis
cul-circuit101,cul-5819,10
cul-circuit101,cul-23944,10 bis
cul-circuit101,cul-5816,11
cul-circuit101,cul-23945,11 bis
cul-circuit101,cul-23946,11 ter
cul-circuit101,cul-5817,12
cul-circuit101,cul-24002,13
cul-circuit101,cul-5815,13 bis
cul-circuit101,cul-5811,14
cul-circuit101,cul-5813,14 bis
cul-circuit101,cul-5808,15
cul-circuit101,cul-5809,15 bis
cul-circuit101,cul-5806,16
cul-circuit101,cul-304821,16 bis
cul-circuit101,cul-5791,17
cul-circuit101,cul-5790,17 bis
cul-circuit101,cul-5792,18
cul-circuit101,cul-5793,19
cul-circuit101,cul-5794,20
cul-circuit101,cul-5795,21
cul-circuit101,cul-23948,21 bis
cul-circuit101,cul-5796,22
cul-circuit101,cul-24001,22 bis
cul-circuit101,cul-5797,23
cul-circuit101,cul-23949,24
cul-circuit101,cul-304839,24 bis
cul-circuit101,cul-5788,24 ter
cul-circuit101,cul-5787,25
cul-circuit101,cul-23950,25 bis
cul-circuit101,cul-23951,26
cul-circuit101,cul-304820,26 bis
cul-circuit101,cul-5784,27
cul-circuit101,cul-23952,27 bis
cul-circuit101,cul-23953,28
cul-circuit101,cul-23929,29
cul-circuit101,cul-5798,30
cul-circuit101,cul-5766,30 bis
cul-circuit101,cul-5767,31
cul-circuit101,cul-23934,31 bis
cul-circuit101,cul-5768,32
cul-circuit101,cul-5769,33
cul-circuit101,cul-5770,34
cul-circuit101,cul-5771,34 bis
cul-circuit101,cul-5773,35
cul-circuit101,cul-23935,35 bis
cul-circuit101,cul-5774,35 ter
cul-circuit101,cul-5775,36
cul-circuit101,cul-23936,37
cul-circuit101,cul-5776,38
cul-circuit101,cul-5777,38 bis
cul-circuit101,cul-5779,39
cul-circuit101,cul-5780,40
cul-circuit101,cul-5781,41
cul-circuit101,cul-23939,41 bis
cul-circuit101,cul-23938,42
cul-circuit101,cul-24739,43
cul-circuit101,cul-5799,44
cul-circuit101,cul-23940,44 bis
cul-circuit101,cul-5801,45
cul-circuit101,cul-5800,46
cul-circuit101,cul-23943,46 bis
cul-circuit102,cul-8847,1
cul-circuit102,cul-8848,2
cul-circuit102,cul-8849,3
cul-circuit102,cul-23955,3 bis
cul-circuit102,cul-5887,4
cul-circuit102,cul-5888,5
cul-circuit102,cul-23909,6
cul-circuit102,cul-5885,6 bis
cul-circuit102,cul-148085,7
cul-circuit102,cul-5889,7 bis
cul-circuit102,cul-5891,8
cul-circuit102,cul-5892,8 bis
cul-circuit102,cul-5895,9
cul-circuit102,cul-5896,10
cul-circuit102,cul-5898,11
cul-circuit102,cul-5899,12
cul-circuit102,cul-5900,13
cul-circuit102,cul-5901,14
cul-circuit102,cul-5897,14 bis
cul-circuit102,cul-5902,15
cul-circuit102,cul-5893,16
cul-circuit102,cul-5894,16 bis
cul-circuit102,cul-5904,17
cul-circuit102,cul-5903,18
cul-circuit102,cul-23910,19
cul-circuit102,cul-23911,20
cul-circuit102,cul-5907,21
cul-circuit102,cul-51512,21 bis
cul-circuit102,cul-5909,22
cul-circuit102,cul-5908,22 bis
cul-circuit102,cul-23912,23
cul-circuit102,cul-5905,24
cul-circuit102,cul-23913,25
cul-circuit102,cul-23997,26
cul-circuit102,cul-23999,26 bis
cul-circuit102,cul-23915,27
cul-circuit102,cul-23998,27 bis
cul-circuit102,cul-23916,28
cul-circuit102,cul-23917,29
cul-circuit102,cul-23918,30
cul-circuit102,cul-23919,30 bis
cul-circuit102,cul-13704,30 ter
cul-circuit102,cul-23920,31
cul-circuit102,cul-23954,32
cul-circuit102,cul-5778,33
cul-circuit102,cul-23922,34
cul-circuit102,cul-23996,35
cul-circuit102,cul-23923,36
cul-circuit102,cul-23925,37
cul-circuit102,cul-23926,38
solitude-circuit17,solitude-2587,1
solitude-circuit17,solitude-2588,2
solitude-circuit17,solitude-2589,3
solitude-circuit17,solitude-2590,4
solitude-circuit17,solitude-2591,5
solitude-circuit17,solitude-2592,6
solitude-circuit17,solitude-2593,7
solitude-circuit17,solitude-2594,8
solitude-circuit17,solitude-2595,9
solitude-circuit17,solitude-2596,9 bis
solitude-circuit17,solitude-311537,10
solitude-circuit17,solitude-2597,11
solitude-circuit17,solitude-2598,12
solitude-circuit17,solitude-2599,13
solitude-circuit17,solitude-2600,14
solitude-circuit17,solitude-2601,15
solitude-circuit17,solitude-2602,16
solitude-circuit17,solitude-2603,17
solitude-circuit17,solitude-2604,18
solitude-circuit17,solitude-2605,19
solitude-circuit17,solitude-2606,20
solitude-circuit17,solitude-2607,21
solitude-circuit17,solitude-2608,21 bis
solitude-circuit17,solitude-2609,22
solitude-circuit17,solitude-2610,23
solitude-circuit17,solitude-2611,24
solitude-circuit17,solitude-2612,24 bis
solitude-circuit17,solitude-2613,25
solitude-circuit17,solitude-2614,26
solitude-circuit17,solitude-2615,27
solitude-circuit17,solitude-2616,28
solitude-circuit17,solitude-2617,29
solitude-circuit17,solitude-2618,29 bis
solitude-circuit17,solitude-2619,30
solitude-circuit17,solitude-2620,31
solitude-circuit17,solitude-2621,32
solitude-circuit17,solitude-2622,33
solitude-circuit17,solitude-2623,34
solitude-circuit17,solitude-2624,34 bis
solitude-circuit17,solitude-2625,35
solitude-circuit17,solitude-2626,36
solitude-circuit17,solitude-2627,37
solitude-circuit17,solitude-2628,38
solitude-circuit17,solitude-2629,38 bis
solitude-circuit17,solitude-2630,39
solitude-circuit18,solitude-19734,D
solitude-circuit18,solitude-2690,1
solitude-circuit18,solitude-2691,1 bis
solitude-circuit18,solitude-2692,2
solitude-circuit18,solitude-2693,3
solitude-circuit18,solitude-2695,4
solitude-circuit18,solitude-2694,4 bis
solitude-circuit18,solitude-2696,5
solitude-circuit18,solitude-2697,5 bis
solitude-circuit18,solitude-2698,6
solitude-circuit18,solitude-2699,7
solitude-circuit18,solitude-2700,8
solitude-circuit18,solitude-2701,8 bis
solitude-circuit18,solitude-2702,8 ter
solitude-circuit18,solitude-2703,9
solitude-circuit18,solitude-2704,10
solitude-circuit18,solitude-2705,11
solitude-circuit18,solitude-2706,12
solitude-circuit18,solitude-2707,13
solitude-circuit18,solitude-2708,14
solitude-circuit18,solitude-2709,15
solitude-circuit18,solitude-270715,15 bis
solitude-circuit18,solitude-148592,15 ter
solitude-circuit18,solitude-2710,16
solitude-circuit18,solitude-2711,17
solitude-circuit18,solitude-19731,17 bis
solitude-circuit18,solitude-2712,18
solitude-circuit18,solitude-2713,19
solitude-circuit18,solitude-2714,20
solitude-circuit18,solitude-2715,21
solitude-circuit18,solitude-2716,22
solitude-circuit18,solitude-2717,22 bis
solitude-circuit18,solitude-2718,23
solitude-circuit18,solitude-2719,24
solitude-circuit18,solitude-2720,25
solitude-circuit18,solitude-2722,25 bis
solitude-circuit18,solitude-2721,26
solitude-circuit18,solitude-2723,27
solitude-circuit18,solitude-2724,28
solitude-circuit18,solitude-2725,29
solitude-circuit18,solitude-2726,29 bis
solitude-circuit18,solitude-2727,30
solitude-circuit18,solitude-2728,31
solitude-circuit18,solitude-2729,32
avonouest-circuit287,avonouest-195135,D
avonouest-circuit287,avonouest-18701,1
avonouest-circuit287,avonouest-18702,2
avonouest-circuit287,avonouest-18703,3
avonouest-circuit287,avonouest-18704,3 bis
avonouest-circuit287,avonouest-18705,4
avonouest-circuit287,avonouest-18706,5
avonouest-circuit287,avonouest-18707,6
avonouest-circuit287,avonouest-18708,7
avonouest-circuit287,avonouest-18687,8
avonouest-circuit287,avonouest-18688,9
avonouest-circuit287,avonouest-18689,9 bis
avonouest-circuit287,avonouest-18690,10
avonouest-circuit289,avonouest-18929,1
avonouest-circuit289,avonouest-18844,2
avonouest-circuit289,avonouest-18845,3
avonouest-circuit289,avonouest-18853,4
avonouest-circuit289,avonouest-18780,5
avonouest-circuit289,avonouest-18781,5 bis
avonouest-circuit289,avonouest-18782,6
avonouest-circuit289,avonouest-18783,6 bis
avonouest-circuit289,avonouest-18784,7
avonouest-circuit289,avonouest-18785,7 bis
avonouest-circuit289,avonouest-18787,8
avonouest-circuit289,avonouest-18786,8 bis
avonouest-circuit289,avonouest-18788,11
avonouest-circuit289,avonouest-18935,12
chamarande-circuit222,chamarande-10143,1
chamarande-circuit222,chamarande-10144,2
chamarande-circuit222,chamarande-310039,2 bis
chamarande-circuit222,chamarande-10145,3
chamarande-circuit222,chamarande-234633,3 bis
chamarande-circuit222,chamarande-10146,4
chamarande-circuit222,chamarande-10166,5
chamarande-circuit222,chamarande-10149,6
chamarande-circuit222,chamarande-10150,7
chamarande-circuit222,chamarande-10151,8
chamarande-circuit222,chamarande-10152,9
chamarande-circuit222,chamarande-10153,10
chamarande-circuit222,chamarande-10154,11
chamarande-circuit222,chamarande-10147,12
chamarande-circuit222,chamarande-10148,12 bis
chamarande-circuit222,chamarande-10155,13
chamarande-circuit222,chamarande-10156,14
chamarande-circuit222,chamarande-10157,15
chamarande-circuit222,chamarande-10158,16
chamarande-circuit222,chamarande-10159,17
chamarande-circuit222,chamarande-10160,18
chamarande-circuit222,chamarande-10161,19
chamarande-circuit222,chamarande-10162,20
chamarande-circuit222,chamarande-310328,20 bis
chamarande-circuit222,chamarande-10163,21
chamarande-circuit222,chamarande-10164,22
chamarande-circuit222,chamarande-10165,23
chamarande-circuit222,chamarande-10167,24
chamarande-circuit222,chamarande-10168,25
chamarande-circuit222,chamarande-10169,26
chamarande-circuit222,chamarande-10171,27
chamarande-circuit222,chamarande-10170,28
chamarande-circuit222,chamarande-10172,29
chamarande-circuit222,chamarande-10173,30
chamarande-circuit222,chamarande-310033,30 bis
chamarande-circuit222,chamarande-10174,31
chamarande-circuit222,chamarande-10175,32
chamarande-circuit222,chamarande-10176,33
chamarande-circuit222,chamarande-10177,34
chamarande-circuit222,chamarande-10178,35
chamarande-circuit222,chamarande-10179,36
chamarande-circuit222,chamarande-10180,37
chamarande-circuit222,chamarande-10181,38
chamarande-circuit222,chamarande-10182,39
chamarande-circuit222,chamarande-10183,40
chamarande-circuit222,chamarande-10184,41
chamarande-circuit222,chamarande-10185,42
chamarande-circuit222,chamarande-10186,43
chamarande-circuit222,chamarande-10187,44
chamarande-circuit222,chamarande-10188,45
chamarande-circuit222,chamarande-10189,46
chamarande-circuit222,chamarande-10190,47
chamarande-circuit222,chamarande-10191,48
chamarande-circuit222,chamarande-10192,49
chamarande-circuit222,chamarande-10193,50
chamarande-circuit222,chamarande-10194,51
chamarande-circuit222,chamarande-10195,52
chamarande-circuit222,chamarande-10196,53
chamarande-circuit222,chamarande-10197,54
chamarande-circuit222,chamarande-10198,55
chamarande-circuit222,chamarande-10199,56
chamarande-circuit222,chamarande-10200,57
chamarande-circuit222,chamarande-10201,58
chamarande-circuit222,chamarande-10202,59
chamarande-circuit222,chamarande-208280,59 bis
chamarande-circuit222,chamarande-10203,60
chamarande-circuit222,chamarande-10204,61
chamarande-circuit222,chamarande-10205,62
chamarande-circuit222,chamarande-310034,62 bis
chamarande-circuit222,chamarande-10206,63
chamarande-circuit222,chamarande-10207,64
chamarande-circuit90,chamarande-6988,1
chamarande-circuit90,chamarande-6990,1 bis
chamarande-circuit90,chamarande-6989,2
chamarande-circuit90,chamarande-6991,3
chamarande-circuit90,chamarande-6992,4
chamarande-circuit90,chamarande-6993,5
chamarande-circuit90,chamarande-58716,6
chamarande-circuit90,chamarande-295929,7
chamarande-circuit90,chamarande-134949,8
chamarande-circuit90,chamarande-6994,8 bis
chamarande-circuit90,chamarande-221283,9
chamarande-circuit90,chamarande-7000,10
chamarande-circuit90,chamarande-84401,10 bis
chamarande-circuit90,chamarande-7001,11
chamarande-circuit90,chamarande-176362,11 bis
chamarande-circuit90,chamarande-277203,12
chamarande-circuit90,chamarande-69192,13
chamarande-circuit90,chamarande-142638,14
chamarande-circuit90,chamarande-172057,15
chamarande-circuit90,chamarande-6999,16
chamarande-circuit90,chamarande-46301,17
chamarande-circuit90,chamarande-6995,17 bis
chamarande-circuit90,chamarande-6998,18
chamarande-circuit90,chamarande-6997,19
chamarande-circuit90,chamarande-93631,20
chamarande-circuit90,chamarande-6996,21
chamarande-circuit90,chamarande-58597,22
chamarande-circuit90,chamarande-7012,23
chamarande-circuit90,chamarande-7002,24
chamarande-circuit90,chamarande-7004,25
chamarande-circuit90,chamarande-200414,26
chamarande-circuit90,chamarande-51435,27
chamarande-circuit90,chamarande-41541,28
chamarande-circuit90,chamarande-7005,29
chamarande-circuit90,chamarande-196338,29 bis
chamarande-circuit90,chamarande-284965,30
chamarande-circuit90,chamarande-7006,31
chamarande-circuit90,chamarande-287771,32
chamarande-circuit189,chamarande-7013,1
chamarande-circuit189,chamarande-7014,1 bis
chamarande-circuit189,chamarande-7015,2
chamarande-circuit189,chamarande-7016,3
chamarande-circuit189,chamarande-7017,4
chamarande-circuit189,chamarande-7018,5
chamarande-circuit189,chamarande-7019,6
chamarande-circuit189,chamarande-310566,6 bis
chamarande-circuit189,chamarande-7020,7
chamarande-circuit189,chamarande-7021,8
chamarande-circuit189,chamarande-7022,9
chamarande-circuit189,chamarande-7023,9 bis
chamarande-circuit189,chamarande-7024,10
chamarande-circuit189,chamarande-7025,10 bis
chamarande-circuit189,chamarande-7027,11
chamarande-circuit189,chamarande-7028,11 bis
chamarande-circuit189,chamarande-7029,12
chamarande-circuit189,chamarande-7065,12 bis
chamarande-circuit189,chamarande-7031,13
chamarande-circuit189,chamarande-7032,14
chamarande-circuit189,chamarande-7033,15
chamarande-circuit189,chamarande-7035,16
chamarande-circuit189,chamarande-7034,17
chamarande-circuit189,chamarande-7030,18
chamarande-circuit189,chamarande-7036,19
chamarande-circuit189,chamarande-7037,20
chamarande-circuit189,chamarande-7038,21
chamarande-circuit189,chamarande-7039,22
chamarande-circuit189,chamarande-7040,23
chamarande-circuit189,chamarande-7041,24
chamarande-circuit189,chamarande-7042,25
chamarande-circuit189,chamarande-7043,25 bis
chamarande-circuit189,chamarande-7044,26
chamarande-circuit189,chamarande-7046,26
chamarande-circuit189,chamarande-7045,26 bis
chamarande-circuit189,chamarande-7047,27
chamarande-circuit189,chamarande-7048,28
chamarande-circuit189,chamarande-7049,29
chamarande-circuit189,chamarande-7050,29 bis
chamarande-circuit189,chamarande-7051,30
chamarande-circuit189,chamarande-7052,31
chamarande-circuit189,chamarande-7057,32
chamarande-circuit189,chamarande-7053,33
chamarande-circuit189,chamarande-7054,33
chamarande-circuit189,chamarande-7055,34
chamarande-circuit189,chamarande-7056,34 bis
chamarande-circuit189,chamarande-310353,35
chamarande-circuit189,chamarande-7058,36
chamarande-circuit189,chamarande-7059,37
chamarande-circuit189,chamarande-7060,38
chamarande-circuit189,chamarande-7061,39
chamarande-circuit189,chamarande-7062,40
chamarande-circuit212,chamarande-7064,1
chamarande-circuit212,chamarande-7067,2
chamarande-circuit212,chamarande-7071,3
chamarande-circuit212,chamarande-11304,4
chamarande-circuit212,chamarande-7068,5
chamarande-circuit212,chamarande-7076,6
chamarande-circuit212,chamarande-7077,7
chamarande-circuit212,chamarande-7080,8
chamarande-circuit212,chamarande-7081,9
chamarande-circuit212,chamarande-7082,10
chamarande-circuit212,chamarande-11305,11
chamarande-circuit212,chamarande-7084,12
chamarande-circuit212,chamarande-11306,13
chamarande-circuit212,chamarande-11307,14
chamarande-circuit212,chamarande-11308,15
chamarande-circuit212,chamarande-7099,16
chamarande-circuit212,chamarande-7101,17
chamarande-circuit212,chamarande-11309,18
chamarande-circuit212,chamarande-7103,19
chamarande-circuit212,chamarande-7104,20
chamarande-circuit212,chamarande-11310,21
chamarande-circuit212,chamarande-11311,22
chamarande-circuit212,chamarande-11312,23
chamarande-circuit212,chamarande-11313,24
chamarande-circuit212,chamarande-11314,25
chamarande-circuit212,chamarande-7118,26
chamarande-circuit212,chamarande-7119,27
chamarande-circuit212,chamarande-7120,28
chamarande-circuit212,chamarande-11315,29
chamarande-circuit212,chamarande-11316,30
chamarande-circuit211,chamarande-6956,1
chamarande-circuit211,chamarande-7066,2
chamarande-circuit211,chamarande-7070,3
chamarande-circuit211,chamarande-11298,4
chamarande-circuit211,chamarande-7072,5
chamarande-circuit211,chamarande-7073,6
chamarande-circuit211,chamarande-7069,7
chamarande-circuit211,chamarande-11320,8
chamarande-circuit211,chamarande-11321,9
chamarande-circuit211,chamarande-7079,10
chamarande-circuit211,chamarande-11322,11
chamarande-circuit211,chamarande-307297,11 bis
chamarande-circuit211,chamarande-7078,12
chamarande-circuit211,chamarande-7088,13
chamarande-circuit211,chamarande-7090,14
chamarande-circuit211,chamarande-11323,15
chamarande-circuit211,chamarande-11324,16
chamarande-circuit211,chamarande-11325,17
chamarande-circuit211,chamarande-11326,18
chamarande-circuit211,chamarande-7107,19
chamarande-circuit211,chamarande-7108,20
chamarande-circuit211,chamarande-11327,21
chamarande-circuit211,chamarande-11328,22
chamarande-circuit211,chamarande-11329,23
chamarande-circuit211,chamarande-11330,24
chamarande-circuit211,chamarande-7127,25
chamarande-circuit211,chamarande-7128,26
chamarande-circuit211,chamarande-7129,27
chamarande-circuit211,chamarande-6978,28
chamarande-circuit211,chamarande-11331,29
chamarande-circuit211,chamarande-11332,30
chamarande-circuit211,chamarande-11333,31
chamarande-circuit211,chamarande-11334,32
chamarande-circuit211,chamarande-11335,33
chamarande-circuit211,chamarande-6984,34
chamarande-circuit211,chamarande-11336,35
chamarande-circuit211,chamarande-11337,36
chamarande-circuit191,chamarande-6957,1
chamarande-circuit191,chamarande-6958,2
chamarande-circuit191,chamarande-6959,3
chamarande-circuit191,chamarande-6961,4
chamarande-circuit191,chamarande-6962,5
chamarande-circuit191,chamarande-6963,6
chamarande-circuit191,chamarande-6964,7
chamarande-circuit191,chamarande-6966,8
chamarande-circuit191,chamarande-6965,9
chamarande-circuit191,chamarande-8854,10
chamarande-circuit191,chamarande-167,11
chamarande-circuit191,chamarande-6971,12
chamarande-circuit191,chamarande-6972,13
chamarande-circuit191,chamarande-6973,14
chamarande-circuit191,chamarande-166,15
chamarande-circuit191,chamarande-6974,16
chamarande-circuit191,chamarande-6976,17
chamarande-circuit191,chamarande-6980,18
chamarande-circuit191,chamarande-6982,19
chamarande-circuit191,chamarande-6983,20
chamarande-circuit191,chamarande-6977,21
chamarande-circuit191,chamarande-11238,22
chamarande-circuit191,chamarande-6979,23
chamarande-circuit191,chamarande-8856,24
chamarande-circuit191,chamarande-6986,25
chamarande-circuit191,chamarande-6987,26
oiseaux-circuit63,oiseaux-11187,1
oiseaux-circuit63,oiseaux-11343,2
oiseaux-circuit63,oiseaux-11460,3
oiseaux-circuit63,oiseaux-11540,4
oiseaux-circuit63,oiseaux-11541,5
oiseaux-circuit63,oiseaux-13264,6
oiseaux-circuit63,oiseaux-13265,7
oiseaux-circuit63,oiseaux-13266,8
oiseaux-circuit63,oiseaux-13267,9
oiseaux-circuit63,oiseaux-13268,10
oiseaux-circuit63,oiseaux-13269,11
oiseaux-circuit63,oiseaux-13270,12
oiseaux-circuit63,oiseaux-13271,13
oiseaux-circuit63,oiseaux-13272,14
oiseaux-circuit63,oiseaux-13273,15
oiseaux-circuit63,oiseaux-13274,16
oiseaux-circuit63,oiseaux-13275,17
oiseaux-circuit63,oiseaux-13276,18
oiseaux-circuit63,oiseaux-13277,19
oiseaux-circuit63,oiseaux-13278,20
oiseaux-circuit63,oiseaux-13279,21
oiseaux-circuit63,oiseaux-13280,22
oiseaux-circuit63,oiseaux-13281,23
oiseaux-circuit63,oiseaux-13282,24
oiseaux-circuit63,oiseaux-300071,25
oiseaux-circuit63,oiseaux-13284,26
oiseaux-circuit63,oiseaux-13285,27
oiseaux-circuit63,oiseaux-13286,28
oiseaux-circuit63,oiseaux-13287,29
oiseaux-circuit63,oiseaux-13288,30
oiseaux-circuit63,oiseaux-13289,31
oiseaux-circuit63,oiseaux-13354,32
oiseaux-circuit63,oiseaux-13674,33
oiseaux-circuit63,oiseaux-14197,34
oiseaux-circuit63,oiseaux-14489,35
oiseaux-circuit63,oiseaux-14553,36
oiseaux-circuit63,oiseaux-14554,37
apremontest-circuit13,apremontest-2513,1
apremontest-circuit13,apremontest-2514,2
apremontest-circuit13,apremontest-2515,3
apremontest-circuit13,apremontest-2516,4
apremontest-circuit13,apremontest-2517,5
apremontest-circuit13,apremontest-2518,6
apremontest-circuit13,apremontest-2519,7
apremontest-circuit13,apremontest-2520,8
apremontest-circuit13,apremontest-2521,8 bis
apremontest-circuit13,apremontest-2522,9
apremontest-circuit13,apremontest-2523,10
apremontest-circuit13,apremontest-2524,11
apremontest-circuit13,apremontest-2525,12
apremontest-circuit13,apremontest-2526,13
apremontest-circuit13,apremontest-2527,14
apremontest-circuit13,apremontest-2528,15
apremontest-circuit13,apremontest-2529,16
apremontest-circuit13,apremontest-2530,17
apremontest-circuit13,apremontest-2531,18
apremontest-circuit13,apremontest-2532,19
apremontest-circuit13,apremontest-2533,20
apremontest-circuit13,apremontest-2534,21
apremontest-circuit13,apremontest-2535,22
apremontest-circuit13,apremontest-2536,23
apremontest-circuit13,apremontest-2537,24
apremontest-circuit13,apremontest-2538,25
apremontest-circuit13,apremontest-2539,26
apremontest-circuit13,apremontest-2540,27
apremontest-circuit13,apremontest-2541,28
apremontest-circuit13,apremontest-2542,29
apremontest-circuit13,apremontest-2543,30
apremontest-circuit13,apremontest-2544,31
apremontest-circuit13,apremontest-2545,32
apremontest-circuit13,apremontest-2546,33
apremontest-circuit13,apremontest-2547,34
apremontest-circuit13,apremontest-2548,35
apremontest-circuit13,apremontest-2549,36
apremontest-circuit13,apremontest-2550,37
apremontest-circuit13,apremontest-2551,38
apremontest-circuit13,apremontest-2552,39
apremontest-circuit13,apremontest-2553,40
apremontest-circuit13,apremontest-2554,41
apremontest-circuit13,apremontest-2555,42
apremontest-circuit14,apremontest-189419,D
apremontest-circuit14,apremontest-4674,1
apremontest-circuit14,apremontest-4675,2
apremontest-circuit14,apremontest-4676,3
apremontest-circuit14,apremontest-4677,4
apremontest-circuit14,apremontest-4679,5
apremontest-circuit14,apremontest-4680,6
apremontest-circuit14,apremontest-4681,7
apremontest-circuit14,apremontest-4682,8
apremontest-circuit14,apremontest-4683,9
apremontest-circuit14,apremontest-4685,10
apremontest-circuit14,apremontest-4686,11
apremontest-circuit14,apremontest-4687,12
apremontest-circuit14,apremontest-4688,13
apremontest-circuit14,apremontest-4689,14
apremontest-circuit14,apremontest-4690,15
apremontest-circuit14,apremontest-4691,16
apremontest-circuit14,apremontest-4692,17
apremontest-circuit14,apremontest-4693,18
apremontest-circuit14,apremontest-4694,19
apremontest-circuit14,apremontest-4695,20
apremontest-circuit14,apremontest-4696,21
apremontest-circuit14,apremontest-4697,22
apremontest-circuit14,apremontest-4699,23
apremontest-circuit14,apremontest-4700,24
apremontest-circuit14,apremontest-4701,25
apremontest-circuit14,apremontest-4702,26
apremontest-circuit14,apremontest-4703,27
apremontest-circuit14,apremontest-4704,28
apremontest-circuit14,apremontest-4705,29
apremontest-circuit14,apremontest-4707,30
apremontest-circuit14,apremontest-4708,31
apremontest-circuit14,apremontest-4709,32
apremontest-circuit14,apremontest-4710,33
apremontest-circuit14,apremontest-4711,34
apremontest-circuit14,apremontest-4712,35
apremontest-circuit14,apremontest-4713,36
apremontest-circuit14,apremontest-4714,37
apremontest-circuit14,apremontest-4716,38
apremontest-circuit14,apremontest-4717,39
apremontest-circuit14,apremontest-4718,40
apremontest-circuit14,apremontest-4719,41
apremontest-circuit14,apremontest-4720,42
apremontest-circuit15,apremontest-2556,D
apremontest-circuit15,apremontest-2557,1
apremontest-circuit15,apremontest-2558,2
apremontest-circuit15,apremontest-2559,3
apremontest-circuit15,apremontest-2560,4
apremontest-circuit15,apremontest-2561,5
apremontest-circuit15,apremontest-2562,6
apremontest-circuit15,apremontest-2563,7
apremontest-circuit15,apremontest-2564,8
apremontest-circuit15,apremontest-2565,9
apremontest-circuit15,apremontest-2566,10
apremontest-circuit15,apremontest-2567,11
apremontest-circuit15,apremontest-2568,12
apremontest-circuit15,apremontest-2569,13
apremontest-circuit15,apremontest-2570,14
apremontest-circuit15,apremontest-2571,15
apremontest-circuit15,apremontest-2572,15 bis
apremontest-circuit15,apremontest-2573,16
apremontest-circuit15,apremontest-2574,17
apremontest-circuit15,apremontest-2575,18
apremontest-circuit15,apremontest-2576,19
apremontest-circuit15,apremontest-2577,20
apremontest-circuit15,apremontest-2578,21
apremontest-circuit15,apremontest-2579,22
apremontest-circuit15,apremontest-2580,23
apremontest-circuit15,apremontest-2581,23 bis
apremontest-circuit15,apremontest-2582,24
apremontest-circuit15,apremontest-2583,25
apremontest-circuit15,apremontest-2584,26
apremontest-circuit15,apremontest-2585,27
apremontest-circuit15,apremontest-2586,28
apremontest-circuit20,apremontest-2641,1
apremontest-circuit20,apremontest-2642,2
apremontest-circuit20,apremontest-2643,3
apremontest-circuit20,apremontest-2644,4
apremontest-circuit20,apremontest-2645,5
apremontest-circuit20,apremontest-2646,6
apremontest-circuit20,apremontest-1788,7
apremontest-circuit20,apremontest-2649,8
apremontest-circuit20,apremontest-2650,9
apremontest-circuit20,apremontest-24010,10
apremontest-circuit20,apremontest-1468,11
apremontest-circuit20,apremontest-2652,12
apremontest-circuit20,apremontest-10003,12 bis
apremontest-circuit20,apremontest-2654,13
apremontest-circuit20,apremontest-24011,14
apremontest-circuit20,apremontest-2655,15
apremontest-circuit20,apremontest-2656,16
apremontest-circuit20,apremontest-24012,17
apremontest-circuit20,apremontest-2657,18
apremontest-circuit20,apremontest-2659,19
apremontest-circuit20,apremontest-2660,20
apremontest-circuit20,apremontest-2661,21
apremontest-circuit20,apremontest-2662,22
apremontest-circuit20,apremontest-2663,23
apremontest-circuit20,apremontest-2664,24
apremontest-circuit20,apremontest-2665,25
apremontest-circuit20,apremontest-2666,26
apremontest-circuit20,apremontest-2667,27
apremontest-circuit20,apremontest-2668,28
apremontest-circuit20,apremontest-2669,28 bis
apremontest-circuit20,apremontest-2670,29
apremontest-circuit20,apremontest-2671,29 bis
apremontest-circuit20,apremontest-2672,30
apremontest-circuit20,apremontest-2673,31
apremontest-circuit20,apremontest-2674,32
apremontest-circuit20,apremontest-2675,33
apremontest-circuit20,apremontest-1462,34
apremontest-circuit20,apremontest-2677,35
apremontest-circuit20,apremontest-2678,36
apremontest-circuit20,apremontest-24013,37
apremontest-circuit20,apremontest-24053,37 bis
apremontest-circuit20,apremontest-24014,38
apremontest-circuit20,apremontest-2682,39
apremontest-circuit20,apremontest-1464,40
apremontest-circuit20,apremontest-24015,41
apremontest-circuit20,apremontest-24016,42
apremontest-circuit20,apremontest-24017,43
apremontest-circuit20,apremontest-2686,44
apremontest-circuit20,apremontest-2687,45
apremontest-circuit20,apremontest-2688,46
apremontest-circuit22,apremontest-37,1
apremontest-circuit22,apremontest-34,2
apremontest-circuit22,apremontest-40,2 bis
apremontest-circuit22,apremontest-2631,3
apremontest-circuit22,apremontest-2632,4
apremontest-circuit22,apremontest-2638,5
apremontest-circuit22,apremontest-2633,6
apremontest-circuit22,apremontest-1001,7
apremontest-circuit22,apremontest-2634,8
apremontest-circuit22,apremontest-42,9
apremontest-circuit22,apremontest-48,9 bis
apremontest-circuit22,apremontest-39,10
apremontest-circuit22,apremontest-2635,11
apremontest-circuit22,apremontest-2640,12
apremontest-circuit22,apremontest-2636,13
apremontest-circuit22,apremontest-2637,14
bouligny-circuit152,bouligny-16651,1
bouligny-circuit152,bouligny-16658,2
bouligny-circuit152,bouligny-16660,3
bouligny-circuit152,bouligny-16661,3 bis
bouligny-circuit152,bouligny-16663,4
bouligny-circuit152,bouligny-16664,5
bouligny-circuit152,bouligny-16665,5 bis
bouligny-circuit152,bouligny-16669,6
bouligny-circuit152,bouligny-16667,6 bis
bouligny-circuit152,bouligny-16670,7
bouligny-circuit152,bouligny-16671,8
bouligny-circuit152,bouligny-16676,9
bouligny-circuit152,bouligny-16675,9 bis
bouligny-circuit152,bouligny-16678,10
bouligny-circuit152,bouligny-16679,10 bis
bouligny-circuit152,bouligny-16682,11
bouligny-circuit152,bouligny-16686,12
bouligny-circuit152,bouligny-16687,13
bouligny-circuit152,bouligny-16688,13 bis
bouligny-circuit152,bouligny-16689,14
bouligny-circuit152,bouligny-16690,14 bis
bouligny-circuit152,bouligny-16698,15
bouligny-circuit152,bouligny-16703,16
bouligny-circuit152,bouligny-16705,17
bouligny-circuit152,bouligny-16712,18
bouligny-circuit152,bouligny-16715,19
bouligny-circuit152,bouligny-16729,20
bouligny-circuit152,bouligny-16730,21
bouligny-circuit152,bouligny-16731,22
bouligny-circuit152,bouligny-16734,23
bouligny-circuit152,bouligny-16739,24
bouligny-circuit152,bouligny-16740,25
bouligny-circuit152,bouligny-16741,26
bouligny-circuit152,bouligny-16791,27
bouligny-circuit152,bouligny-16793,28
bouligny-circuit152,bouligny-16792,29
bouligny-circuit152,bouligny-16803,30
bouligny-circuit152,bouligny-16804,31
bouligny-circuit152,bouligny-16807,32
bouligny-circuit152,bouligny-16810,33
bouligny-circuit152,bouligny-16811,34
bouligny-circuit152,bouligny-16812,35
bouligny-circuit152,bouligny-16813,36
bouligny-circuit167,bouligny-16653,1
bouligny-circuit167,bouligny-16654,2
bouligny-circuit167,bouligny-16655,3
bouligny-circuit167,bouligny-16656,4
bouligny-circuit167,bouligny-16662,4 bis
bouligny-circuit167,bouligny-16672,5
bouligny-circuit167,bouligny-16668,5 bis
bouligny-circuit167,bouligny-16673,6
bouligny-circuit167,bouligny-16674,6 bis
bouligny-circuit167,bouligny-16681,7
bouligny-circuit167,bouligny-16683,8
bouligny-circuit167,bouligny-16685,8 bis
bouligny-circuit167,bouligny-16691,9
bouligny-circuit167,bouligny-16693,10
bouligny-circuit167,bouligny-16695,11
bouligny-circuit167,bouligny-16697,12
bouligny-circuit167,bouligny-16699,13
bouligny-circuit167,bouligny-16701,14
bouligny-circuit167,bouligny-16702,15
bouligny-circuit167,bouligny-16727,16
bouligny-circuit167,bouligny-16725,17
bouligny-circuit167,bouligny-16728,18
bouligny-circuit167,bouligny-16724,19
bouligny-circuit167,bouligny-16732,20
bouligny-circuit167,bouligny-16736,21
bouligny-circuit167,bouligny-16737,22
bouligny-circuit167,bouligny-16738,23
bouligny-circuit167,bouligny-16742,24
bouligny-circuit167,bouligny-16744,25
bouligny-circuit167,bouligny-16746,26
bouligny-circuit167,bouligny-16747,27
bouligny-circuit167,bouligny-16749,28
bouligny-circuit167,bouligny-16788,29
bouligny-circuit167,bouligny-16789,30
bouligny-circuit167,bouligny-16790,31
bouligny-circuit167,bouligny-16794,32
bouligny-circuit167,bouligny-16795,33
bouligny-circuit167,bouligny-16796,34
bouligny-circuit167,bouligny-16798,35
bouligny-circuit167,bouligny-16799,36
bouligny-circuit167,bouligny-16801,37
bouligny-circuit167,bouligny-16802,37 bis
bouligny-circuit167,bouligny-16808,38
bouligny-circuit167,bouligny-16815,39
bouligny-circuit167,bouligny-16821,40
bouligny-circuit167,bouligny-16825,41
bouligny-circuit167,bouligny-16826,42
bouligny-circuit171,bouligny-16652,1
bouligny-circuit171,bouligny-16657,2
bouligny-circuit171,bouligny-16659,3
bouligny-circuit171,bouligny-16677,4
bouligny-circuit171,bouligny-16680,5
bouligny-circuit171,bouligny-16684,6
bouligny-circuit171,bouligny-16692,7
bouligny-circuit171,bouligny-16694,8
bouligny-circuit171,bouligny-16704,8 bis
bouligny-circuit171,bouligny-16700,8 ter
bouligny-circuit171,bouligny-16706,9
bouligny-circuit171,bouligny-16707,10
bouligny-circuit171,bouligny-16726,11
bouligny-circuit171,bouligny-16733,12
bouligny-circuit171,bouligny-16735,13
bouligny-circuit171,bouligny-16745,13 bis
bouligny-circuit171,bouligny-9366,14
bouligny-circuit171,bouligny-9880,15
bouligny-circuit171,bouligny-16748,16
bouligny-circuit171,bouligny-11531,17
bouligny-circuit171,bouligny-16797,18
bouligny-circuit171,bouligny-16800,19
bouligny-circuit171,bouligny-16805,20
bouligny-circuit171,bouligny-16806,21
bouligny-circuit171,bouligny-16809,22
bouligny-circuit171,bouligny-16814,23
bouligny-circuit171,bouligny-16816,24
bouligny-circuit171,bouligny-16820,25
bouligny-circuit171,bouligny-16819,26
bouligny-circuit171,bouligny-16822,27
bouligny-circuit171,bouligny-16818,28
bouligny-circuit171,bouligny-16824,29
bouligny-circuit171,bouligny-16823,30
bouligny-circuit171,bouligny-303011,30 bis
bouligny-circuit171,bouligny-16828,31
bouligny-circuit171,bouligny-16829,32
bouligny-circuit171,bouligny-16830,32 bis
bouligny-circuit171,bouligny-16831,33
bouligny-circuit279,bouligny-16666,1
bouligny-circuit279,bouligny-854,2
bouligny-circuit279,bouligny-855,3
bouligny-circuit279,bouligny-9536,4
bouligny-circuit279,bouligny-16696,5
bouligny-circuit279,bouligny-2349,6
bouligny-circuit279,bouligny-2348,6 bis
bouligny-circuit279,bouligny-849,7
bouligny-circuit279,bouligny-9539,7 bis
bouligny-circuit279,bouligny-853,8
bouligny-circuit279,bouligny-16708,9
bouligny-circuit279,bouligny-850,9 bis
bouligny-circuit279,bouligny-851,10
bouligny-circuit279,bouligny-16743,11
bouligny-circuit279,bouligny-9882,12
bouligny-circuit279,bouligny-9881,12 bis
bouligny-circuit279,bouligny-848,13
bouligny-circuit279,bouligny-847,14
bouligny-circuit279,bouligny-2350,15
bouligny-circuit279,bouligny-8528,15 bis
bouligny-circuit279,bouligny-16817,16
bouligny-circuit279,bouligny-2351,17
bouligny-circuit279,bouligny-2352,18
bouligny-circuit279,bouligny-16827,19
bouligny-circuit279,bouligny-2353,20
cornebiche-circuit252,cornebiche-119029,1
cornebiche-circuit252,cornebiche-286700,1 bis
cornebiche-circuit252,cornebiche-304142,2
cornebiche-circuit252,cornebiche-304141,3
cornebiche-circuit252,cornebiche-97954,4
cornebiche-circuit252,cornebiche-17505,5
cornebiche-circuit252,cornebiche-13670,6
cornebiche-circuit252,cornebiche-15207,7
cornebiche-circuit252,cornebiche-17759,8
cornebiche-circuit252,cornebiche-17760,9
cornebiche-circuit252,cornebiche-168773,10
cornebiche-circuit252,cornebiche-284008,11
cornebiche-circuit252,cornebiche-17771,12
cornebiche-circuit252,cornebiche-265071,13
cornebiche-circuit252,cornebiche-126143,13 bis
cornebiche-circuit252,cornebiche-17773,14
cornebiche-circuit252,cornebiche-45896,15
cornebiche-circuit252,cornebiche-17774,16
cornebiche-circuit252,cornebiche-224654,17
cornebiche-circuit252,cornebiche-17777,17 bis
cornebiche-circuit252,cornebiche-17778,18
cornebiche-circuit252,cornebiche-17768,19
cornebiche-circuit252,cornebiche-17770,19 bis
cornebiche-circuit252,cornebiche-304140,19 ter
cornebiche-circuit252,cornebiche-17780,20
cornebiche-circuit252,cornebiche-68610,21
cornebiche-circuit252,cornebiche-17762,22
cornebiche-circuit252,cornebiche-138896,22 bis
cornebiche-circuit252,cornebiche-17763,23
cornebiche-circuit252,cornebiche-17764,24
cornebiche-circuit252,cornebiche-118483,25
cornebiche-circuit252,cornebiche-17766,26
cornebiche-circuit252,cornebiche-17767,27
cornebiche-circuit252,cornebiche-17782,28
cornebiche-circuit252,cornebiche-17783,28 bis
cornebiche-circuit252,cornebiche-17788,29
cornebiche-circuit252,cornebiche-17787,29 bis
cornebiche-circuit252,cornebiche-304138,30
cornebiche-circuit252,cornebiche-110966,31
cornebiche-circuit252,cornebiche-17785,32
cornebiche-circuit251,cornebiche-17804,1
cornebiche-circuit251,cornebiche-17805,1 bis
cornebiche-circuit251,cornebiche-17806,2
cornebiche-circuit251,cornebiche-17807,3
cornebiche-circuit251,cornebiche-17808,4
cornebiche-circuit251,cornebiche-17858,4 bis
cornebiche-circuit251,cornebiche-17809,5
cornebiche-circuit251,cornebiche-17810,5 bis
cornebiche-circuit251,cornebiche-17811,6
cornebiche-circuit251,cornebiche-17812,6 bis
cornebiche-circuit251,cornebiche-17813,7
cornebiche-circuit251,cornebiche-17814,7 bis
cornebiche-circuit251,cornebiche-94269,7 ter
cornebiche-circuit251,cornebiche-17815,8
cornebiche-circuit251,cornebiche-17816,9
cornebiche-circuit251,cornebiche-17817,10
cornebiche-circuit251,cornebiche-17818,10 bis
cornebiche-circuit251,cornebiche-17819,11
cornebiche-circuit251,cornebiche-17859,11 bis
cornebiche-circuit251,cornebiche-17820,12
cornebiche-circuit251,cornebiche-17821,13
cornebiche-circuit251,cornebiche-17822,14
cornebiche-circuit251,cornebiche-17823,15
cornebiche-circuit251,cornebiche-17824,16
cornebiche-circuit251,cornebiche-17825,17
cornebiche-circuit251,cornebiche-17826,17 bis
cornebiche-circuit251,cornebiche-17827,18
cornebiche-circuit251,cornebiche-17828,19
cornebiche-circuit251,cornebiche-17829,20
cornebiche-circuit251,cornebiche-17830,21
cornebiche-circuit251,cornebiche-17831,22
cornebiche-circuit251,cornebiche-17832,23
cornebiche-circuit251,cornebiche-17833,24
cornebiche-circuit251,cornebiche-17834,25
cornebiche-circuit251,cornebiche-17854,25 bis
cornebiche-circuit251,cornebiche-17835,26
cornebiche-circuit251,cornebiche-17836,27
cornebiche-circuit251,cornebiche-17837,28
cornebiche-circuit251,cornebiche-17838,29
cornebiche-circuit251,cornebiche-17839,30
cornebiche-circuit251,cornebiche-17840,31
cornebiche-circuit251,cornebiche-17841,32
cornebiche-circuit251,cornebiche-17842,33
cornebiche-circuit251,cornebiche-17843,34
cornebiche-circuit251,cornebiche-17844,35
cornebiche-circuit251,cornebiche-17845,36
cornebiche-circuit251,cornebiche-17846,37
cornebiche-circuit251,cornebiche-17847,38
cornebiche-circuit251,cornebiche-17848,39
cornebiche-circuit251,cornebiche-17849,40
cornebiche-circuit251,cornebiche-17850,41
cornebiche-circuit251,cornebiche-17851,42
cornebiche-circuit251,cornebiche-17852,43
cornebiche-circuit251,cornebiche-17853,44
cornebiche-circuit251,cornebiche-17855,45
cornebiche-circuit251,cornebiche-17856,46
cornebiche-circuit251,cornebiche-17857,47
cornebiche-circuit332,cornebiche-304050,1
cornebiche-circuit332,cornebiche-304051,1 bis
cornebiche-circuit332,cornebiche-304052,2
cornebiche-circuit332,cornebiche-304053,3
cornebiche-circuit332,cornebiche-304054,3 bis
cornebiche-circuit332,cornebiche-304055,4
cornebiche-circuit332,cornebiche-304056,5
cornebiche-circuit332,cornebiche-304057,6
cornebiche-circuit332,cornebiche-304058,7
cornebiche-circuit332,cornebiche-304059,8
cornebiche-circuit332,cornebiche-304060,9
cornebiche-circuit332,cornebiche-304061,10
cornebiche-circuit332,cornebiche-304062,10 bis
cornebiche-circuit332,cornebiche-304066,11
cornebiche-circuit332,cornebiche-304067,12
cornebiche-circuit332,cornebiche-304068,13
cornebiche-circuit332,cornebiche-304069,14
cornebiche-circuit332,cornebiche-304070,15
cornebiche-circuit332,cornebiche-304071,16
cornebiche-circuit332,cornebiche-304072,16 bis
cornebiche-circuit332,cornebiche-304073,17
cornebiche-circuit332,cornebiche-304074,18
cornebiche-circuit332,cornebiche-14174,18 bis
cornebiche-circuit332,cornebiche-17786,18 ter
cornebiche-circuit332,cornebiche-304075,19
cornebiche-circuit332,cornebiche-304076,20
cornebiche-circuit332,cornebiche-304077,21
cornebiche-circuit332,cornebiche-304078,22
cornebiche-circuit332,cornebiche-304079,23
cornebiche-circuit332,cornebiche-304080,24
cornebiche-circuit332,cornebiche-304081,24 bis
cornebiche-circuit332,cornebiche-304082,25
cornebiche-circuit332,cornebiche-304083,25 bis
cornebiche-circuit332,cornebiche-304084,26
cornebiche-circuit332,cornebiche-304085,27
cornebiche-circuit332,cornebiche-304086,27 bis
cornebiche-circuit332,cornebiche-304087,27 ter
cornebiche-circuit332,cornebiche-304088,28
cornebiche-circuit332,cornebiche-307781,28 bis
cornebiche-circuit332,cornebiche-143674,28 ter
cornebiche-circuit332,cornebiche-304089,29
cornebiche-circuit332,cornebiche-304090,29 bis
cornebiche-circuit332,cornebiche-17803,30
cornebiche-circuit332,cornebiche-304092,30 bis
cornebiche-circuit332,cornebiche-304093,31
cornebiche-circuit332,cornebiche-304094,32
cornebiche-circuit332,cornebiche-304095,33
cornebiche-circuit332,cornebiche-304096,34
cornebiche-circuit332,cornebiche-304097,34 bis
cornebiche-circuit250,cornebiche-23359,D
cornebiche-circuit250,cornebiche-14145,1
cornebiche-circuit250,cornebiche-23360,1 bis
cornebiche-circuit250,cornebiche-14147,2
cornebiche-circuit250,cornebiche-23361,3
cornebiche-circuit250,cornebiche-14149,4
cornebiche-circuit250,cornebiche-14151,5
cornebiche-circuit250,cornebiche-14152,6
cornebiche-circuit250,cornebiche-14153,7
cornebiche-circuit250,cornebiche-14155,8
cornebiche-circuit250,cornebiche-14154,9
cornebiche-circuit250,cornebiche-23376,9 bis
cornebiche-circuit250,cornebiche-23362,10
cornebiche-circuit250,cornebiche-23363,10 bis
cornebiche-circuit250,cornebiche-14160,11
cornebiche-circuit250,cornebiche-14161,12
cornebiche-circuit250,cornebiche-14162,13
cornebiche-circuit250,cornebiche-23364,13 bis
cornebiche-circuit250,cornebiche-23365,14
cornebiche-circuit250,cornebiche-14164,15
cornebiche-circuit250,cornebiche-23375,16
cornebiche-circuit250,cornebiche-23366,17
cornebiche-circuit250,cornebiche-23367,18
cornebiche-circuit250,cornebiche-14165,19
cornebiche-circuit250,cornebiche-14167,19 bis
cornebiche-circuit250,cornebiche-14166,20
cornebiche-circuit250,cornebiche-23368,21
cornebiche-circuit250,cornebiche-23369,22
cornebiche-circuit250,cornebiche-14171,23
cornebiche-circuit250,cornebiche-23374,23 bis
cornebiche-circuit250,cornebiche-14172,24
cornebiche-circuit250,cornebiche-23370,25
cornebiche-circuit250,cornebiche-23371,26
cornebiche-circuit250,cornebiche-23372,26 bis
cornebiche-circuit250,cornebiche-14176,27
cornebiche-circuit250,cornebiche-14177,27 bis
cornebiche-circuit250,cornebiche-14178,28
cornebiche-circuit250,cornebiche-14179,28 bis
cornebiche-circuit250,cornebiche-14180,29
cornebiche-circuit250,cornebiche-14181,30
cornebiche-circuit250,cornebiche-14182,31
cornebiche-circuit250,cornebiche-14184,31 bis
cornebiche-circuit250,cornebiche-14183,32
cornebiche-circuit250,cornebiche-23373,33
sarrazin-circuit340,sarrazin-292790,D
sarrazin-circuit340,sarrazin-176025,1
sarrazin-circuit340,sarrazin-52397,2
sarrazin-circuit340,sarrazin-243381,3
sarrazin-circuit340,sarrazin-251895,4
sarrazin-circuit340,sarrazin-259767,5
sarrazin-circuit340,sarrazin-271936,6
sarrazin-circuit340,sarrazin-228463,7
sarrazin-circuit340,sarrazin-40523,8
sarrazin-circuit340,sarrazin-291753,9
sarrazin-circuit340,sarrazin-278046,10
sarrazin-circuit340,sarrazin-96374,10 bis
sarrazin-circuit340,sarrazin-284819,11
sarrazin-circuit340,sarrazin-288861,12
sarrazin-circuit340,sarrazin-57704,13
sarrazin-circuit340,sarrazin-147015,13 bis
sarrazin-circuit340,sarrazin-44492,14
sarrazin-circuit340,sarrazin-123629,15
sarrazin-circuit340,sarrazin-249467,16
sarrazin-circuit340,sarrazin-232259,16 bis
sarrazin-circuit340,sarrazin-168057,17
sarrazin-circuit340,sarrazin-240223,18
sarrazin-circuit340,sarrazin-281331,19
sarrazin-circuit340,sarrazin-222236,20
sarrazin-circuit340,sarrazin-171574,21
sarrazin-circuit340,sarrazin-165014,22
sarrazin-circuit340,sarrazin-149366,23
sarrazin-circuit340,sarrazin-201244,24
sarrazin-circuit340,sarrazin-173597,25
sarrazin-circuit340,sarrazin-117798,25 bis
sarrazin-circuit340,sarrazin-245110,26
sarrazin-circuit340,sarrazin-49451,27
sarrazin-circuit340,sarrazin-129913,28
sarrazin-circuit340,sarrazin-53204,29
sarrazin-circuit340,sarrazin-234811,30
sarrazin-circuit340,sarrazin-163720,31
sarrazin-circuit340,sarrazin-270392,32
sarrazin-circuit340,sarrazin-247674,33
sarrazin-circuit340,sarrazin-214469,34
sarrazin-circuit340,sarrazin-157884,35
sarrazin-circuit340,sarrazin-70505,36
sarrazin-circuit340,sarrazin-37257,36 bis
sarrazin-circuit340,sarrazin-266693,37
sarrazin-circuit340,sarrazin-138515,38
sarrazin-circuit340,sarrazin-261054,39
sarrazin-circuit340,sarrazin-71250,40
sarrazin-circuit340,sarrazin-219675,41
sarrazin-circuit340,sarrazin-119527,42
sarrazin-circuit340,sarrazin-184672,43
sarrazin-circuit340,sarrazin-145497,44
sarrazin-circuit340,sarrazin-251887,45
sarrazin-circuit340,sarrazin-46918,45 bis
sarrazin-circuit340,sarrazin-190267,46
sarrazin-circuit340,sarrazin-145092,47
sarrazin-circuit340,sarrazin-162966,48
sarrazin-circuit340,sarrazin-294143,49
sarrazin-circuit340,sarrazin-181755,50
sarrazin-circuit261,sarrazin-19194,1
sarrazin-circuit261,sarrazin-19195,2
sarrazin-circuit261,sarrazin-19196,2 bis
sarrazin-circuit261,sarrazin-19197,3
sarrazin-circuit261,sarrazin-19198,3 bis
sarrazin-circuit261,sarrazin-19199,4
sarrazin-circuit261,sarrazin-19200,4 bis
sarrazin-circuit261,sarrazin-19201,5
sarrazin-circuit261,sarrazin-19202,6
sarrazin-circuit261,sarrazin-19204,7
sarrazin-circuit261,sarrazin-12726,8
sarrazin-circuit261,sarrazin-19205,9
sarrazin-circuit261,sarrazin-19206,9 bis
sarrazin-circuit261,sarrazin-19207,10
sarrazin-circuit261,sarrazin-19208,10 bis
sarrazin-circuit261,sarrazin-19209,11
sarrazin-circuit261,sarrazin-12725,11 bis
sarrazin-circuit261,sarrazin-19210,12
sarrazin-circuit261,sarrazin-19211,13
sarrazin-circuit261,sarrazin-19212,14
sarrazin-circuit261,sarrazin-19213,15
sarrazin-circuit261,sarrazin-12727,15 bis
sarrazin-circuit261,sarrazin-19214,16
sarrazin-circuit261,sarrazin-19215,17
sarrazin-circuit261,sarrazin-19216,18
sarrazin-circuit261,sarrazin-12724,18 bis
sarrazin-circuit261,sarrazin-12728,19
sarrazin-circuit261,sarrazin-19250,19 bis
sarrazin-circuit261,sarrazin-19218,20
sarrazin-circuit261,sarrazin-12729,20 bis
sarrazin-circuit261,sarrazin-19219,21
sarrazin-circuit261,sarrazin-19220,22
sarrazin-circuit261,sarrazin-12765,23
sarrazin-circuit261,sarrazin-19222,24
sarrazin-circuit261,sarrazin-19223,25
sarrazin-circuit261,sarrazin-19224,26
sarrazin-circuit261,sarrazin-19225,27
sarrazin-circuit261,sarrazin-12721,27 bis
sarrazin-circuit261,sarrazin-19226,28
sarrazin-circuit261,sarrazin-19227,28 bis
sarrazin-circuit261,sarrazin-19228,28 ter
sarrazin-circuit261,sarrazin-19229,28 quat
sarrazin-circuit261,sarrazin-19230,29
sarrazin-circuit261,sarrazin-19231,29 bis
sarrazin-circuit261,sarrazin-19232,30
sarrazin-circuit261,sarrazin-19233,30 bis
sarrazin-circuit261,sarrazin-19234,31
sarrazin-circuit261,sarrazin-19235,32
sarrazin-circuit261,sarrazin-12732,32 bis
sarrazin-circuit261,sarrazin-19237,33
sarrazin-circuit261,sarrazin-19238,34
sarrazin-circuit261,sarrazin-12734,34 bis
sarrazin-circuit261,sarrazin-19239,35
sarrazin-circuit261,sarrazin-12735,35 bis
sarrazin-circuit261,sarrazin-19240,36
sarrazin-circuit261,sarrazin-12717,37
sarrazin-circuit261,sarrazin-19241,38
sarrazin-circuit261,sarrazin-19242,39
sarrazin-circuit261,sarrazin-19243,40
sarrazin-circuit261,sarrazin-12718,40 bis
sarrazin-circuit261,sarrazin-19244,41
sarrazin-circuit261,sarrazin-19245,41 bis
sarrazin-circuit261,sarrazin-19246,42
sarrazin-circuit261,sarrazin-12719,43
sarrazin-circuit261,sarrazin-19247,44
sarrazin-circuit261,sarrazin-19248,45
sarrazin-circuit261,sarrazin-19249,46
sarrazin-circuit261,sarrazin-12733,47
sarrazin-circuit261,sarrazin-12731,48
sarrazin-circuit262,sarrazin-314535,D
sarrazin-circuit262,sarrazin-302164,1
sarrazin-circuit262,sarrazin-314537,1 bis
sarrazin-circuit262,sarrazin-302165,2
sarrazin-circuit262,sarrazin-300349,2 bis
sarrazin-circuit262,sarrazin-302166,3
sarrazin-circuit262,sarrazin-302167,4
sarrazin-circuit262,sarrazin-310292,5
sarrazin-circuit262,sarrazin-302168,5 bis
sarrazin-circuit262,sarrazin-19217,6
sarrazin-circuit262,sarrazin-302169,7
sarrazin-circuit262,sarrazin-302170,7 bis
sarrazin-circuit262,sarrazin-302171,8
sarrazin-circuit262,sarrazin-12762,9
sarrazin-circuit262,sarrazin-314648,9 bis
sarrazin-circuit262,sarrazin-314649,9 ter
sarrazin-circuit262,sarrazin-302172,10
sarrazin-circuit262,sarrazin-12763,10 bis
sarrazin-circuit262,sarrazin-12747,11
sarrazin-circuit262,sarrazin-12746,11 bis
sarrazin-circuit262,sarrazin-12736,12
sarrazin-circuit262,sarrazin-302174,13
sarrazin-circuit262,sarrazin-16067,14
sarrazin-circuit262,sarrazin-302175,14 bis
sarrazin-circuit262,sarrazin-12741,15
sarrazin-circuit262,sarrazin-12740,16
sarrazin-circuit262,sarrazin-302200,16 bis
sarrazin-circuit262,sarrazin-302176,17
sarrazin-circuit262,sarrazin-12738,17 bis
sarrazin-circuit262,sarrazin-302177,18
sarrazin-circuit262,sarrazin-302178,18 bis
sarrazin-circuit262,sarrazin-302179,19
sarrazin-circuit262,sarrazin-302180,20
sarrazin-circuit262,sarrazin-302182,21
sarrazin-circuit262,sarrazin-302183,22
sarrazin-circuit262,sarrazin-302184,23
sarrazin-circuit262,sarrazin-302185,23 bis
sarrazin-circuit262,sarrazin-302186,23 ter
sarrazin-circuit262,sarrazin-302187,24
sarrazin-circuit262,sarrazin-302188,25
sarrazin-circuit262,sarrazin-302189,25 bis
sarrazin-circuit262,sarrazin-302190,26
sarrazin-circuit262,sarrazin-314337,27
sarrazin-circuit262,sarrazin-302192,28
sarrazin-circuit262,sarrazin-302193,29
sarrazin-circuit262,sarrazin-300569,29 bis
sarrazin-circuit262,sarrazin-302194,30
sarrazin-circuit262,sarrazin-302195,30 bis
sarrazin-circuit262,sarrazin-314336,31
sarrazin-circuit262,sarrazin-314335,32
sarrazin-circuit262,sarrazin-302196,33
sarrazin-circuit262,sarrazin-302197,34
sarrazin-circuit262,sarrazin-12770,35
sarrazin-circuit262,sarrazin-12771,35 bis
sarrazin-circuit263,sarrazin-12772,1
sarrazin-circuit263,sarrazin-12773,2
sarrazin-circuit263,sarrazin-12774,3
sarrazin-circuit263,sarrazin-12805,3 bis
sarrazin-circuit263,sarrazin-12775,4
sarrazin-circuit263,sarrazin-12806,4 bis
sarrazin-circuit263,sarrazin-12776,5
sarrazin-circuit263,sarrazin-12777,6
sarrazin-circuit263,sarrazin-12778,7
sarrazin-circuit263,sarrazin-12779,8
sarrazin-circuit263,sarrazin-12780,9
sarrazin-circuit263,sarrazin-12781,10
sarrazin-circuit263,sarrazin-12782,11
sarrazin-circuit263,sarrazin-12807,11 bis
sarrazin-circuit263,sarrazin-12783,12
sarrazin-circuit263,sarrazin-12784,13
sarrazin-circuit263,sarrazin-12785,14
sarrazin-circuit263,sarrazin-12786,15
sarrazin-circuit263,sarrazin-12787,16
sarrazin-circuit263,sarrazin-12788,17
sarrazin-circuit263,sarrazin-12789,18
sarrazin-circuit263,sarrazin-12790,19
sarrazin-circuit263,sarrazin-12791,20
sarrazin-circuit263,sarrazin-12792,21
sarrazin-circuit263,sarrazin-12793,22
sarrazin-circuit263,sarrazin-12794,23
sarrazin-circuit263,sarrazin-12795,24
sarrazin-circuit263,sarrazin-12796,25
sarrazin-circuit263,sarrazin-12797,26
sarrazin-circuit263,sarrazin-12798,27
sarrazin-circuit263,sarrazin-12799,28
sarrazin-circuit263,sarrazin-12800,29
sarrazin-circuit263,sarrazin-12801,30
sarrazin-circuit263,sarrazin-12802,31
sarrazin-circuit263,sarrazin-12803,32
sarrazin-circuit263,sarrazin-12804,33
maincourt-circuit214,maincourt-254099,1
maincourt-circuit214,maincourt-72949,2
maincourt-circuit214,maincourt-203567,3
maincourt-circuit214,maincourt-83449,4
maincourt-circuit214,maincourt-252906,4 bis
maincourt-circuit214,maincourt-288052,4 ter
maincourt-circuit214,maincourt-280675,5
maincourt-circuit214,maincourt-108316,5 bis
maincourt-circuit214,maincourt-81099,6
maincourt-circuit214,maincourt-266344,7
maincourt-circuit214,maincourt-124422,7 bis
maincourt-circuit214,maincourt-141971,8
maincourt-circuit214,maincourt-82947,9
maincourt-circuit214,maincourt-298632,9 bis
maincourt-circuit214,maincourt-158512,10
maincourt-circuit214,maincourt-274797,11
maincourt-circuit214,maincourt-231598,12
maincourt-circuit214,maincourt-188735,13
maincourt-circuit214,maincourt-242019,14
maincourt-circuit214,maincourt-265442,15
maincourt-circuit214,maincourt-195825,16
maincourt-circuit214,maincourt-289800,17
maincourt-circuit214,maincourt-76464,18
maincourt-circuit214,maincourt-205314,19
maincourt-circuit214,maincourt-204421,19 bis
maincourt-circuit214,maincourt-252548,20
maincourt-circuit214,maincourt-34076,20 bis
maincourt-circuit214,maincourt-241071,21
maincourt-circuit214,maincourt-239792,21 bis
maincourt-circuit214,maincourt-127113,21 ter
maincourt-circuit214,maincourt-228724,22
maincourt-circuit214,maincourt-133884,23
maincourt-circuit214,maincourt-181693,24
maincourt-circuit214,maincourt-198803,25
maincourt-circuit214,maincourt-195859,26
maincourt-circuit214,maincourt-51846,26 bis
maincourt-circuit214,maincourt-123692,27
maincourt-circuit214,maincourt-279129,28
maincourt-circuit214,maincourt-86168,29
maincourt-circuit214,maincourt-40385,30
maincourt-circuit214,maincourt-207362,31
maincourt-circuit215,maincourt-14584,1
maincourt-circuit215,maincourt-14585,2
maincourt-circuit215,maincourt-14586,3
maincourt-circuit215,maincourt-14587,4
maincourt-circuit215,maincourt-14588,5
maincourt-circuit215,maincourt-14589,6
maincourt-circuit215,maincourt-14590,7
maincourt-circuit215,maincourt-14591,8
maincourt-circuit215,maincourt-14592,9
maincourt-circuit215,maincourt-14593,10
maincourt-circuit215,maincourt-14594,11
maincourt-circuit215,maincourt-14595,12
maincourt-circuit215,maincourt-14596,13
maincourt-circuit215,maincourt-14597,14
maincourt-circuit215,maincourt-14598,15
maincourt-circuit215,maincourt-14599,16
maincourt-circuit215,maincourt-14600,17
maincourt-circuit215,maincourt-14601,18
maincourt-circuit215,maincourt-14602,19
maincourt-circuit215,maincourt-14603,20
maincourt-circuit215,maincourt-14658,21
maincourt-circuit215,maincourt-15253,22
maincourt-circuit215,maincourt-15254,23
maincourt-circuit215,maincourt-15255,24
maincourt-circuit215,maincourt-71107,24 bis
maincourt-circuit215,maincourt-15256,25
maincourt-circuit215,maincourt-15257,26
maincourt-circuit215,maincourt-15258,27
maincourt-circuit215,maincourt-15259,28
maincourt-circuit215,maincourt-15260,29
maincourt-circuit215,maincourt-15261,30
maincourt-circuit213,maincourt-15262,1
maincourt-circuit213,maincourt-15263,2
maincourt-circuit213,maincourt-15264,3
maincourt-circuit213,maincourt-15265,4
maincourt-circuit213,maincourt-15266,5
maincourt-circuit213,maincourt-15267,6
maincourt-circuit213,maincourt-15268,7
maincourt-circuit213,maincourt-15269,8
maincourt-circuit213,maincourt-15270,9
maincourt-circuit213,maincourt-15271,10
maincourt-circuit213,maincourt-15272,11
maincourt-circuit213,maincourt-15273,12
maincourt-circuit213,maincourt-277808,12 bis
maincourt-circuit213,maincourt-144236,12 ter
maincourt-circuit213,maincourt-15274,13
maincourt-circuit213,maincourt-21576,13 bis
maincourt-circuit213,maincourt-15275,14
maincourt-circuit213,maincourt-15276,15
maincourt-circuit213,maincourt-15277,16
maincourt-circuit213,maincourt-15278,17
maincourt-circuit213,maincourt-15279,18
maincourt-circuit213,maincourt-306530,18 bis
maincourt-circuit213,maincourt-15280,19
maincourt-circuit213,maincourt-15281,20
maincourt-circuit213,maincourt-15282,21
maincourt-circuit213,maincourt-308899,21 bis
maincourt-circuit213,maincourt-15283,22
maincourt-circuit213,maincourt-15284,23
maincourt-circuit213,maincourt-15285,24
maincourt-circuit213,maincourt-99706,24 bis
maincourt-circuit213,maincourt-15286,25
maincourt-circuit213,maincourt-15287,26
maincourt-circuit213,maincourt-49817,26 bis
maincourt-circuit213,maincourt-15288,27
maincourt-circuit213,maincourt-15289,28
maincourt-circuit213,maincourt-15290,29
maincourt-circuit213,maincourt-15291,30
maincourt-circuit213,maincourt-15292,31
maincourt-circuit213,maincourt-15293,32
maincourt-circuit213,maincourt-15294,33
maincourt-circuit213,maincourt-15295,34
maincourt-circuit213,maincourt-15296,35
maincourt-circuit213,maincourt-15297,36
maincourt-circuit213,maincourt-15298,37
maincourt-circuit213,maincourt-15299,38
maincourt-circuit213,maincourt-15300,39
maincourt-circuit213,maincourt-15301,40
maincourt-circuit213,maincourt-15302,41
maincourt-circuit213,maincourt-15303,42
maincourt-circuit213,maincourt-15304,43
maincourt-circuit213,maincourt-15305,44
maincourt-circuit213,maincourt-15306,45
maincourt-circuit213,maincourt-15307,46
maincourt-circuit213,maincourt-15308,47
maincourt-circuit213,maincourt-15309,48
maincourt-circuit213,maincourt-15310,49
maincourt-circuit213,maincourt-15311,50
maincourt-circuit213,maincourt-306532,50 bis
maincourt-circuit213,maincourt-15312,51
maincourt-circuit213,maincourt-306533,51 bis
maincourt-circuit213,maincourt-15313,52
maincourt-circuit213,maincourt-116345,52 bis
maincourt-circuit213,maincourt-15314,53
maincourt-circuit213,maincourt-15315,54
maincourt-circuit213,maincourt-15316,55
maincourt-circuit213,maincourt-15317,56
maincourt-circuit213,maincourt-15318,57
maincourt-circuit213,maincourt-15319,58
maincourt-circuit213,maincourt-38639,58 bis
maincourt-circuit213,maincourt-15320,59
maincourt-circuit213,maincourt-15321,60
maincourt-circuit207,maincourt-8812,1
maincourt-circuit207,maincourt-8759,2
maincourt-circuit207,maincourt-8760,2 bis
maincourt-circuit207,maincourt-8813,3
maincourt-circuit207,maincourt-8814,4
maincourt-circuit207,maincourt-8763,4 bis
maincourt-circuit207,maincourt-8815,5
maincourt-circuit207,maincourt-8816,5 bis
maincourt-circuit207,maincourt-8817,6
maincourt-circuit207,maincourt-8818,7
maincourt-circuit207,maincourt-8819,8
maincourt-circuit207,maincourt-8820,9
maincourt-circuit207,maincourt-8821,10
maincourt-circuit207,maincourt-8822,11
maincourt-circuit207,maincourt-8823,12
maincourt-circuit207,maincourt-8773,13
maincourt-circuit207,maincourt-306534,13 bis
maincourt-circuit207,maincourt-8824,14
maincourt-circuit207,maincourt-8825,14 bis
maincourt-circuit207,maincourt-8776,14 ter
maincourt-circuit207,maincourt-8826,15
maincourt-circuit207,maincourt-8827,16
maincourt-circuit207,maincourt-8828,17
maincourt-circuit208,maincourt-8799,1
maincourt-circuit208,maincourt-8800,2
maincourt-circuit208,maincourt-8801,3
maincourt-circuit208,maincourt-8802,4
maincourt-circuit208,maincourt-8803,5
maincourt-circuit208,maincourt-19894,6
maincourt-circuit208,maincourt-8804,7
maincourt-circuit208,maincourt-8805,7 bis
maincourt-circuit208,maincourt-8806,7 ter
maincourt-circuit208,maincourt-8807,8
maincourt-circuit208,maincourt-8808,9
maincourt-circuit208,maincourt-8809,10
maincourt-circuit208,maincourt-8810,11
maincourt-circuit208,maincourt-8811,12
maincourt-circuit208,maincourt-8829,13
maincourt-circuit208,maincourt-8830,14
maincourt-circuit208,maincourt-8784,14 bis
maincourt-circuit208,maincourt-8831,15
maincourt-circuit208,maincourt-8832,16
maincourt-circuit208,maincourt-8833,17
maincourt-circuit208,maincourt-8834,18
maincourt-circuit208,maincourt-8539,19
maincourt-circuit208,maincourt-8835,20
maincourt-circuit208,maincourt-8836,21
maincourt-circuit208,maincourt-8837,22
maincourt-circuit208,maincourt-8838,23
maincourt-circuit208,maincourt-8839,23 bis
maincourt-circuit208,maincourt-8840,24
maincourt-circuit208,maincourt-8841,25
demoiselles-circuit65,demoiselles-5603,1
demoiselles-circuit65,demoiselles-5604,2
demoiselles-circuit65,demoiselles-5605,3
demoiselles-circuit65,demoiselles-5606,4
demoiselles-circuit65,demoiselles-5607,5
demoiselles-circuit65,demoiselles-5608,6
demoiselles-circuit65,demoiselles-5609,7
demoiselles-circuit65,demoiselles-5610,8
demoiselles-circuit65,demoiselles-5611,9
demoiselles-circuit65,demoiselles-5612,10
demoiselles-circuit65,demoiselles-5613,10 bis
demoiselles-circuit65,demoiselles-5614,11
demoiselles-circuit65,demoiselles-5615,12
demoiselles-circuit65,demoiselles-5616,13
demoiselles-circuit65,demoiselles-5617,14
demoiselles-circuit65,demoiselles-5618,15
demoiselles-circuit65,demoiselles-5619,16
demoiselles-circuit65,demoiselles-5620,17
demoiselles-circuit65,demoiselles-5621,18
demoiselles-circuit65,demoiselles-5622,19
demoiselles-circuit65,demoiselles-5623,20
demoiselles-circuit65,demoiselles-5624,21
demoiselles-circuit65,demoiselles-5625,22
demoiselles-circuit65,demoiselles-5626,23
demoiselles-circuit65,demoiselles-5627,24
demoiselles-circuit65,demoiselles-5628,25
demoiselles-circuit65,demoiselles-5629,26
demoiselles-circuit65,demoiselles-5630,27
demoiselles-circuit65,demoiselles-5631,28
montsetmerveilles-circuit246,montsetmerveilles-11245,1
montsetmerveilles-circuit246,montsetmerveilles-11246,2
montsetmerveilles-circuit246,montsetmerveilles-301315,2 bis
montsetmerveilles-circuit246,montsetmerveilles-11247,3
montsetmerveilles-circuit246,montsetmerveilles-301332,3 bis
montsetmerveilles-circuit246,montsetmerveilles-11248,4
montsetmerveilles-circuit246,montsetmerveilles-11249,5
montsetmerveilles-circuit246,montsetmerveilles-11250,6
montsetmerveilles-circuit246,montsetmerveilles-11251,7
montsetmerveilles-circuit246,montsetmerveilles-11252,8
montsetmerveilles-circuit246,montsetmerveilles-11253,9
montsetmerveilles-circuit246,montsetmerveilles-11254,10
montsetmerveilles-circuit246,montsetmerveilles-11255,11
montsetmerveilles-circuit246,montsetmerveilles-11256,12
montsetmerveilles-circuit246,montsetmerveilles-11257,13
montsetmerveilles-circuit246,montsetmerveilles-11258,14
montsetmerveilles-circuit246,montsetmerveilles-301352,14 bis
montsetmerveilles-circuit246,montsetmerveilles-301353,14 ter
montsetmerveilles-circuit246,montsetmerveilles-11259,15
montsetmerveilles-circuit246,montsetmerveilles-11260,16
montsetmerveilles-circuit246,montsetmerveilles-11261,17
montsetmerveilles-circuit246,montsetmerveilles-11262,18
montsetmerveilles-circuit246,montsetmerveilles-11263,19
montsetmerveilles-circuit246,montsetmerveilles-11264,20
montsetmerveilles-circuit246,montsetmerveilles-11265,21
montsetmerveilles-circuit246,montsetmerveilles-11266,22
montsetmerveilles-circuit246,montsetmerveilles-11267,23
montsetmerveilles-circuit246,montsetmerveilles-11268,24
montsetmerveilles-circuit246,montsetmerveilles-11269,25
montsetmerveilles-circuit246,montsetmerveilles-11270,26
montsetmerveilles-circuit246,montsetmerveilles-11271,27
montsetmerveilles-circuit246,montsetmerveilles-11272,28
montsetmerveilles-circuit246,montsetmerveilles-11273,29
montsetmerveilles-circuit246,montsetmerveilles-11274,30
montsetmerveilles-circuit246,montsetmerveilles-11275,31
montsetmerveilles-circuit246,montsetmerveilles-11276,32
montsetmerveilles-circuit246,montsetmerveilles-11277,33
montsetmerveilles-circuit246,montsetmerveilles-11278,34
montsetmerveilles-circuit246,montsetmerveilles-301314,34 bis
montsetmerveilles-circuit246,montsetmerveilles-11279,35
montsetmerveilles-circuit246,montsetmerveilles-11280,36
montsetmerveilles-circuit246,montsetmerveilles-11281,37
montsetmerveilles-circuit246,montsetmerveilles-11282,38
montsetmerveilles-circuit246,montsetmerveilles-11283,39
montsetmerveilles-circuit246,montsetmerveilles-11284,40
montsetmerveilles-circuit246,montsetmerveilles-11285,41
montsetmerveilles-circuit246,montsetmerveilles-11286,42
montsetmerveilles-circuit246,montsetmerveilles-11287,43
montsetmerveilles-circuit246,montsetmerveilles-11288,44
montsetmerveilles-circuit246,montsetmerveilles-301387,44 bis
montsetmerveilles-circuit246,montsetmerveilles-11289,45
montsetmerveilles-circuit246,montsetmerveilles-11290,46
montsetmerveilles-circuit246,montsetmerveilles-301358,47
montsetmerveilles-circuit246,montsetmerveilles-301359,48
montsetmerveilles-circuit246,montsetmerveilles-301357,49
isatis-circuit356,isatis-308011,D
isatis-circuit356,isatis-140894,1
isatis-circuit356,isatis-308010,2
isatis-circuit356,isatis-119593,3
isatis-circuit356,isatis-181616,4
isatis-circuit356,isatis-72231,5
isatis-circuit356,isatis-272799,6
isatis-circuit356,isatis-78416,7
isatis-circuit356,isatis-273853,8
isatis-circuit356,isatis-308009,8 bis
isatis-circuit356,isatis-72097,9
isatis-circuit356,isatis-233580,9 bis
isatis-circuit356,isatis-134173,10
isatis-circuit356,isatis-35798,11
isatis-circuit356,isatis-140058,12
isatis-circuit356,isatis-191304,13
isatis-circuit356,isatis-228087,14
isatis-circuit356,isatis-308008,15
isatis-circuit356,isatis-208162,16
isatis-circuit356,isatis-247482,17
isatis-circuit356,isatis-179765,18
isatis-circuit356,isatis-2909,19
isatis-circuit356,isatis-129294,20
isatis-circuit356,isatis-210898,21
isatis-circuit356,isatis-296999,22
isatis-circuit356,isatis-247919,23
isatis-circuit356,isatis-172287,24
isatis-circuit356,isatis-224296,25
isatis-circuit356,isatis-103947,26
isatis-circuit356,isatis-209897,27
isatis-circuit356,isatis-2925,27 bis
isatis-circuit356,isatis-246058,28
isatis-circuit356,isatis-46357,29
isatis-circuit356,isatis-5338,30
isatis-circuit356,isatis-160380,31
isatis-circuit356,isatis-240997,32
isatis-circuit356,isatis-111857,33
isatis-circuit356,isatis-5336,34
isatis-circuit356,isatis-5335,35
isatis-circuit356,isatis-272977,36
isatis-circuit356,isatis-89813,37
isatis-circuit356,isatis-73919,38
isatis-circuit356,isatis-129790,39
isatis-circuit37,isatis-307841,1
isatis-circuit37,isatis-307842,2
isatis-circuit37,isatis-307843,3
isatis-circuit37,isatis-131964,4
isatis-circuit37,isatis-307844,5
isatis-circuit37,isatis-5318,6
isatis-circuit37,isatis-5317,7
isatis-circuit37,isatis-302026,8
isatis-circuit37,isatis-5322,9
isatis-circuit37,isatis-5324,10
isatis-circuit37,isatis-261653,11
isatis-circuit37,isatis-2929,12
isatis-circuit37,isatis-307874,13
isatis-circuit37,isatis-5330,14
isatis-circuit37,isatis-114337,14 bis
isatis-circuit37,isatis-5327,15
isatis-circuit37,isatis-67802,16
isatis-circuit37,isatis-103897,17
isatis-circuit37,isatis-256832,18
isatis-circuit37,isatis-2911,19
isatis-circuit37,isatis-106872,20
isatis-circuit37,isatis-227404,21
isatis-circuit37,isatis-2914,22
isatis-circuit37,isatis-35711,23
isatis-circuit37,isatis-2902,24
isatis-circuit37,isatis-2901,25
isatis-circuit37,isatis-168657,26
isatis-circuit37,isatis-63976,27
isatis-circuit37,isatis-2895,28
isatis-circuit37,isatis-95022,29
isatis-circuit37,isatis-302034,30
isatis-circuit37,isatis-5325,31
isatis-circuit37,isatis-305109,32
isatis-circuit37,isatis-160396,33
isatis-circuit37,isatis-2907,34
isatis-circuit37,isatis-5328,35
isatis-circuit37,isatis-304419,36
isatis-circuit37,isatis-305110,37
isatis-circuit37,isatis-2910,38
isatis-circuit37,isatis-307852,39
isatis-circuit37,isatis-2923,40
isatis-circuit37,isatis-2927,41
isatis-circuit37,isatis-5331,42
isatis-circuit37,isatis-5332,43
isatis-circuit37,isatis-179467,44
isatis-circuit37,isatis-2939,45
isatis-circuit37,isatis-181625,46
isatis-circuit37,isatis-108123,47
isatis-circuit37,isatis-143321,48
isatis-circuit37,isatis-5306,48 bis
isatis-circuit37,isatis-2941,49
isatis-circuit37,isatis-5304,49 bis
isatis-circuit37,isatis-5300,50
isatis-circuit37,isatis-5299,51
isatis-circuit37,isatis-5298,52
isatis-circuit37,isatis-200813,52 bis
isatis-circuit37,isatis-5297,53
isatis-circuit37,isatis-5295,54
isatis-circuit37,isatis-5296,54 bis
isatis-circuit37,isatis-284745,55
isatis-circuit37,isatis-2945,56
isatis-circuit37,isatis-2944,56 bis
isatis-circuit37,isatis-5291,57
isatis-circuit38,isatis-5312,1
isatis-circuit38,isatis-5313,2
isatis-circuit38,isatis-121903,2 bis
isatis-circuit38,isatis-307845,3
isatis-circuit38,isatis-48426,4
isatis-circuit38,isatis-75098,5
isatis-circuit38,isatis-152812,5 bis
isatis-circuit38,isatis-85512,6
isatis-circuit38,isatis-5319,7
isatis-circuit38,isatis-5320,7 bis
isatis-circuit38,isatis-302024,8
isatis-circuit38,isatis-5323,8 bis
isatis-circuit38,isatis-132919,9
isatis-circuit38,isatis-280822,10
isatis-circuit38,isatis-13374,10 bis
isatis-circuit38,isatis-2931,11
isatis-circuit38,isatis-5329,12
isatis-circuit38,isatis-99863,13
isatis-circuit38,isatis-178989,13 bis
isatis-circuit38,isatis-2928,14
isatis-circuit38,isatis-18591,15
isatis-circuit38,isatis-2917,16
isatis-circuit38,isatis-85287,17
isatis-circuit38,isatis-2912,18
isatis-circuit38,isatis-185334,19
isatis-circuit38,isatis-284268,19 bis
isatis-circuit38,isatis-2916,20
isatis-circuit38,isatis-2913,21
isatis-circuit38,isatis-181723,22
isatis-circuit38,isatis-302030,23
isatis-circuit38,isatis-290392,24
isatis-circuit38,isatis-2903,25
isatis-circuit38,isatis-302035,26
isatis-circuit38,isatis-2898,27
isatis-circuit38,isatis-2899,28
isatis-circuit38,isatis-2900,29
isatis-circuit38,isatis-294617,30
isatis-circuit38,isatis-272004,31
isatis-circuit38,isatis-161788,32
isatis-circuit38,isatis-2896,33
isatis-circuit38,isatis-302233,34
isatis-circuit38,isatis-307859,35
isatis-circuit38,isatis-2897,36
isatis-circuit38,isatis-2905,37
isatis-circuit38,isatis-263698,38
isatis-circuit38,isatis-307858,38 bis
isatis-circuit38,isatis-2906,39
isatis-circuit38,isatis-200739,40
isatis-circuit38,isatis-2908,41
isatis-circuit38,isatis-307854,42
isatis-circuit38,isatis-307853,43
isatis-circuit38,isatis-2919,44
isatis-circuit38,isatis-72030,45
isatis-circuit38,isatis-2924,46
isatis-circuit38,isatis-2926,47
isatis-circuit38,isatis-2932,48
isatis-circuit38,isatis-307848,48 bis
isatis-circuit38,isatis-2938,49
isatis-circuit38,isatis-205646,49 bis
isatis-circuit38,isatis-2943,50
isatis-circuit38,isatis-2946,51
isatis-circuit38,isatis-302027,52
isatis-circuit38,isatis-17552,53
isatis-circuit38,isatis-302028,54
isatis-circuit38,isatis-2947,55
isatis-circuit38,isatis-2948,56
isatis-circuit38,isatis-2949,57
isatis-circuit39,isatis-2951,1
isatis-circuit39,isatis-2952,2
isatis-circuit39,isatis-2953,3
isatis-circuit39,isatis-2954,4
isatis-circuit39,isatis-2955,5
isatis-circuit39,isatis-2956,6
isatis-circuit39,isatis-2957,7
isatis-circuit39,isatis-2958,8
isatis-circuit39,isatis-2959,9
isatis-circuit39,isatis-2960,10
isatis-circuit39,isatis-2961,11
isatis-circuit39,isatis-2962,12
isatis-circuit39,isatis-2963,13
isatis-circuit39,isatis-2964,14
isatis-circuit39,isatis-2965,15
isatis-circuit39,isatis-2966,16
isatis-circuit39,isatis-2967,17
isatis-circuit39,isatis-2968,17 bis
isatis-circuit39,isatis-2969,18
isatis-circuit39,isatis-2970,19
isatis-circuit39,isatis-2971,20
isatis-circuit39,isatis-2972,21
isatis-circuit39,isatis-2973,22
isatis-circuit39,isatis-2974,23
isatis-circuit39,isatis-2975,24
isatis-circuit39,isatis-2976,25
isatis-circuit39,isatis-2977,26
isatis-circuit39,isatis-2978,27
isatis-circuit39,isatis-2979,28
isatis-circuit39,isatis-2980,29
isatis-circuit39,isatis-2981,30
isatis-circuit39,isatis-2982,31
isatis-circuit39,isatis-2983,32
isatis-circuit39,isatis-2984,33
isatis-circuit39,isatis-2985,34
isatis-circuit39,isatis-2986,35
isatis-circuit39,isatis-2987,36
isatis-circuit39,isatis-2988,37
isatis-circuit39,isatis-2989,38
isatis-circuit39,isatis-2990,39
isatis-circuit39,isatis-2991,40
isatis-circuit39,isatis-2992,41
isatis-circuit39,isatis-2993,42
isatis-circuit39,isatis-2994,43
isatis-circuit39,isatis-2995,44
isatis-circuit39,isatis-2996,45
isatis-circuit39,isatis-2997,46
isatis-circuit39,isatis-2998,47
isatis-circuit39,isatis-2999,48
isatis-circuit39,isatis-3000,49
isatis-circuit39,isatis-3001,50
isatis-circuit39,isatis-3003,51
isatis-circuit39,isatis-3002,52
isatis-circuit39,isatis-3004,53
isatis-circuit39,isatis-3005,54
isatis-circuit39,isatis-3006,55
isatis-circuit39,isatis-3007,56
isatis-circuit39,isatis-3008,57
isatis-circuit39,isatis-3009,58
isatis-circuit39,isatis-3010,59
isatis-circuit39,isatis-3011,60
isatis-circuit39,isatis-3012,61
isatis-circuit39,isatis-3013,62
isatis-circuit40,isatis-3060,1
isatis-circuit40,isatis-3014,2
isatis-circuit40,isatis-3015,3
isatis-circuit40,isatis-3059,4
isatis-circuit40,isatis-3016,5
isatis-circuit40,isatis-3017,6
isatis-circuit40,isatis-3018,7
isatis-circuit40,isatis-3019,8
isatis-circuit40,isatis-3020,9
isatis-circuit40,isatis-3022,10
isatis-circuit40,isatis-13513,11
isatis-circuit40,isatis-3023,12
isatis-circuit40,isatis-3024,13
isatis-circuit40,isatis-3025,14
isatis-circuit40,isatis-3026,15
isatis-circuit40,isatis-1538,16
isatis-circuit40,isatis-3027,17
isatis-circuit40,isatis-13516,18
isatis-circuit40,isatis-3061,19
isatis-circuit40,isatis-3029,20
isatis-circuit40,isatis-3030,21
isatis-circuit40,isatis-3031,22
isatis-circuit40,isatis-3032,23
isatis-circuit40,isatis-3033,24
isatis-circuit40,isatis-3034,25
isatis-circuit40,isatis-3035,26
isatis-circuit40,isatis-3036,27
isatis-circuit40,isatis-3037,28
isatis-circuit40,isatis-3038,29
isatis-circuit40,isatis-3040,30
isatis-circuit40,isatis-2386,31
isatis-circuit40,isatis-3041,32
isatis-circuit40,isatis-3042,33
isatis-circuit40,isatis-3043,34
isatis-circuit40,isatis-3044,35
isatis-circuit40,isatis-3045,36
isatis-circuit40,isatis-3046,37
isatis-circuit40,isatis-3047,38
isatis-circuit40,isatis-3048,39
isatis-circuit40,isatis-2355,40
isatis-circuit40,isatis-3049,41
isatis-circuit40,isatis-3050,42
isatis-circuit40,isatis-301687,43
isatis-circuit40,isatis-302807,44
isatis-circuit40,isatis-3052,45
isatis-circuit40,isatis-139339,46
isatis-circuit40,isatis-13375,47
isatis-circuit40,isatis-3053,48
isatis-circuit40,isatis-3057,49
isatis-circuit40,isatis-3055,50
isatis-circuit40,isatis-20063,51
etrechy-circuit220,etrechy-308285,1
etrechy-circuit220,etrechy-308286,2
etrechy-circuit220,etrechy-308287,3
etrechy-circuit220,etrechy-308348,4
etrechy-circuit220,etrechy-308349,5
etrechy-circuit220,etrechy-308350,6
etrechy-circuit220,etrechy-308351,7
etrechy-circuit220,etrechy-308352,8
etrechy-circuit220,etrechy-308353,9
etrechy-circuit220,etrechy-308354,10
etrechy-circuit220,etrechy-308355,11
etrechy-circuit220,etrechy-308356,12
etrechy-circuit220,etrechy-308357,13
etrechy-circuit220,etrechy-308358,14
etrechy-circuit220,etrechy-308359,15
etrechy-circuit220,etrechy-308360,16
etrechy-circuit220,etrechy-308361,17
etrechy-circuit220,etrechy-308362,18
etrechy-circuit220,etrechy-308363,19
etrechy-circuit220,etrechy-308364,20
etrechy-circuit220,etrechy-308365,21
etrechy-circuit220,etrechy-308366,22
etrechy-circuit220,etrechy-308367,23
etrechy-circuit220,etrechy-308368,24
etrechy-circuit220,etrechy-308369,25
etrechy-circuit220,etrechy-308370,26
etrechy-circuit220,etrechy-308371,27
etrechy-circuit220,etrechy-308372,28
etrechy-circuit220,etrechy-308373,29
etrechy-circuit220,etrechy-308374,30
etrechy-circuit220,etrechy-308375,31
etrechy-circuit220,etrechy-308376,32
etrechy-circuit220,etrechy-308377,33
etrechy-circuit220,etrechy-308378,34
etrechy-circuit220,etrechy-308379,35
etrechy-circuit220,etrechy-308380,36
etrechy-circuit220,etrechy-308381,37
etrechy-circuit220,etrechy-308382,38
etrechy-circuit220,etrechy-308383,39
etrechy-circuit220,etrechy-308384,40
etrechy-circuit220,etrechy-308385,41
etrechy-circuit359,etrechy-308400,1
etrechy-circuit359,etrechy-308405,2
etrechy-circuit359,etrechy-308401,3
etrechy-circuit359,etrechy-308402,4
etrechy-circuit359,etrechy-308386,4 bis
etrechy-circuit359,etrechy-308403,5
etrechy-circuit359,etrechy-308387,5 bis
etrechy-circuit359,etrechy-310472,6
etrechy-circuit359,etrechy-308391,7
etrechy-circuit359,etrechy-308388,8
etrechy-circuit359,etrechy-308389,9
etrechy-circuit359,etrechy-308390,9 bis
etrechy-circuit359,etrechy-309744,10
etrechy-circuit359,etrechy-308393,11
etrechy-circuit359,etrechy-308392,11 bis
etrechy-circuit359,etrechy-308394,12
etrechy-circuit359,etrechy-308395,13
etrechy-circuit359,etrechy-308396,14
etrechy-circuit359,etrechy-308397,14 bis
etrechy-circuit359,etrechy-310473,15
etrechy-circuit359,etrechy-308398,16
etrechy-circuit359,etrechy-308399,17
etrechy-circuit359,etrechy-310474,18
etrechy-circuit359,etrechy-310475,19
etrechy-circuit359,etrechy-308404,20
etrechy-circuit359,etrechy-310476,21
aigu-circuit70,aigu-5363,1
aigu-circuit70,aigu-5364,2
aigu-circuit70,aigu-39496,2 bis
aigu-circuit70,aigu-5365,3
aigu-circuit70,aigu-5380,4
aigu-circuit70,aigu-21397,5
aigu-circuit70,aigu-5378,6
aigu-circuit70,aigu-5366,7
aigu-circuit70,aigu-5367,8
aigu-circuit70,aigu-5368,9
aigu-circuit70,aigu-5369,10
aigu-circuit70,aigu-5370,11
aigu-circuit70,aigu-5371,12
aigu-circuit70,aigu-5372,13
aigu-circuit70,aigu-5373,14
aigu-circuit70,aigu-5374,15
aigu-circuit70,aigu-5375,16
aigu-circuit70,aigu-5376,17
aigu-circuit70,aigu-5377,18
aigu-circuit70,aigu-5381,19
aigu-circuit70,aigu-5382,20
aigu-circuit70,aigu-5383,21
aigu-circuit70,aigu-5384,22
aigu-circuit70,aigu-5385,23
aigu-circuit70,aigu-5386,24
aigu-circuit70,aigu-5387,25
aigu-circuit70,aigu-5388,26
aigu-circuit70,aigu-5389,27
aigu-circuit70,aigu-5390,28
aigu-circuit70,aigu-5391,29
aigu-circuit70,aigu-5392,30
aigu-circuit70,aigu-5393,31
aigu-circuit70,aigu-5394,32
aigu-circuit70,aigu-5395,33
aigu-circuit70,aigu-5396,34
aigu-circuit70,aigu-5397,35
aigu-circuit71,aigu-3323,1
aigu-circuit71,aigu-3324,2
aigu-circuit71,aigu-3325,3
aigu-circuit71,aigu-3326,3 bis
aigu-circuit71,aigu-3327,4
aigu-circuit71,aigu-3328,4 bis
aigu-circuit71,aigu-3329,5
aigu-circuit71,aigu-153524,5 bis
aigu-circuit71,aigu-3330,6
aigu-circuit71,aigu-3331,7
aigu-circuit71,aigu-3332,8
aigu-circuit71,aigu-3333,8 bis
aigu-circuit71,aigu-3334,9
aigu-circuit71,aigu-3335,10
aigu-circuit71,aigu-3336,10 bis
aigu-circuit71,aigu-3337,11
aigu-circuit71,aigu-3338,12
aigu-circuit71,aigu-3339,12 bis
aigu-circuit71,aigu-3340,13
aigu-circuit71,aigu-3341,14
aigu-circuit71,aigu-3342,15
aigu-circuit71,aigu-3343,15 bis
aigu-circuit71,aigu-3344,16
aigu-circuit71,aigu-3345,17
aigu-circuit71,aigu-3346,17 bis
aigu-circuit71,aigu-3347,18
aigu-circuit71,aigu-3348,18 bis
aigu-circuit71,aigu-3349,19
aigu-circuit71,aigu-3350,20
aigu-circuit71,aigu-3351,21
aigu-circuit71,aigu-3352,22
aigu-circuit71,aigu-3354,23
aigu-circuit71,aigu-3355,24
aigu-circuit71,aigu-3356,24 bis
aigu-circuit71,aigu-3357,24 ter
aigu-circuit71,aigu-3358,25
aigu-circuit71,aigu-3359,26
aigu-circuit71,aigu-3360,26 bis
aigu-circuit71,aigu-3362,27
aigu-circuit71,aigu-3363,28
aigu-circuit71,aigu-3364,28 bis
aigu-circuit71,aigu-3365,29
aigu-circuit71,aigu-3366,30
aigu-circuit71,aigu-3367,31
aigu-circuit71,aigu-3368,32
aigu-circuit71,aigu-3369,32 bis
aigu-circuit71,aigu-3370,33
aigu-circuit71,aigu-3371,34
aigu-circuit71,aigu-3372,34 bis
aigu-circuit71,aigu-3373,35
aigu-circuit71,aigu-3374,35 bis
aigu-circuit71,aigu-3375,36
aigu-circuit71,aigu-3376,37
aigu-circuit71,aigu-269194,37 bis
aigu-circuit71,aigu-3377,38
aigu-circuit71,aigu-3378,39
aigu-circuit71,aigu-3379,39 bis
aigu-circuit71,aigu-3380,40
aigu-circuit71,aigu-3381,41
aigu-circuit71,aigu-3382,42
aigu-circuit71,aigu-3383,43
aigu-circuit71,aigu-3384,44
aigu-circuit71,aigu-3385,45
aigu-circuit71,aigu-3386,46
aigu-circuit71,aigu-3387,47
aigu-circuit71,aigu-3388,48
aigu-circuit71,aigu-314841,48 bis
aigu-circuit72,aigu-5398,1
aigu-circuit72,aigu-5399,2
aigu-circuit72,aigu-9014,2 bis
aigu-circuit72,aigu-5400,3
aigu-circuit72,aigu-5401,4
aigu-circuit72,aigu-9016,4 bis
aigu-circuit72,aigu-5402,5
aigu-circuit72,aigu-5403,6
aigu-circuit72,aigu-9026,6 bis
aigu-circuit72,aigu-9141,6 ter
aigu-circuit72,aigu-5404,7
aigu-circuit72,aigu-5405,8
aigu-circuit72,aigu-5406,9
aigu-circuit72,aigu-5407,10
aigu-circuit72,aigu-5408,11
aigu-circuit72,aigu-5409,12
aigu-circuit72,aigu-5410,13
aigu-circuit72,aigu-5411,14
aigu-circuit72,aigu-5412,15
aigu-circuit72,aigu-5413,16
aigu-circuit72,aigu-5414,17
aigu-circuit72,aigu-5415,18
aigu-circuit72,aigu-5416,19
aigu-circuit72,aigu-5417,20
aigu-circuit72,aigu-5418,21
aigu-circuit72,aigu-5419,22
aigu-circuit72,aigu-5420,23
aigu-circuit72,aigu-5421,24
aigu-circuit72,aigu-5422,25
aigu-circuit72,aigu-5423,26
aigu-circuit72,aigu-5424,27
aigu-circuit72,aigu-5425,28
aigu-circuit72,aigu-5426,29
aigu-circuit72,aigu-5427,30
aigu-circuit72,aigu-5428,31
aigu-circuit72,aigu-5429,32
aigu-circuit72,aigu-5430,33
aigu-circuit72,aigu-5431,34
aigu-circuit72,aigu-5432,35
aigu-circuit72,aigu-5433,36
aigu-circuit72,aigu-5434,37
aigu-circuit72,aigu-5435,38
aigu-circuit72,aigu-5436,39
aigu-circuit72,aigu-5437,40
aigu-circuit72,aigu-5438,41
aigu-circuit72,aigu-5439,42
aigu-circuit72,aigu-5440,43
aigu-circuit72,aigu-5441,44
aigu-circuit72,aigu-5442,45
aigu-circuit72,aigu-5443,46
aigu-circuit72,aigu-5444,47
aigu-circuit72,aigu-5445,48
aigu-circuit72,aigu-5446,49
aigu-circuit72,aigu-5447,50
aigu-circuit72,aigu-5448,51
aigu-circuit72,aigu-5451,52
aigu-circuit72,aigu-5452,53
aigu-circuit72,aigu-5453,54
plaines-circuit41,plaines-177553,D
plaines-circuit41,plaines-126541,D bis
plaines-circuit41,plaines-5212,1
plaines-circuit41,plaines-5213,2
plaines-circuit41,plaines-5214,3
plaines-circuit41,plaines-5215,4
plaines-circuit41,plaines-5216,5
plaines-circuit41,plaines-5217,6
plaines-circuit41,plaines-5218,7
plaines-circuit41,plaines-5219,7 bis
plaines-circuit41,plaines-163281,7 ter
plaines-circuit41,plaines-5220,8
plaines-circuit41,plaines-5221,9
plaines-circuit41,plaines-5222,10
plaines-circuit41,plaines-5223,11
plaines-circuit41,plaines-5224,12
plaines-circuit41,plaines-5225,13
plaines-circuit41,plaines-5226,14
plaines-circuit41,plaines-5227,15
plaines-circuit41,plaines-5228,16
plaines-circuit41,plaines-5229,17
plaines-circuit41,plaines-5230,18
plaines-circuit41,plaines-5231,19
plaines-circuit41,plaines-5232,20
plaines-circuit41,plaines-5281,21
plaines-circuit41,plaines-5276,22
plaines-circuit41,plaines-5275,23
plaines-circuit41,plaines-5277,24
plaines-circuit41,plaines-5278,25
plaines-circuit41,plaines-5279,26
plaines-circuit41,plaines-5282,27
plaines-circuit42,plaines-3062,1
plaines-circuit42,plaines-3070,2
plaines-circuit42,plaines-3068,3
plaines-circuit42,plaines-3063,3 bis
plaines-circuit42,plaines-135444,4
plaines-circuit42,plaines-142728,4 bis
plaines-circuit42,plaines-51170,5
plaines-circuit42,plaines-83564,5 bis
plaines-circuit42,plaines-3071,6
plaines-circuit42,plaines-3064,7
plaines-circuit42,plaines-3072,8
plaines-circuit42,plaines-3065,9
plaines-circuit42,plaines-3073,9 bis
plaines-circuit42,plaines-3079,10
plaines-circuit42,plaines-3076,11
plaines-circuit42,plaines-3091,12
plaines-circuit42,plaines-134162,13
plaines-circuit42,plaines-3081,13 bis
plaines-circuit42,plaines-3080,14
plaines-circuit42,plaines-297445,15
plaines-circuit42,plaines-3083,16
plaines-circuit42,plaines-3069,17
plaines-circuit42,plaines-79448,18
plaines-circuit42,plaines-3086,19
plaines-circuit42,plaines-177908,19 bis
plaines-circuit42,plaines-3087,20
plaines-circuit42,plaines-126521,21
plaines-circuit42,plaines-3088,22
plaines-circuit42,plaines-3075,23
plaines-circuit42,plaines-36705,24
plaines-circuit42,plaines-291024,24 bis
plaines-circuit42,plaines-282578,25
plaines-circuit42,plaines-293764,26
plaines-circuit42,plaines-172406,27
plaines-circuit42,plaines-132216,28
plaines-circuit42,plaines-309603,28 bis
plaines-circuit42,plaines-214393,29
plaines-circuit42,plaines-3078,30
plaines-circuit42,plaines-62754,31
plaines-circuit42,plaines-192274,32
plaines-circuit42,plaines-3084,32 bis
plaines-circuit43,plaines-5233,D
plaines-circuit43,plaines-5234,1
plaines-circuit43,plaines-5235,2
plaines-circuit43,plaines-5236,3
plaines-circuit43,plaines-5238,3 bis
plaines-circuit43,plaines-309553,4
plaines-circuit43,plaines-5239,5
plaines-circuit43,plaines-5240,6
plaines-circuit43,plaines-309551,7
plaines-circuit43,plaines-309552,7 bis
plaines-circuit43,plaines-5241,8
plaines-circuit43,plaines-5242,9
plaines-circuit43,plaines-5243,10
plaines-circuit43,plaines-5244,11
plaines-circuit43,plaines-5245,12
plaines-circuit43,plaines-5246,13
plaines-circuit43,plaines-221472,14
plaines-circuit43,plaines-5280,14 bis
plaines-circuit43,plaines-5251,15
plaines-circuit43,plaines-5250,16
plaines-circuit43,plaines-5248,17
plaines-circuit43,plaines-5252,17 bis
plaines-circuit43,plaines-5247,18
plaines-circuit43,plaines-5255,19
plaines-circuit43,plaines-207400,20
plaines-circuit43,plaines-309550,21
plaines-circuit43,plaines-5254,21 bis
plaines-circuit43,plaines-5256,22
plaines-circuit43,plaines-20151,22 bis
plaines-circuit43,plaines-5257,23
plaines-circuit43,plaines-5258,24
plaines-circuit43,plaines-5259,25
plaines-circuit43,plaines-5260,26
plaines-circuit43,plaines-314780,27
plaines-circuit43,plaines-314781,28
plaines-circuit43,plaines-5263,29
plaines-circuit43,plaines-5264,30
plaines-circuit43,plaines-5265,31
plaines-circuit43,plaines-5266,32
plaines-circuit43,plaines-5267,33
plaines-circuit43,plaines-5268,34
plaines-circuit43,plaines-5269,35
plaines-circuit43,plaines-5270,36
plaines-circuit43,plaines-5271,37
plaines-circuit43,plaines-5272,38
plaines-circuit43,plaines-5274,39
plaines-circuit43,plaines-133704,40
plaines-circuit43,plaines-197412,41
germainest-circuit61,germainest-313297,D
germainest-circuit61,germainest-313298,1
germainest-circuit61,germainest-313299,1 bis
germainest-circuit61,germainest-313300,2
germainest-circuit61,germainest-313301,2 bis
germainest-circuit61,germainest-313302,2 ter
germainest-circuit61,germainest-313303,3
germainest-circuit61,germainest-313380,3 bis
germainest-circuit61,germainest-313304,4
germainest-circuit61,germainest-313305,5
germainest-circuit61,germainest-313379,5 bis
germainest-circuit61,germainest-313306,6
germainest-circuit61,germainest-313307,7
germainest-circuit61,germainest-313308,8
germainest-circuit61,germainest-313378,8 bis
germainest-circuit61,germainest-313377,8 ter
germainest-circuit61,germainest-313309,9
germainest-circuit61,germainest-313376,9 bis
germainest-circuit61,germainest-313375,9 ter
germainest-circuit61,germainest-313310,10
germainest-circuit61,germainest-313374,10 bis
germainest-circuit61,germainest-313373,10 ter
germainest-circuit61,germainest-313311,11
germainest-circuit61,germainest-313312,12
germainest-circuit61,germainest-313313,13
germainest-circuit61,germainest-313314,14
germainest-circuit61,germainest-313372,14 bis
germainest-circuit61,germainest-313371,14 ter
germainest-circuit61,germainest-313315,15
germainest-circuit61,germainest-313370,15 bis
germainest-circuit61,germainest-313316,16
germainest-circuit61,germainest-313317,17
germainest-circuit61,germainest-313318,18
germainest-circuit61,germainest-313369,18 bis
germainest-circuit61,germainest-313368,18 ter
germainest-circuit61,germainest-313319,19
germainest-circuit61,germainest-313367,19 bis
germainest-circuit61,germainest-313366,19 ter
germainest-circuit61,germainest-313365,19 quat
germainest-circuit61,germainest-313320,20
germainest-circuit61,germainest-313321,21
germainest-circuit61,germainest-313322,22
germainest-circuit61,germainest-313323,23
germainest-circuit61,germainest-313324,24
germainest-circuit61,germainest-313325,25
germainest-circuit61,germainest-313364,25 bis
germainest-circuit61,germainest-313326,26
germainest-circuit61,germainest-313363,26 bis
germainest-circuit61,germainest-313327,27
germainest-circuit61,germainest-313328,28
germainest-circuit61,germainest-313362,28 bis
germainest-circuit61,germainest-313361,28 ter
germainest-circuit61,germainest-313329,29
germainest-circuit61,germainest-313330,30
germainest-circuit61,germainest-313331,31
germainest-circuit61,germainest-313360,31 bis
germainest-circuit61,germainest-313359,31 ter
germainest-circuit61,germainest-313358,31 quat
germainest-circuit61,germainest-313332,32
germainest-circuit61,germainest-313357,32 bis
germainest-circuit61,germainest-313333,33
germainest-circuit61,germainest-313356,33 bis
germainest-circuit61,germainest-313334,34
germainest-circuit61,germainest-313335,35
germainest-circuit61,germainest-313355,35 bis
germainest-circuit61,germainest-313336,36
germainest-circuit61,germainest-313337,37
germainest-circuit61,germainest-313338,38
germainest-circuit61,germainest-313339,39
germainest-circuit61,germainest-313340,40
germainest-circuit61,germainest-313354,40 bis
germainest-circuit61,germainest-313341,41
germainest-circuit61,germainest-313342,42
germainest-circuit61,germainest-313343,43
germainest-circuit61,germainest-313344,44
germainest-circuit61,germainest-313353,44 bis
germainest-circuit61,germainest-313345,45
germainest-circuit61,germainest-313346,46
germainest-circuit61,germainest-313347,47
germainest-circuit61,germainest-313348,48
germainest-circuit61,germainest-313349,49
germainest-circuit61,germainest-313352,49 bis
germainest-circuit61,germainest-313350,50
germainest-circuit61,germainest-313351,51
germainest-circuit62,germainest-4566,D
germainest-circuit62,germainest-4564,1
germainest-circuit62,germainest-4565,2
germainest-circuit62,germainest-4567,3
germainest-circuit62,germainest-4568,4
germainest-circuit62,germainest-4569,5
germainest-circuit62,germainest-4570,6
germainest-circuit62,germainest-4571,7
germainest-circuit62,germainest-4572,8
germainest-circuit62,germainest-4573,9
germainest-circuit62,germainest-4574,10
germainest-circuit62,germainest-4575,11
germainest-circuit62,germainest-4576,11 bis
germainest-circuit62,germainest-4577,12
germainest-circuit62,germainest-4578,13
germainest-circuit62,germainest-4579,14
germainest-circuit62,germainest-4580,15
germainest-circuit62,germainest-4581,16
germainest-circuit62,germainest-4582,17
germainest-circuit62,germainest-4583,18
germainest-circuit62,germainest-4585,19
germainest-circuit62,germainest-4586,20
germainest-circuit62,germainest-4587,21
germainest-circuit62,germainest-4588,22
germainest-circuit62,germainest-4590,23
germainest-circuit62,germainest-4591,24
germainest-circuit62,germainest-4592,25
germainest-circuit62,germainest-4593,26
germainest-circuit62,germainest-4595,27
germainest-circuit62,germainest-4594,28
germainest-circuit62,germainest-4596,29
germainest-circuit62,germainest-4597,30
germainest-circuit62,germainest-4598,31
germainest-circuit62,germainest-4599,32
germainest-circuit62,germainest-4600,33
germainest-circuit62,germainest-4601,34
germainest-circuit62,germainest-4604,35
germainest-circuit62,germainest-4603,36
germainest-circuit62,germainest-4605,37
germainest-circuit62,germainest-4606,38
germainest-circuit62,germainest-4607,39
germainest-circuit62,germainest-4584,40
germainest-circuit62,germainest-4589,40 bis
germainest-circuit62,germainest-4609,41
germainest-circuit62,germainest-4610,42
germainest-circuit62,germainest-4611,43
germainest-circuit62,germainest-4612,44
germainest-circuit62,germainest-4613,45
germainest-circuit62,germainest-4614,46
germainest-circuit62,germainest-4615,47
germainest-circuit62,germainest-4616,48
germainest-circuit62,germainest-4617,49
germainest-circuit62,germainest-4618,49 bis
germainest-circuit320,germainest-117388,1
germainest-circuit320,germainest-45710,1 bis
germainest-circuit320,germainest-47579,2
germainest-circuit320,germainest-255427,3
germainest-circuit320,germainest-148546,4
germainest-circuit320,germainest-258555,5
germainest-circuit320,germainest-126212,6
germainest-circuit320,germainest-216908,7
germainest-circuit320,germainest-53447,8
germainest-circuit320,germainest-250776,9
germainest-circuit320,germainest-107773,10
germainest-circuit320,germainest-231788,11
germainest-circuit320,germainest-47964,12
germainest-circuit320,germainest-233756,13
germainest-circuit320,germainest-54625,14
germainest-circuit320,germainest-43845,15
germainest-circuit320,germainest-91530,16
germainest-circuit320,germainest-121713,16 bis
germainest-circuit320,germainest-220998,17
germainest-circuit320,germainest-213911,18
germainest-circuit320,germainest-104191,19
germainest-circuit320,germainest-203339,20
germainest-circuit320,germainest-38512,21
germainest-circuit320,germainest-4656,22
germainest-circuit320,germainest-148455,23
germainest-circuit320,germainest-146598,24
germainest-circuit320,germainest-74384,25
germainest-circuit320,germainest-274875,26
germainest-circuit320,germainest-268036,27
germainest-circuit320,germainest-42972,28
germainest-circuit320,germainest-280097,29
germainest-circuit320,germainest-258966,30
germainest-circuit320,germainest-110231,31
germainest-circuit64,germainest-4619,1
germainest-circuit64,germainest-4620,2
germainest-circuit64,germainest-4624,3
germainest-circuit64,germainest-4625,4
germainest-circuit64,germainest-4626,5
germainest-circuit64,germainest-4628,6
germainest-circuit64,germainest-84899,7
germainest-circuit64,germainest-4629,8
germainest-circuit64,germainest-4631,9
germainest-circuit64,germainest-4632,10
germainest-circuit64,germainest-4633,11
germainest-circuit64,germainest-4636,12
germainest-circuit64,germainest-4638,13
germainest-circuit64,germainest-4639,14
germainest-circuit64,germainest-4640,15
germainest-circuit64,germainest-4642,16
germainest-circuit64,germainest-4643,17
germainest-circuit64,germainest-4644,18
germainest-circuit64,germainest-4648,19
germainest-circuit64,germainest-4647,20
germainest-circuit64,germainest-4650,21
germainest-circuit64,germainest-4654,22
germainest-circuit64,germainest-4655,23
germainest-circuit64,germainest-231118,24
germainest-circuit64,germainest-4659,25
germainest-circuit64,germainest-43404,26
germainest-circuit64,germainest-4664,27
germainest-circuit64,germainest-4660,28
germainest-circuit64,germainest-4661,29
germainest-circuit64,germainest-4665,30
germainest-circuit64,germainest-94789,31
germainest-circuit64,germainest-4668,32
germainest-circuit64,germainest-4671,33
germainest-circuit64,germainest-4672,34
germainest-circuit64,germainest-300846,35
germainest-circuit64,germainest-195275,36
germainest-circuit321,germainest-4622,1
germainest-circuit321,germainest-4621,2
germainest-circuit321,germainest-133867,3
germainest-circuit321,germainest-4627,4
germainest-circuit321,germainest-4630,5
germainest-circuit321,germainest-4634,6
germainest-circuit321,germainest-131840,6 bis
germainest-circuit321,germainest-55470,7
germainest-circuit321,germainest-4637,8
germainest-circuit321,germainest-4641,9
germainest-circuit321,germainest-134057,10
germainest-circuit321,germainest-80962,11
germainest-circuit321,germainest-4646,12
germainest-circuit321,germainest-4645,13
germainest-circuit321,germainest-249020,13 bis
germainest-circuit321,germainest-65061,14
germainest-circuit321,germainest-4649,15
germainest-circuit321,germainest-305651,16
germainest-circuit321,germainest-4651,17
germainest-circuit321,germainest-4652,18
germainest-circuit321,germainest-4653,19
germainest-circuit321,germainest-176447,19 bis
germainest-circuit321,germainest-245257,20
germainest-circuit321,germainest-161606,21
germainest-circuit321,germainest-115120,22
germainest-circuit321,germainest-218720,23
germainest-circuit321,germainest-271154,24
germainest-circuit321,germainest-81251,25
germainest-circuit321,germainest-251925,26
germainest-circuit321,germainest-4663,27
germainest-circuit321,germainest-256908,28
germainest-circuit321,germainest-4666,29
germainest-circuit321,germainest-4667,29 bis
germainest-circuit321,germainest-140258,30
germainest-circuit321,germainest-4669,31
germainest-circuit321,germainest-4670,32
germainest-circuit321,germainest-4635,32 bis
germainest-circuit321,germainest-37347,33
germainest-circuit321,germainest-4673,34
mee-circuit258,mee-15972,1
mee-circuit258,mee-15971,2
mee-circuit258,mee-24960,2 bis
mee-circuit258,mee-15973,3
mee-circuit258,mee-15974,4
mee-circuit258,mee-15975,5
mee-circuit258,mee-24961,5 bis
mee-circuit258,mee-15976,6
mee-circuit258,mee-15977,7
mee-circuit258,mee-15978,8
mee-circuit258,mee-15979,9
mee-circuit258,mee-24962,9 bis
mee-circuit258,mee-15980,10
mee-circuit258,mee-15981,11
mee-circuit258,mee-15982,12
mee-circuit258,mee-15983,13
mee-circuit258,mee-15984,14
mee-circuit258,mee-24969,14 bis
mee-circuit258,mee-15985,15
mee-circuit258,mee-15986,16
mee-circuit258,mee-15987,17
mee-circuit258,mee-15988,18
mee-circuit258,mee-15989,19
mee-circuit258,mee-15990,20
mee-circuit258,mee-24963,20 bis
mee-circuit258,mee-24965,20 ter
mee-circuit258,mee-15991,21
mee-circuit258,mee-15992,22
mee-circuit258,mee-15993,23
mee-circuit258,mee-15994,24
mee-circuit258,mee-15995,25
mee-circuit258,mee-15996,26
mee-circuit258,mee-15997,27
mee-circuit258,mee-15998,28
mee-circuit258,mee-15999,29
mee-circuit258,mee-16000,30
mee-circuit258,mee-16001,31
mee-circuit258,mee-24966,31 bis
mee-circuit258,mee-16002,32
mee-circuit258,mee-16003,33
mee-circuit258,mee-16004,34
mee-circuit258,mee-16005,35
mee-circuit258,mee-24967,35 bis
mee-circuit258,mee-16006,36
mee-circuit258,mee-24956,37
mee-circuit258,mee-24957,38
mee-circuit258,mee-24958,39
mee-circuit258,mee-24959,40
mee-circuit115,mee-24989,1
mee-circuit115,mee-24990,1 bis
mee-circuit115,mee-24991,2
mee-circuit115,mee-304754,2 bis
mee-circuit115,mee-24992,3
mee-circuit115,mee-24993,4
mee-circuit115,mee-24994,5
mee-circuit115,mee-24995,6
mee-circuit115,mee-24996,7
mee-circuit115,mee-6239,8
mee-circuit115,mee-25001,9
mee-circuit115,mee-25003,10
mee-circuit115,mee-25005,11
mee-circuit115,mee-304755,11 bis
mee-circuit115,mee-25006,12
mee-circuit115,mee-25007,13
mee-circuit115,mee-77372,13 bis
mee-circuit115,mee-25009,14
mee-circuit115,mee-25010,15
mee-circuit115,mee-25011,16
mee-circuit115,mee-6196,17
mee-circuit115,mee-6197,18
mee-circuit115,mee-25033,19
mee-circuit115,mee-25034,20
mee-circuit115,mee-6256,20 bis
mee-circuit115,mee-6188,21
mee-circuit115,mee-6211,22
mee-circuit115,mee-6185,23
mee-circuit115,mee-6186,24
mee-circuit115,mee-232618,25
mee-circuit115,mee-6189,25 bis
mee-circuit115,mee-6190,26
mee-circuit115,mee-6191,27
mee-circuit115,mee-25036,28
mee-circuit115,mee-6192,29
mee-circuit115,mee-6202,30
mee-circuit115,mee-6194,31
mee-circuit115,mee-25044,32
mee-circuit115,mee-25045,33
mee-circuit115,mee-6199,34
mee-circuit115,mee-298604,34 bis
mee-circuit115,mee-25046,35
mee-circuit115,mee-6203,36
mee-circuit115,mee-6205,37
mee-circuit115,mee-25035,38
mee-circuit115,mee-6212,39
mee-circuit115,mee-25049,39 bis
mee-circuit115,mee-6208,40
mee-circuit115,mee-6209,41
mee-circuit115,mee-6210,42
mee-circuit115,mee-25050,43
mee-circuit115,mee-6214,44
mee-circuit115,mee-6215,45
mee-circuit115,mee-6216,46
mee-circuit115,mee-6219,47
mee-circuit115,mee-6220,48
mee-circuit115,mee-25052,49
mee-circuit115,mee-24968,50
mee-circuit115,mee-6226,50 bis
mee-circuit115,mee-25038,51
mee-circuit115,mee-6228,52
mee-circuit115,mee-4139,53
mee-circuit115,mee-6229,54
mee-circuit115,mee-6223,55
mee-circuit115,mee-25037,56
mee-circuit115,mee-6230,57
mee-circuit116,mee-6233,1
mee-circuit116,mee-6300,1 bis
mee-circuit116,mee-304750,1 ter
mee-circuit116,mee-6235,1 quat
mee-circuit116,mee-6234,2
mee-circuit116,mee-304751,3
mee-circuit116,mee-8569,3 bis
mee-circuit116,mee-6236,4
mee-circuit116,mee-6237,5
mee-circuit116,mee-6238,5 bis
mee-circuit116,mee-24999,6
mee-circuit116,mee-304745,7
mee-circuit116,mee-6251,7 bis
mee-circuit116,mee-6250,8
mee-circuit116,mee-6240,9
mee-circuit116,mee-304744,9 bis
mee-circuit116,mee-25002,10
mee-circuit116,mee-304752,10 bis
mee-circuit116,mee-6243,10 ter
mee-circuit116,mee-304743,11
mee-circuit116,mee-25031,12
mee-circuit116,mee-304730,13
mee-circuit116,mee-304701,14
mee-circuit116,mee-304700,15
mee-circuit116,mee-16012,16
mee-circuit116,mee-304741,17
mee-circuit116,mee-6244,18
mee-circuit116,mee-6246,18 bis
mee-circuit116,mee-6247,18 ter
mee-circuit116,mee-6248,19
mee-circuit116,mee-6241,19 bis
mee-circuit116,mee-6249,20
mee-circuit116,mee-304742,20 bis
mee-circuit116,mee-6187,21
mee-circuit116,mee-23542,21 bis
mee-circuit116,mee-183170,21 ter
mee-circuit116,mee-6253,22
mee-circuit116,mee-6257,23
mee-circuit116,mee-6213,24
mee-circuit116,mee-304739,24 bis
mee-circuit116,mee-6255,25
mee-circuit116,mee-25047,26
mee-circuit116,mee-6198,26 bis
mee-circuit116,mee-6260,27
mee-circuit116,mee-6262,28
mee-circuit116,mee-304738,28 bis
mee-circuit116,mee-6321,29
mee-circuit116,mee-6264,30
mee-circuit116,mee-6200,30 bis
mee-circuit116,mee-310390,31
mee-circuit116,mee-6266,32
mee-circuit116,mee-6227,33
mee-circuit116,mee-6267,34
mee-circuit116,mee-6268,35
mee-circuit116,mee-6269,36
mee-circuit116,mee-304737,37
mee-circuit116,mee-6271,37 bis
mee-circuit116,mee-6272,38
mee-circuit116,mee-25068,38 bis
mee-circuit116,mee-304735,39
mee-circuit116,mee-304734,40
mee-circuit116,mee-304736,40 bis
mee-circuit116,mee-6275,41
mee-circuit116,mee-304733,41 bis
mee-circuit116,mee-304732,42
mee-circuit116,mee-6331,43
mee-circuit116,mee-6276,44
mee-circuit116,mee-6277,45
mee-circuit116,mee-22551,45 bis
mee-circuit116,mee-304731,46
mee-circuit116,mee-6279,47
mee-circuit116,mee-6335,47 bis
mee-circuit116,mee-8606,48
mee-circuit116,mee-6339,49
mee-circuit116,mee-6282,50
mee-circuit116,mee-6281,50 bis
mee-circuit117,mee-6283,1
mee-circuit117,mee-23552,1 bis
mee-circuit117,mee-6284,2
mee-circuit117,mee-8548,2 bis
mee-circuit117,mee-6285,3
mee-circuit117,mee-6286,4
mee-circuit117,mee-23557,4 bis
mee-circuit117,mee-6287,5
mee-circuit117,mee-23556,5 bis
mee-circuit117,mee-6288,6
mee-circuit117,mee-303052,6 bis
mee-circuit117,mee-6289,7
mee-circuit117,mee-13814,7 bis
mee-circuit117,mee-6290,8
mee-circuit117,mee-122724,8 bis
mee-circuit117,mee-16013,9
mee-circuit117,mee-304729,9 bis
mee-circuit117,mee-6292,10
mee-circuit117,mee-23544,10 bis
mee-circuit117,mee-8556,10 ter
mee-circuit117,mee-8559,11
mee-circuit117,mee-6293,12
mee-circuit117,mee-16008,12 bis
mee-circuit117,mee-6294,13
mee-circuit117,mee-6295,14
mee-circuit117,mee-6296,15
mee-circuit117,mee-6297,16
mee-circuit117,mee-6298,17
mee-circuit117,mee-6299,18
mee-circuit117,mee-6301,19
mee-circuit117,mee-22552,20
mee-circuit117,mee-8571,20 bis
mee-circuit117,mee-6303,21
mee-circuit117,mee-6304,22
mee-circuit117,mee-6242,23
mee-circuit117,mee-6305,24
mee-circuit117,mee-6308,25
mee-circuit117,mee-6309,26
mee-circuit117,mee-6310,26 bis
mee-circuit117,mee-6311,27
mee-circuit117,mee-6312,28
mee-circuit117,mee-6313,29
mee-circuit117,mee-303053,29 bis
mee-circuit117,mee-6258,30
mee-circuit117,mee-6315,31
mee-circuit117,mee-6314,32
mee-circuit117,mee-6316,33
mee-circuit117,mee-23550,33 bis
mee-circuit117,mee-6318,34
mee-circuit117,mee-6317,34 bis
mee-circuit117,mee-6319,35
mee-circuit117,mee-6320,36
mee-circuit117,mee-6322,37
mee-circuit117,mee-304727,38
mee-circuit117,mee-6323,39
mee-circuit117,mee-6324,40
mee-circuit117,mee-6325,41
mee-circuit117,mee-8594,41 bis
mee-circuit117,mee-6327,42
mee-circuit117,mee-6328,43
mee-circuit117,mee-6329,44
mee-circuit117,mee-6332,45
mee-circuit117,mee-303054,45 bis
mee-circuit117,mee-6333,46
mee-circuit117,mee-6330,47
mee-circuit117,mee-6334,48
mee-circuit117,mee-303055,49
mee-circuit117,mee-303056,50
mee-circuit117,mee-6336,51
mee-circuit117,mee-6337,52
mee-circuit117,mee-6338,52 bis
mee-circuit117,mee-304728,53
mee-circuit117,mee-8607,54
mee-circuit117,mee-6340,55
mignot-circuit243,mignot-298349,1
mignot-circuit243,mignot-43374,2
mignot-circuit243,mignot-85440,3
mignot-circuit243,mignot-156882,4
mignot-circuit243,mignot-77802,5
mignot-circuit243,mignot-95381,6
mignot-circuit243,mignot-117769,7
mignot-circuit243,mignot-212338,8
mignot-circuit243,mignot-294611,9
mignot-circuit243,mignot-146796,10
mignot-circuit243,mignot-288216,11
mignot-circuit243,mignot-240799,12
mignot-circuit243,mignot-47676,13
mignot-circuit243,mignot-98900,13 bis
mignot-circuit243,mignot-228492,14
mignot-circuit243,mignot-170530,15
mignot-circuit243,mignot-296417,16
mignot-circuit243,mignot-190687,17
mignot-circuit243,mignot-82663,18
mignot-circuit243,mignot-239197,18 bis
mignot-circuit243,mignot-213974,19
mignot-circuit243,mignot-93635,20
mignot-circuit243,mignot-279754,21
mignot-circuit243,mignot-101757,21 bis
mignot-circuit243,mignot-182320,22
mignot-circuit243,mignot-268325,23
mignot-circuit243,mignot-123485,24
mignot-circuit243,mignot-215916,25
mignot-circuit243,mignot-252116,26
mignot-circuit243,mignot-98066,27
mignot-circuit243,mignot-264780,28
sabots-circuit389,sabots-314644,D
sabots-circuit389,sabots-314643,1
sabots-circuit389,sabots-314642,2
sabots-circuit389,sabots-314641,3
sabots-circuit389,sabots-314640,4
sabots-circuit389,sabots-314639,5
sabots-circuit389,sabots-314638,6
sabots-circuit389,sabots-314637,7
sabots-circuit389,sabots-314636,8
sabots-circuit389,sabots-314635,9
sabots-circuit389,sabots-314634,10
sabots-circuit389,sabots-314633,11
sabots-circuit389,sabots-314632,12
sabots-circuit389,sabots-314631,13
sabots-circuit389,sabots-314630,14
sabots-circuit389,sabots-314629,15
sabots-circuit389,sabots-314628,16
sabots-circuit389,sabots-314627,17
sabots-circuit389,sabots-314626,18
sabots-circuit389,sabots-314625,19
sabots-circuit389,sabots-314624,20
sabots-circuit389,sabots-314623,21
sabots-circuit389,sabots-314622,22
sabots-circuit389,sabots-314621,23
sabots-circuit389,sabots-314620,24
sabots-circuit389,sabots-314619,25
sabots-circuit389,sabots-314618,26
sabots-circuit97,sabots-135951,1
sabots-circuit97,sabots-298503,1 bis
sabots-circuit97,sabots-89152,2
sabots-circuit97,sabots-136967,3
sabots-circuit97,sabots-65973,4
sabots-circuit97,sabots-31913,5
sabots-circuit97,sabots-107384,6
sabots-circuit97,sabots-289423,7
sabots-circuit97,sabots-194069,7 bis
sabots-circuit97,sabots-43832,8
sabots-circuit97,sabots-145317,9
sabots-circuit97,sabots-231713,10
sabots-circuit97,sabots-291169,11
sabots-circuit97,sabots-258023,12
sabots-circuit97,sabots-45566,12 bis
sabots-circuit97,sabots-158723,13
sabots-circuit97,sabots-109711,14
sabots-circuit97,sabots-103137,15
sabots-circuit97,sabots-109286,16
sabots-circuit97,sabots-258736,17
sabots-circuit97,sabots-278763,18
sabots-circuit97,sabots-191819,18 bis
sabots-circuit97,sabots-286582,19
sabots-circuit97,sabots-265805,20
sabots-circuit97,sabots-159112,21
sabots-circuit97,sabots-284131,22
sabots-circuit97,sabots-219004,23
sabots-circuit97,sabots-104041,23 bis
sabots-circuit97,sabots-198416,24
sabots-circuit97,sabots-278219,25
sabots-circuit97,sabots-34186,25 bis
sabots-circuit97,sabots-84387,26
sabots-circuit97,sabots-228411,27
sabots-circuit97,sabots-204281,28
sabots-circuit97,sabots-281517,29
sabots-circuit97,sabots-239853,30
sabots-circuit97,sabots-259249,31
sabots-circuit97,sabots-113599,32
sabots-circuit97,sabots-146537,33
sabots-circuit97,sabots-269477,34
sabots-circuit97,sabots-38242,35
sabots-circuit97,sabots-132335,35 bis
sabots-circuit97,sabots-94843,36
sabots-circuit97,sabots-142890,36 bis
sabots-circuit97,sabots-139981,37
sabots-circuit97,sabots-106824,37 bis
sabots-circuit97,sabots-222686,38
sabots-circuit97,sabots-282139,39
sabots-circuit97,sabots-262794,39 bis
sabots-circuit97,sabots-49240,40
sabots-circuit97,sabots-194938,40 bis
sabots-circuit97,sabots-135930,40 ter
sabots-circuit358,sabots-309739,1
sabots-circuit358,sabots-309742,2
sabots-circuit358,sabots-312020,3
sabots-circuit358,sabots-313293,4
sabots-circuit358,sabots-312035,5
sabots-circuit358,sabots-312081,5 bis
sabots-circuit358,sabots-312034,6
sabots-circuit358,sabots-312033,7
sabots-circuit358,sabots-312032,8
sabots-circuit358,sabots-5659,9
sabots-circuit358,sabots-312083,9 bis
sabots-circuit358,sabots-312031,10
sabots-circuit358,sabots-312030,11
sabots-circuit358,sabots-309741,12
sabots-circuit358,sabots-5655,12 bis
sabots-circuit358,sabots-5651,13
sabots-circuit358,sabots-249029,14
sabots-circuit358,sabots-312029,15
sabots-circuit358,sabots-312028,16
sabots-circuit358,sabots-312082,16 bis
sabots-circuit358,sabots-312027,17
sabots-circuit358,sabots-312080,17 bis
sabots-circuit358,sabots-312026,18
sabots-circuit358,sabots-312025,19
sabots-circuit358,sabots-312024,20
sabots-circuit358,sabots-312023,21
sabots-circuit358,sabots-308252,22
sabots-circuit358,sabots-312022,23
sabots-circuit358,sabots-312021,24
sabots-circuit358,sabots-312019,25
sabots-circuit358,sabots-312084,25 bis
sabots-circuit358,sabots-311993,26
sabots-circuit358,sabots-5674,27
sabots-circuit358,sabots-311992,28
sabots-circuit96,sabots-5650,1
sabots-circuit96,sabots-5662,2
sabots-circuit96,sabots-5644,3
sabots-circuit96,sabots-5663,4
sabots-circuit96,sabots-5648,5
sabots-circuit96,sabots-5665,6
sabots-circuit96,sabots-5652,7
sabots-circuit96,sabots-15217,8
sabots-circuit96,sabots-5667,9
sabots-circuit96,sabots-5654,10
sabots-circuit96,sabots-5666,11
sabots-circuit96,sabots-5656,12
sabots-circuit96,sabots-5671,13
sabots-circuit96,sabots-5670,14
sabots-circuit96,sabots-5658,15
sabots-circuit96,sabots-5657,16
sabots-circuit96,sabots-5664,17
sabots-circuit96,sabots-212030,18
sabots-circuit96,sabots-5661,19
sabots-circuit96,sabots-5673,20
sabots-circuit96,sabots-5669,21
sabots-circuit96,sabots-5672,22
sabots-circuit96,sabots-35367,23
sabots-circuit96,sabots-5668,24
sabots-circuit96,sabots-231535,25
sabots-circuit96,sabots-253409,26
sabots-circuit96,sabots-290501,27
sabots-circuit96,sabots-130090,28
sabots-circuit96,sabots-54896,29
sabots-circuit96,sabots-5641,30
sabots-circuit96,sabots-308251,31
sabots-circuit96,sabots-5642,32
sabots-circuit96,sabots-5643,33
sabots-circuit96,sabots-5645,34
sabots-circuit96,sabots-5646,35
sabots-circuit96,sabots-142608,36
sabots-circuit96,sabots-5647,37
sabots-circuit96,sabots-5649,38
sabots-circuit96,sabots-5677,39
sabots-circuit96,sabots-5653,40
sabots-circuit96,sabots-308253,41
sabots-circuit96,sabots-24406,42
sabots-circuit98,sabots-5678,1
sabots-circuit98,sabots-5679,2
sabots-circuit98,sabots-5680,3
sabots-circuit98,sabots-5681,4
sabots-circuit98,sabots-5682,5
sabots-circuit98,sabots-5683,6
sabots-circuit98,sabots-5684,7
sabots-circuit98,sabots-5685,8
sabots-circuit98,sabots-5686,9
sabots-circuit98,sabots-5687,10
sabots-circuit98,sabots-5688,11
sabots-circuit98,sabots-5689,12
sabots-circuit98,sabots-5690,13
sabots-circuit98,sabots-5691,14
sabots-circuit98,sabots-5692,15
sabots-circuit98,sabots-24395,16
sabots-circuit98,sabots-5693,17
sabots-circuit98,sabots-5694,18
sabots-circuit98,sabots-5701,19
sabots-circuit98,sabots-5700,20
sabots-circuit98,sabots-5699,21
sabots-circuit98,sabots-5697,22
sabots-circuit98,sabots-5698,23
sabots-circuit98,sabots-5702,24
sabots-circuit98,sabots-5704,25
sabots-circuit98,sabots-5703,26
sabots-circuit98,sabots-5706,27
sabots-circuit98,sabots-5707,28
sabots-circuit98,sabots-24396,29
sabots-circuit98,sabots-5709,30
sabots-circuit98,sabots-24397,31
sabots-circuit98,sabots-5711,32
sabots-circuit98,sabots-24402,33
sabots-circuit98,sabots-5714,34
sabots-circuit98,sabots-5716,35
sabots-circuit98,sabots-5717,36
sabots-circuit98,sabots-5718,37
sabots-circuit98,sabots-5719,38
sabots-circuit98,sabots-5720,39
sabots-circuit98,sabots-24398,40
sabots-circuit98,sabots-18959,41
sabots-circuit98,sabots-5721,42
sabots-circuit98,sabots-5722,43
sabots-circuit98,sabots-5723,44
sabots-circuit98,sabots-5724,45
sabots-circuit98,sabots-5725,46
sabots-circuit98,sabots-24399,47
sabots-circuit98,sabots-24401,48
sabots-circuit98,sabots-5727,49
sabots-circuit98,sabots-5728,50
sabots-circuit99,sabots-5729,1
sabots-circuit99,sabots-5730,2
sabots-circuit99,sabots-5731,3
sabots-circuit99,sabots-772,3 bis
sabots-circuit99,sabots-5732,4
sabots-circuit99,sabots-5733,5
sabots-circuit99,sabots-782,5 bis
sabots-circuit99,sabots-764,5 ter
sabots-circuit99,sabots-5734,6
sabots-circuit99,sabots-1056,6 bis
sabots-circuit99,sabots-5735,7
sabots-circuit99,sabots-5736,8
sabots-circuit99,sabots-5737,9
sabots-circuit99,sabots-5738,10
sabots-circuit99,sabots-5739,11
sabots-circuit99,sabots-5740,12
sabots-circuit99,sabots-5741,13
sabots-circuit99,sabots-5742,14
sabots-circuit99,sabots-766,14 bis
sabots-circuit99,sabots-5743,15
sabots-circuit99,sabots-784,15 bis
sabots-circuit99,sabots-5744,16
sabots-circuit99,sabots-5745,17
sabots-circuit99,sabots-761,17 bis
sabots-circuit99,sabots-763,17 ter
sabots-circuit99,sabots-5746,18
sabots-circuit99,sabots-2200,18 bis
sabots-circuit99,sabots-2358,18 ter
sabots-circuit99,sabots-5747,19
sabots-circuit99,sabots-5748,20
sabots-circuit99,sabots-5749,20 bis
sabots-circuit99,sabots-760,20 ter
sabots-circuit99,sabots-5750,21
sabots-circuit99,sabots-5751,22
sabots-circuit99,sabots-5752,23
sabots-circuit99,sabots-5753,24
sabots-circuit99,sabots-774,24 bis
sabots-circuit99,sabots-5754,25
sabots-circuit99,sabots-5755,26
sabots-circuit99,sabots-5756,27
sabots-circuit99,sabots-5757,28
sabots-circuit99,sabots-5758,29
sabots-circuit99,sabots-5759,30
sabots-circuit99,sabots-5760,31
sabots-circuit99,sabots-5761,32
sabots-circuit99,sabots-5762,33
sabots-circuit99,sabots-769,33 bis
sabots-circuit99,sabots-5763,34
sabots-circuit99,sabots-770,34 bis
hercule-circuit269,hercule-313158,1
hercule-circuit269,hercule-313160,2
hercule-circuit269,hercule-313161,3
hercule-circuit269,hercule-313162,4
hercule-circuit269,hercule-313163,5
hercule-circuit269,hercule-313164,6
hercule-circuit269,hercule-313165,7
hercule-circuit269,hercule-313166,8
hercule-circuit269,hercule-313167,9
hercule-circuit269,hercule-313168,10
hercule-circuit269,hercule-313171,11
hercule-circuit269,hercule-313172,12
hercule-circuit269,hercule-313173,13
hercule-circuit269,hercule-313174,14
hercule-circuit269,hercule-313175,15
hercule-circuit269,hercule-313202,15 bis
hercule-circuit269,hercule-313201,15 ter
hercule-circuit269,hercule-313176,16
hercule-circuit269,hercule-313196,16 bis
hercule-circuit269,hercule-313177,17
hercule-circuit269,hercule-313197,17 bis
hercule-circuit269,hercule-313178,18
hercule-circuit269,hercule-313179,19
hercule-circuit269,hercule-313180,20
hercule-circuit269,hercule-313181,21
hercule-circuit269,hercule-313182,22
hercule-circuit269,hercule-313183,23
hercule-circuit269,hercule-313184,24
hercule-circuit269,hercule-313186,26
hercule-circuit269,hercule-313187,27
hercule-circuit269,hercule-313188,28
hercule-circuit269,hercule-313189,29
hercule-circuit269,hercule-313190,30
hercule-circuit269,hercule-313195,30 bis
hercule-circuit269,hercule-313191,31
hercule-circuit269,hercule-313194,31 bis
hercule-circuit269,hercule-313192,32
hercule-circuit269,hercule-313193,33
desert-circuit26,desert-2749,1
desert-circuit26,desert-306977,2
desert-circuit26,desert-306979,3
desert-circuit26,desert-175961,4
desert-circuit26,desert-192041,5
desert-circuit26,desert-187740,6
desert-circuit26,desert-2751,7
desert-circuit26,desert-110854,8
desert-circuit26,desert-171162,9
desert-circuit26,desert-34547,10
desert-circuit26,desert-57151,11
desert-circuit26,desert-156614,12
desert-circuit26,desert-2770,13
desert-circuit26,desert-35773,14
desert-circuit26,desert-159607,15
desert-circuit26,desert-108064,16
desert-circuit26,desert-306980,17
desert-circuit26,desert-59070,18
desert-circuit26,desert-186611,19
desert-circuit26,desert-2756,20
desert-circuit26,desert-179383,21
desert-circuit26,desert-308807,21 bis
desert-circuit26,desert-2758,22
desert-circuit26,desert-195531,23
desert-circuit26,desert-2759,24
desert-circuit26,desert-2761,25
desert-circuit26,desert-2762,26
desert-circuit26,desert-186082,27
desert-circuit26,desert-152669,28
desert-circuit26,desert-2752,29
desert-circuit28,desert-4862,1
desert-circuit28,desert-310917,1 bis
desert-circuit28,desert-4863,2
desert-circuit28,desert-307099,2 bis
desert-circuit28,desert-4864,3
desert-circuit28,desert-4865,4
desert-circuit28,desert-4866,5
desert-circuit28,desert-4867,6
desert-circuit28,desert-310925,7
desert-circuit28,desert-4868,7 bis
desert-circuit28,desert-4869,8
desert-circuit28,desert-4870,9
desert-circuit28,desert-310926,10
desert-circuit28,desert-4872,11
desert-circuit28,desert-4873,12
desert-circuit28,desert-4874,13
desert-circuit28,desert-4875,14
desert-circuit28,desert-4876,14 bis
desert-circuit28,desert-4877,15
desert-circuit28,desert-4878,16
desert-circuit28,desert-310927,16 bis
desert-circuit28,desert-4879,17
desert-circuit28,desert-310928,17 bis
desert-circuit28,desert-4880,18
desert-circuit28,desert-4881,18 bis
desert-circuit28,desert-310929,18 ter
desert-circuit28,desert-4882,19
desert-circuit28,desert-4883,20
desert-circuit28,desert-4884,21
desert-circuit28,desert-4885,22
desert-circuit28,desert-310930,22 bis
desert-circuit28,desert-4886,22 bis
desert-circuit28,desert-310931,22 ter
desert-circuit28,desert-4887,23
desert-circuit28,desert-310939,23 bis
desert-circuit28,desert-4888,24
desert-circuit28,desert-310941,24 bis
desert-circuit28,desert-4890,25
desert-circuit28,desert-310915,25 bis
desert-circuit28,desert-4891,26
desert-circuit28,desert-4892,26 bis
desert-circuit28,desert-310944,26 ter
desert-circuit28,desert-4893,27
desert-circuit28,desert-310942,27 bis
desert-circuit28,desert-310943,27 ter
desert-circuit28,desert-4894,28
desert-circuit28,desert-4895,29
desert-circuit28,desert-4896,30
desert-circuit28,desert-4897,31
desert-circuit28,desert-4898,32
desert-circuit28,desert-4899,32 bis
desert-circuit28,desert-4900,33
desert-circuit28,desert-4901,34
desert-circuit28,desert-4902,35
desert-circuit349,desert-2737,1
desert-circuit349,desert-306978,2
desert-circuit349,desert-307047,3
desert-circuit349,desert-2736,3 bis
desert-circuit349,desert-307049,4
desert-circuit349,desert-2768,5
desert-circuit349,desert-2769,6
desert-circuit349,desert-308214,7
desert-circuit349,desert-237232,8
desert-circuit349,desert-2750,8 bis
desert-circuit349,desert-137380,8 ter
desert-circuit349,desert-110199,9
desert-circuit349,desert-37759,10
desert-circuit349,desert-281963,11
desert-circuit349,desert-2739,12
desert-circuit349,desert-228439,13
desert-circuit349,desert-45106,14
desert-circuit349,desert-2753,15
desert-circuit349,desert-68173,16
desert-circuit349,desert-2741,16 bis
desert-circuit349,desert-99922,17
desert-circuit349,desert-204615,18
desert-circuit349,desert-2757,19
desert-circuit349,desert-2766,20
desert-circuit349,desert-241683,21
desert-circuit349,desert-17396,22
desert-circuit349,desert-2764,22 bis
desert-circuit349,desert-42211,23
desert-circuit349,desert-134982,24
desert-circuit349,desert-246774,25
desert-circuit349,desert-308211,26
desert-circuit349,desert-83162,26 bis
desert-circuit349,desert-270787,27
desert-circuit349,desert-59526,28
desert-circuit349,desert-2743,29
desert-circuit349,desert-201374,30
desert-circuit30,desert-4934,1
desert-circuit30,desert-4935,1 bis
desert-circuit30,desert-4936,2
desert-circuit30,desert-4937,3
desert-circuit30,desert-4938,4
desert-circuit30,desert-4939,5
desert-circuit30,desert-4940,6
desert-circuit30,desert-4941,7
desert-circuit30,desert-4942,8
desert-circuit30,desert-4943,9
desert-circuit30,desert-4944,10
desert-circuit30,desert-4945,10 bis
desert-circuit30,desert-4946,11
desert-circuit30,desert-4947,12
desert-circuit30,desert-4948,13
desert-circuit30,desert-4949,14
desert-circuit30,desert-310945,14 bis
desert-circuit30,desert-4950,15
desert-circuit30,desert-4951,16
desert-circuit30,desert-4952,16 bis
desert-circuit30,desert-4953,17
desert-circuit30,desert-4954,18
desert-circuit30,desert-4955,18 bis
desert-circuit30,desert-4956,19
desert-circuit30,desert-4957,20
desert-circuit30,desert-4958,20 bis
desert-circuit30,desert-4959,21
desert-circuit30,desert-4960,22
desert-circuit30,desert-4961,23
desert-circuit30,desert-4962,23 bis
desert-circuit30,desert-4963,24
desert-circuit30,desert-4964,25
desert-circuit30,desert-4965,26
desert-circuit30,desert-4966,27
desert-circuit30,desert-4967,28
ermitage-circuit52,ermitage-313103,1
ermitage-circuit52,ermitage-313104,2
ermitage-circuit52,ermitage-313105,3
ermitage-circuit52,ermitage-313106,4
ermitage-circuit52,ermitage-313107,5
ermitage-circuit52,ermitage-313108,6
ermitage-circuit52,ermitage-313109,7
ermitage-circuit52,ermitage-313110,8
ermitage-circuit52,ermitage-313111,9
ermitage-circuit52,ermitage-313112,10
ermitage-circuit52,ermitage-313115,11
ermitage-circuit52,ermitage-313116,12
ermitage-circuit52,ermitage-313117,13
ermitage-circuit52,ermitage-313119,13 bis
ermitage-circuit52,ermitage-313118,14
ermitage-circuit52,ermitage-313120,15
ermitage-circuit52,ermitage-313121,16
ermitage-circuit52,ermitage-313122,17
ermitage-circuit52,ermitage-313123,18
ermitage-circuit52,ermitage-313149,18 bis
ermitage-circuit52,ermitage-313124,19
ermitage-circuit52,ermitage-313125,20
ermitage-circuit52,ermitage-313126,21
ermitage-circuit52,ermitage-313127,22
ermitage-circuit52,ermitage-313128,23
ermitage-circuit52,ermitage-313129,23 bis
ermitage-circuit52,ermitage-313130,24
ermitage-circuit52,ermitage-313131,25
ermitage-circuit52,ermitage-313150,25 bis
ermitage-circuit52,ermitage-313132,26
ermitage-circuit52,ermitage-313133,26 bis
ermitage-circuit52,ermitage-313134,27
ermitage-circuit52,ermitage-313135,28
ermitage-circuit52,ermitage-313137,29
ermitage-circuit52,ermitage-313139,30
ermitage-circuit52,ermitage-313141,31
ermitage-circuit52,ermitage-313142,32
ermitage-circuit52,ermitage-313145,33
tennis-circuit315,tennis-24369,1
tennis-circuit315,tennis-24370,2
tennis-circuit315,tennis-24371,3
tennis-circuit315,tennis-24374,4
tennis-circuit315,tennis-24372,5
tennis-circuit315,tennis-17038,6
tennis-circuit315,tennis-12023,7
tennis-circuit315,tennis-24373,8
tennis-circuit315,tennis-20593,9
tennis-circuit315,tennis-18394,10
tennis-circuit315,tennis-12021,11
tennis-circuit315,tennis-24375,12
tennis-circuit315,tennis-24376,13
tennis-circuit315,tennis-24377,14
tennis-circuit315,tennis-12015,15
tennis-circuit315,tennis-24378,16
tennis-circuit315,tennis-24379,17
tennis-circuit315,tennis-24380,18
tennis-circuit315,tennis-24381,19
tennis-circuit315,tennis-24382,20
tennis-circuit315,tennis-24383,21
tennis-circuit315,tennis-24384,22
tennis-circuit315,tennis-24385,23
tennis-circuit315,tennis-24386,24
tennis-circuit315,tennis-24387,25
tennis-circuit315,tennis-24388,26
tennis-circuit315,tennis-19044,27
tennis-circuit315,tennis-24389,28
tennis-circuit315,tennis-24390,29
tennis-circuit315,tennis-24391,30
tennis-circuit315,tennis-17034,31
tennis-circuit315,tennis-24392,32
tennis-circuit315,tennis-24393,33
tennis-circuit315,tennis-24394,34
tennis-circuit315,tennis-19046,35
tennis-circuit315,tennis-24368,36
montussyest-circuit324,montussyest-161749,1
montussyest-circuit324,montussyest-118958,2
montussyest-circuit324,montussyest-289220,3
montussyest-circuit324,montussyest-239815,4
montussyest-circuit324,montussyest-296662,5
montussyest-circuit324,montussyest-98851,6
montussyest-circuit324,montussyest-33544,7
montussyest-circuit324,montussyest-284446,8
montussyest-circuit324,montussyest-243245,9
montussyest-circuit324,montussyest-275998,10
montussyest-circuit324,montussyest-192059,11
montussyest-circuit324,montussyest-53818,12
montussyest-circuit324,montussyest-194846,13
montussyest-circuit324,montussyest-147011,14
montussyest-circuit324,montussyest-223914,15
montussyest-circuit324,montussyest-235555,16
montussyest-circuit324,montussyest-289569,17
montussyest-circuit324,montussyest-73634,18
montussyest-circuit324,montussyest-121907,19
montussyest-circuit324,montussyest-110192,20
montussyest-circuit324,montussyest-271938,21
montussyest-circuit324,montussyest-250956,21 bis
montussyest-circuit324,montussyest-269372,22
montussyest-circuit324,montussyest-178183,22 bis
montussyest-circuit324,montussyest-123583,23
montussyest-circuit324,montussyest-143884,24
montussyest-circuit324,montussyest-182820,24 bis
montussyest-circuit324,montussyest-52744,24 ter
montussyest-circuit324,montussyest-92279,25
montussyest-circuit324,montussyest-91597,26
montussyest-circuit324,montussyest-36992,27
montussyest-circuit324,montussyest-186252,28
montussyest-circuit324,montussyest-176702,29
montussyest-circuit324,montussyest-169810,30
montussyest-circuit324,montussyest-94371,31
montussyest-circuit324,montussyest-222427,32
montussyest-circuit324,montussyest-44751,33
montussyest-circuit324,montussyest-64852,34
montussyest-circuit324,montussyest-136577,35
montussyest-circuit324,montussyest-254755,36
montussyest-circuit324,montussyest-235562,37
montussyest-circuit324,montussyest-287186,38
montussyest-circuit324,montussyest-33447,39
montussyest-circuit324,montussyest-139139,40
canard-circuit176,canard-8205,3
montussyest-circuit324,montussyest-99170,41
montussyest-circuit324,montussyest-65268,42
montussyest-circuit324,montussyest-229821,43
montussyest-circuit324,montussyest-87362,44
montussyest-circuit324,montussyest-103815,45
montussyest-circuit324,montussyest-231897,45 bis
montussyest-circuit324,montussyest-177272,46
montussyest-circuit324,montussyest-242110,47
montussyest-circuit324,montussyest-95407,48
montussyest-circuit324,montussyest-239315,49
montussyest-circuit324,montussyest-203416,49 bis
montussyest-circuit324,montussyest-87396,50
canard-circuit179,canard-12698,1
canard-circuit179,canard-12699,2
canard-circuit179,canard-12700,3
canard-circuit179,canard-12701,4
canard-circuit179,canard-12702,5
canard-circuit179,canard-12703,6
canard-circuit179,canard-12704,7
canard-circuit179,canard-12676,8
canard-circuit179,canard-12677,9
canard-circuit179,canard-12678,10
canard-circuit179,canard-12679,11
canard-circuit179,canard-12680,12
canard-circuit179,canard-12681,13
canard-circuit179,canard-12682,14
canard-circuit179,canard-12683,15
canard-circuit179,canard-12684,16
canard-circuit179,canard-12685,17
canard-circuit179,canard-12686,18
canard-circuit179,canard-12687,19
canard-circuit179,canard-12688,20
canard-circuit179,canard-12689,21
canard-circuit179,canard-12690,22
canard-circuit179,canard-12691,23
canard-circuit179,canard-12692,24
canard-circuit179,canard-12693,25
canard-circuit179,canard-12694,26
canard-circuit179,canard-12695,27
canard-circuit179,canard-12696,28
canard-circuit179,canard-12697,29
canard-circuit178,canard-10212,1
canard-circuit178,canard-10213,2
canard-circuit178,canard-10214,3
canard-circuit178,canard-10215,4
canard-circuit178,canard-10216,5
canard-circuit178,canard-10217,6
canard-circuit178,canard-10218,7
canard-circuit178,canard-10219,8
canard-circuit178,canard-10220,9
canard-circuit178,canard-10221,10
canard-circuit178,canard-10222,11
canard-circuit178,canard-10223,12
canard-circuit178,canard-10224,13
canard-circuit178,canard-10225,14
canard-circuit178,canard-10226,15
canard-circuit178,canard-10227,16
canard-circuit178,canard-10228,17
canard-circuit178,canard-10229,18
canard-circuit178,canard-10230,19
canard-circuit178,canard-10231,20
canard-circuit178,canard-10232,21
canard-circuit178,canard-10233,22
canard-circuit178,canard-10234,23
canard-circuit178,canard-10235,24
canard-circuit178,canard-10236,25
canard-circuit178,canard-10237,26
canard-circuit178,canard-10238,27
canard-circuit178,canard-10239,28
canard-circuit178,canard-10240,29
canard-circuit178,canard-10241,30
canard-circuit178,canard-10242,31
canard-circuit178,canard-39204,31 bis
canard-circuit178,canard-10243,32
canard-circuit178,canard-10244,33
canard-circuit178,canard-10245,34
canard-circuit177,canard-10246,1
canard-circuit177,canard-10248,2
canard-circuit177,canard-10249,3
canard-circuit177,canard-10251,4
canard-circuit177,canard-10252,5
canard-circuit177,canard-10253,5 bis
canard-circuit177,canard-10254,6
canard-circuit177,canard-10255,7
canard-circuit177,canard-10256,8
canard-circuit177,canard-10257,9
canard-circuit177,canard-10258,10
canard-circuit177,canard-10261,11
canard-circuit177,canard-10262,12
canard-circuit177,canard-10265,13
canard-circuit177,canard-10266,14
canard-circuit177,canard-10267,15
canard-circuit177,canard-10268,16
canard-circuit177,canard-10269,17
canard-circuit177,canard-10270,18
canard-circuit177,canard-10272,19
canard-circuit177,canard-10274,20
canard-circuit177,canard-10275,21
canard-circuit177,canard-10276,22
canard-circuit177,canard-63352,22 bis
canard-circuit177,canard-10277,23
canard-circuit177,canard-10278,24
canard-circuit177,canard-10279,25
canard-circuit177,canard-10280,26
canard-circuit177,canard-10282,27
canard-circuit177,canard-10284,28
canard-circuit177,canard-10285,29
canard-circuit177,canard-10286,30
canard-circuit177,canard-10287,31
canard-circuit177,canard-10288,32
canard-circuit177,canard-10289,33
canard-circuit177,canard-10290,34
canard-circuit177,canard-10291,35
canard-circuit177,canard-10292,36
canard-circuit177,canard-10293,37
canard-circuit177,canard-10294,38
canard-circuit176,canard-8204,1
canard-circuit176,canard-658,2
canard-circuit176,canard-8221,4
canard-circuit176,canard-8206,5
canard-circuit176,canard-8207,6
canard-circuit176,canard-11600,7
canard-circuit176,canard-11599,8
canard-circuit176,canard-8208,9
canard-circuit176,canard-8209,10
canard-circuit176,canard-8210,11
canard-circuit176,canard-8211,12
canard-circuit176,canard-8212,13
canard-circuit176,canard-8213,14
canard-circuit176,canard-8214,15
canard-circuit176,canard-8215,16
canard-circuit176,canard-8216,17
canard-circuit176,canard-8217,18
canard-circuit176,canard-661,19
canard-circuit176,canard-8218,20
canard-circuit176,canard-8219,21
canard-circuit176,canard-8220,22
petit-circuit385,petit-312327,1
petit-circuit385,petit-312278,1 bis
petit-circuit385,petit-312279,2
petit-circuit385,petit-312280,3
petit-circuit385,petit-312281,3 bis
petit-circuit385,petit-312282,4
petit-circuit385,petit-312283,5
petit-circuit385,petit-312310,6
petit-circuit385,petit-312285,6 bis
petit-circuit385,petit-312286,7
petit-circuit385,petit-312287,8
petit-circuit385,petit-312288,9
petit-circuit385,petit-312289,10
petit-circuit385,petit-312290,11
petit-circuit385,petit-312291,12
petit-circuit385,petit-312292,13
petit-circuit385,petit-312293,14
petit-circuit385,petit-312294,15
petit-circuit385,petit-312295,16
petit-circuit385,petit-312296,17
petit-circuit385,petit-312297,17 bis
petit-circuit385,petit-312298,18
petit-circuit385,petit-312299,19
petit-circuit385,petit-312300,20
petit-circuit385,petit-312301,21
petit-circuit385,petit-312302,21 bis
petit-circuit385,petit-312303,22
petit-circuit385,petit-312304,22 bis
petit-circuit385,petit-312305,23
petit-circuit385,petit-312306,24
petit-circuit385,petit-8045,25
petit-circuit385,petit-312307,26
petit-circuit385,petit-312308,26 bis
petit-circuit385,petit-312328,27
petit-circuit385,petit-312329,27 bis
petit-circuit385,petit-312331,28
petit-circuit385,petit-312332,29
petit-circuit385,petit-312333,30
petit-circuit385,petit-312334,31
petit-circuit385,petit-312335,32
petit-circuit385,petit-312336,33
petit-circuit385,petit-312337,34
petit-circuit385,petit-312338,35
petit-circuit385,petit-312339,35 bis
petit-circuit385,petit-312341,36
petit-circuit385,petit-312342,37
petit-circuit385,petit-312343,38
petit-circuit385,petit-312344,39
petit-circuit385,petit-312345,40
petit-circuit385,petit-312346,41
petit-circuit385,petit-312347,42
petit-circuit385,petit-312348,42 bis
petit-circuit385,petit-312349,43
petit-circuit385,petit-312350,43 bis
petit-circuit385,petit-312351,44
petit-circuit385,petit-312352,44 bis
petit-circuit385,petit-312353,45
petit-circuit385,petit-312354,46
petit-circuit385,petit-312355,47
petit-circuit385,petit-312356,47 bis
petit-circuit385,petit-312357,48
petit-circuit385,petit-312358,49
petit-circuit385,petit-312359,50
petit-circuit385,petit-312360,51
petit-circuit385,petit-312361,52
petit-circuit385,petit-312362,53
petit-circuit385,petit-312364,54
petit-circuit385,petit-312365,54 bis
petit-circuit385,petit-312366,55
petit-circuit385,petit-312367,56
petit-circuit385,petit-312368,57
petit-circuit385,petit-312369,57 bis
petit-circuit385,petit-312370,58
petit-circuit385,petit-312371,59
petit-circuit385,petit-312372,59 bis
petit-circuit385,petit-312373,59 ter
petit-circuit385,petit-312374,60
petit-circuit385,petit-312375,61
petit-circuit385,petit-312378,61 bis
petit-circuit385,petit-312377,61 ter
petit-circuit385,petit-312376,62
petit-circuit385,petit-312379,62 bis
petit-circuit385,petit-312380,63
petit-circuit385,petit-312381,64
petit-circuit385,petit-312382,65
petit-circuit385,petit-312383,66
petit-circuit385,petit-312384,67
petit-circuit385,petit-312410,68
petit-circuit385,petit-312386,69
petit-circuit385,petit-312387,70
petit-circuit385,petit-312388,71
petit-circuit385,petit-312389,71 bis
petit-circuit385,petit-312390,72
petit-circuit385,petit-312391,72 bis
petit-circuit385,petit-312392,73
petit-circuit385,petit-312393,74
petit-circuit172,petit-8034,1
petit-circuit172,petit-8035,2
petit-circuit172,petit-8036,3
petit-circuit172,petit-8037,4
petit-circuit172,petit-8038,5
petit-circuit172,petit-8039,6
petit-circuit172,petit-8040,7
petit-circuit172,petit-8041,8
petit-circuit172,petit-8042,9
petit-circuit172,petit-8043,10
petit-circuit172,petit-8044,11
petit-circuit172,petit-20269,12
petit-circuit172,petit-8046,13
petit-circuit172,petit-8047,14
petit-circuit172,petit-8048,15
petit-circuit172,petit-8049,16
petit-circuit172,petit-8050,17
petit-circuit172,petit-8051,18
petit-circuit172,petit-8052,19
petit-circuit172,petit-8053,20
petit-circuit172,petit-8054,21
petit-circuit172,petit-8056,22
petit-circuit172,petit-312257,23
petit-circuit172,petit-8058,24
petit-circuit172,petit-8057,25
petit-circuit172,petit-8059,26
petit-circuit172,petit-8060,27
petit-circuit172,petit-8061,27 bis
petit-circuit172,petit-8062,28
petit-circuit172,petit-8063,29
petit-circuit172,petit-8064,30
petit-circuit172,petit-8065,31
petit-circuit172,petit-8066,32
petit-circuit172,petit-8067,33
petit-circuit172,petit-8068,34
petit-circuit172,petit-8069,35
petit-circuit172,petit-8070,36
petit-circuit172,petit-8071,37
petit-circuit172,petit-8072,38
petit-circuit172,petit-20270,39
petit-circuit172,petit-8074,40
petit-circuit172,petit-8075,40 bis
petit-circuit172,petit-8076,41
petit-circuit172,petit-8077,42
petit-circuit172,petit-8078,43
petit-circuit172,petit-8079,43 bis
petit-circuit172,petit-8080,44
petit-circuit172,petit-8081,45
petit-circuit172,petit-8082,46
petit-circuit172,petit-8083,47
petit-circuit172,petit-8085,48
petit-circuit172,petit-8084,49
petit-circuit172,petit-8086,50
petit-circuit172,petit-8087,51
petit-circuit172,petit-8088,52
petit-circuit172,petit-20268,53
petit-circuit173,petit-7869,1
petit-circuit173,petit-7870,2
petit-circuit173,petit-7871,2 bis
petit-circuit173,petit-7872,3
petit-circuit173,petit-7873,4
petit-circuit173,petit-7874,5
petit-circuit173,petit-7875,6
petit-circuit173,petit-7876,7
petit-circuit173,petit-7877,8
petit-circuit173,petit-7878,9
petit-circuit173,petit-7879,10
petit-circuit173,petit-7880,11
petit-circuit173,petit-7881,12
petit-circuit173,petit-7882,13
petit-circuit173,petit-7883,14
petit-circuit173,petit-7884,15
petit-circuit173,petit-7885,16
petit-circuit173,petit-7886,17
petit-circuit173,petit-7887,18
petit-circuit173,petit-7888,19
petit-circuit173,petit-7889,20
petit-circuit173,petit-7890,21
petit-circuit173,petit-7891,21 bis
petit-circuit173,petit-7892,22
petit-circuit173,petit-7893,23
petit-circuit173,petit-7894,23 bis
petit-circuit173,petit-7895,24
petit-circuit173,petit-7896,25
petit-circuit173,petit-7897,26
petit-circuit173,petit-7898,26 bis
petit-circuit173,petit-7899,27
petit-circuit173,petit-7900,28
petit-circuit173,petit-7901,29
petit-circuit173,petit-7902,30
petit-circuit173,petit-7903,31
petit-circuit173,petit-7904,32
petit-circuit173,petit-7905,33
petit-circuit173,petit-7906,34
petit-circuit173,petit-7907,35
petit-circuit173,petit-7908,36
petit-circuit173,petit-7909,37
petit-circuit173,petit-7910,38
petit-circuit173,petit-7911,39
petit-circuit173,petit-7912,40
petit-circuit173,petit-7913,41
petit-circuit173,petit-7914,42
petit-circuit173,petit-7915,43
petit-circuit173,petit-7916,44
petit-circuit173,petit-7917,44 bis
petit-circuit173,petit-7918,45
petit-circuit173,petit-7919,46
petit-circuit173,petit-7920,47
petit-circuit173,petit-7921,48
petit-circuit173,petit-7922,49
petit-circuit173,petit-7923,50
petit-circuit173,petit-20271,51
petit-circuit173,petit-7925,52
petit-circuit173,petit-7926,53
petit-circuit173,petit-7927,54
petit-circuit173,petit-7928,55
petit-circuit173,petit-7929,56
petit-circuit173,petit-7930,57
petit-circuit173,petit-7931,58
petit-circuit173,petit-7932,59
petit-circuit173,petit-7933,60
petit-circuit173,petit-7934,61
petit-circuit173,petit-7935,62
petit-circuit173,petit-7936,63
petit-circuit173,petit-7937,64
petit-circuit173,petit-7938,65
petit-circuit173,petit-7939,66
petit-circuit173,petit-7940,67
petit-circuit173,petit-7941,68
petit-circuit173,petit-7942,69
petit-circuit173,petit-7943,70
petit-circuit174,petit-7944,1
petit-circuit174,petit-7945,2
petit-circuit174,petit-7946,3
petit-circuit174,petit-7947,4
petit-circuit174,petit-7948,5
petit-circuit174,petit-7950,6
petit-circuit174,petit-7949,7
petit-circuit174,petit-7951,8
petit-circuit174,petit-7952,9
petit-circuit174,petit-7953,10
petit-circuit174,petit-7954,11
petit-circuit174,petit-7955,12
petit-circuit174,petit-7956,13
petit-circuit174,petit-7957,14
petit-circuit174,petit-7958,15
petit-circuit174,petit-7959,16
petit-circuit174,petit-7960,17
petit-circuit174,petit-7961,18
petit-circuit174,petit-7962,19
petit-circuit174,petit-7963,20
petit-circuit174,petit-7964,21
petit-circuit174,petit-7965,22
petit-circuit174,petit-7966,23
petit-circuit174,petit-7967,24
petit-circuit174,petit-7968,25
petit-circuit174,petit-7969,26
petit-circuit174,petit-7970,27
petit-circuit174,petit-7971,28
petit-circuit174,petit-7972,29
petit-circuit174,petit-7973,30
petit-circuit174,petit-7974,31
petit-circuit174,petit-7976,32
petit-circuit174,petit-7977,33
petit-circuit174,petit-7979,34
petit-circuit174,petit-7978,35
petit-circuit174,petit-7980,36
petit-circuit174,petit-7981,37
petit-circuit174,petit-7982,37 bis
petit-circuit174,petit-7983,38
petit-circuit174,petit-7984,39
petit-circuit174,petit-7986,40
petit-circuit174,petit-7987,41
petit-circuit174,petit-7988,42
petit-circuit174,petit-7989,43
petit-circuit174,petit-7990,44
petit-circuit174,petit-7991,45
petit-circuit174,petit-7993,46
petit-circuit174,petit-7992,46 bis
petit-circuit174,petit-7994,47
petit-circuit174,petit-7995,48
petit-circuit174,petit-7996,49
petit-circuit174,petit-7997,50
petit-circuit175,petit-7998,1
petit-circuit175,petit-7999,2
petit-circuit175,petit-746,2 bis
petit-circuit175,petit-743,3
petit-circuit175,petit-1536,4
petit-circuit175,petit-8001,5
petit-circuit175,petit-8002,6
petit-circuit175,petit-741,7
petit-circuit175,petit-8003,8
petit-circuit175,petit-8004,9
petit-circuit175,petit-8005,10
petit-circuit175,petit-8006,11
petit-circuit175,petit-750,11 bis
petit-circuit175,petit-8007,12
petit-circuit175,petit-8008,13
petit-circuit175,petit-8009,14
petit-circuit175,petit-8010,15
petit-circuit175,petit-8011,16
petit-circuit175,petit-8012,17
petit-circuit175,petit-8013,18
petit-circuit175,petit-8014,19
petit-circuit175,petit-8015,20
petit-circuit175,petit-744,21
petit-circuit175,petit-742,22
petit-circuit175,petit-8017,23
petit-circuit175,petit-8018,24
petit-circuit175,petit-745,24 bis
petit-circuit175,petit-8019,25
petit-circuit175,petit-8020,26
petit-circuit175,petit-8021,26 bis
petit-circuit175,petit-8022,27
petit-circuit175,petit-8023,27 bis
petit-circuit175,petit-8024,28
petit-circuit175,petit-8025,29
petit-circuit175,petit-8026,30
petit-circuit175,petit-8027,31
petit-circuit175,petit-749,31 bis
petit-circuit175,petit-8030,32
petit-circuit175,petit-8028,32 bis
petit-circuit175,petit-740,32 ter
petit-circuit175,petit-8029,33
petit-circuit175,petit-8031,34
petit-circuit175,petit-8032,35
petit-circuit175,petit-747,35 bis
petit-circuit175,petit-8033,36
oiseauxproienord-circuit344,oiseauxproienord-142648,1
oiseauxproienord-circuit344,oiseauxproienord-104434,2
oiseauxproienord-circuit344,oiseauxproienord-42950,3
oiseauxproienord-circuit344,oiseauxproienord-53114,4
oiseauxproienord-circuit344,oiseauxproienord-207388,5
oiseauxproienord-circuit344,oiseauxproienord-285235,6
oiseauxproienord-circuit344,oiseauxproienord-31134,7
oiseauxproienord-circuit344,oiseauxproienord-201190,8
oiseauxproienord-circuit344,oiseauxproienord-54803,9
oiseauxproienord-circuit344,oiseauxproienord-55603,10
oiseauxproienord-circuit344,oiseauxproienord-60878,11
oiseauxproienord-circuit344,oiseauxproienord-274302,12
oiseauxproienord-circuit344,oiseauxproienord-131273,13
oiseauxproienord-circuit344,oiseauxproienord-216481,14
oiseauxproienord-circuit344,oiseauxproienord-65422,15
oiseauxproienord-circuit344,oiseauxproienord-154608,16
oiseauxproienord-circuit344,oiseauxproienord-128293,17
oiseauxproienord-circuit344,oiseauxproienord-73107,17 bis
oiseauxproienord-circuit344,oiseauxproienord-120020,18
oiseauxproienord-circuit344,oiseauxproienord-35941,19
oiseauxproienord-circuit344,oiseauxproienord-167739,20
oiseauxproienord-circuit344,oiseauxproienord-121846,21
oiseauxproienord-circuit344,oiseauxproienord-192796,22
oiseauxproienord-circuit344,oiseauxproienord-299156,23
oiseauxproienord-circuit344,oiseauxproienord-177274,24
oiseauxproienord-circuit344,oiseauxproienord-52468,25
oiseauxproienord-circuit344,oiseauxproienord-259665,26
oiseauxproienord-circuit344,oiseauxproienord-280773,27
oiseauxproienord-circuit344,oiseauxproienord-43468,28
oiseauxproienord-circuit344,oiseauxproienord-218622,29
oiseauxproienord-circuit344,oiseauxproienord-119965,30
oiseauxproienord-circuit344,oiseauxproienord-287873,31
oiseauxproienord-circuit344,oiseauxproienord-148717,32
cassepot-circuit377,cassepot-311385,25
oiseauxproienord-circuit344,oiseauxproienord-245551,33
oiseauxproienord-circuit344,oiseauxproienord-224591,34
oiseauxproienord-circuit344,oiseauxproienord-229178,35
oiseauxproienord-circuit344,oiseauxproienord-248933,36
oiseauxproienord-circuit344,oiseauxproienord-128598,37
oiseauxproienord-circuit344,oiseauxproienord-184003,38
oiseauxproienord-circuit344,oiseauxproienord-169296,39
oiseauxproienord-circuit344,oiseauxproienord-235301,40
oiseauxproienord-circuit346,oiseauxproienord-253559,1
oiseauxproienord-circuit346,oiseauxproienord-85523,2
oiseauxproienord-circuit346,oiseauxproienord-174592,3
oiseauxproienord-circuit346,oiseauxproienord-31215,4
oiseauxproienord-circuit346,oiseauxproienord-277685,5
oiseauxproienord-circuit346,oiseauxproienord-40500,6
oiseauxproienord-circuit346,oiseauxproienord-50266,7
oiseauxproienord-circuit346,oiseauxproienord-265361,8
oiseauxproienord-circuit346,oiseauxproienord-51787,9
oiseauxproienord-circuit346,oiseauxproienord-218447,10
oiseauxproienord-circuit346,oiseauxproienord-172618,11
oiseauxproienord-circuit346,oiseauxproienord-237630,12
oiseauxproienord-circuit346,oiseauxproienord-62987,13
oiseauxproienord-circuit346,oiseauxproienord-120062,14
oiseauxproienord-circuit346,oiseauxproienord-70990,15
oiseauxproienord-circuit346,oiseauxproienord-104411,16
oiseauxproienord-circuit346,oiseauxproienord-44082,17
oiseauxproienord-circuit346,oiseauxproienord-154259,18
oiseauxproienord-circuit346,oiseauxproienord-254612,19
oiseauxproienord-circuit346,oiseauxproienord-109572,20
oiseauxproienord-circuit346,oiseauxproienord-196932,21
oiseauxproienord-circuit346,oiseauxproienord-159015,22
oiseauxproienord-circuit346,oiseauxproienord-104728,23
oiseauxproienord-circuit346,oiseauxproienord-47183,24
oiseauxproienord-circuit346,oiseauxproienord-294437,25
oiseauxproienord-circuit346,oiseauxproienord-256032,26
oiseauxproienord-circuit346,oiseauxproienord-107185,27
oiseauxproienord-circuit346,oiseauxproienord-74636,28
oiseauxproienord-circuit346,oiseauxproienord-70033,29
oiseauxproienord-circuit346,oiseauxproienord-118233,29 bis
oiseauxproienord-circuit346,oiseauxproienord-102832,30
oiseauxproienord-circuit346,oiseauxproienord-304438,30 bis
oiseauxproienord-circuit346,oiseauxproienord-246381,31
oiseauxproienord-circuit346,oiseauxproienord-115766,32
oiseauxproienord-circuit346,oiseauxproienord-127616,33
cassepot-circuit327,cassepot-255796,D
cassepot-circuit327,cassepot-309605,1
cassepot-circuit327,cassepot-266345,2
cassepot-circuit327,cassepot-176081,3
cassepot-circuit327,cassepot-270055,4
cassepot-circuit327,cassepot-70263,5
cassepot-circuit327,cassepot-87639,6
cassepot-circuit327,cassepot-191087,6 bis
cassepot-circuit327,cassepot-88414,7
cassepot-circuit327,cassepot-209529,8
cassepot-circuit327,cassepot-112103,9
cassepot-circuit327,cassepot-293934,10
cassepot-circuit327,cassepot-86925,11
cassepot-circuit327,cassepot-131647,12
cassepot-circuit327,cassepot-121589,13
cassepot-circuit327,cassepot-162876,14
cassepot-circuit327,cassepot-298759,15
cassepot-circuit327,cassepot-59797,16
cassepot-circuit327,cassepot-97228,17
cassepot-circuit327,cassepot-64878,18
cassepot-circuit327,cassepot-182791,19
cassepot-circuit327,cassepot-244138,20
cassepot-circuit327,cassepot-281052,21
cassepot-circuit327,cassepot-131404,22
cassepot-circuit327,cassepot-288296,23
cassepot-circuit327,cassepot-158029,24
cassepot-circuit327,cassepot-271513,24 bis
cassepot-circuit327,cassepot-87686,25
cassepot-circuit327,cassepot-298190,26
cassepot-circuit327,cassepot-261525,27
cassepot-circuit327,cassepot-222105,28
cassepot-circuit327,cassepot-52992,29
cassepot-circuit327,cassepot-224259,30
cassepot-circuit327,cassepot-272599,31
cassepot-circuit327,cassepot-241643,32
cassepot-circuit327,cassepot-199950,33
cassepot-circuit377,cassepot-311342,1
cassepot-circuit377,cassepot-311343,2
cassepot-circuit377,cassepot-311344,3
cassepot-circuit377,cassepot-311345,4
cassepot-circuit377,cassepot-311346,5
cassepot-circuit377,cassepot-311348,6
cassepot-circuit377,cassepot-311349,7
cassepot-circuit377,cassepot-311354,8
cassepot-circuit377,cassepot-311355,9
cassepot-circuit377,cassepot-311357,9 bis
cassepot-circuit377,cassepot-311356,10
cassepot-circuit377,cassepot-311361,10 bis
cassepot-circuit377,cassepot-311358,11
cassepot-circuit377,cassepot-311364,12
cassepot-circuit377,cassepot-307466,13
cassepot-circuit377,cassepot-311365,14
cassepot-circuit377,cassepot-311366,15
cassepot-circuit377,cassepot-311367,16
cassepot-circuit377,cassepot-311368,17
cassepot-circuit377,cassepot-311369,18
cassepot-circuit377,cassepot-311370,19
cassepot-circuit377,cassepot-311371,20
cassepot-circuit377,cassepot-311372,21
cassepot-circuit377,cassepot-311373,22
cassepot-circuit377,cassepot-311374,22 bis
cassepot-circuit377,cassepot-311375,22 ter
cassepot-circuit377,cassepot-311376,23
cassepot-circuit377,cassepot-308771,23 bis
cassepot-circuit377,cassepot-311377,24
cassepot-circuit377,cassepot-311393,25 bis
cassepot-circuit377,cassepot-311386,26
cassepot-circuit377,cassepot-311387,27
cassepot-circuit377,cassepot-311388,28
cassepot-circuit377,cassepot-311389,29
cassepot-circuit377,cassepot-311390,29 bis
cassepot-circuit377,cassepot-311391,29 ter
cassepot-circuit377,cassepot-311392,30
troglodyte-circuit331,troglodyte-76290,1
troglodyte-circuit331,troglodyte-128360,2
troglodyte-circuit331,troglodyte-187897,3
troglodyte-circuit331,troglodyte-264793,4
troglodyte-circuit331,troglodyte-17043,5
troglodyte-circuit331,troglodyte-62922,6
troglodyte-circuit331,troglodyte-299340,7
troglodyte-circuit331,troglodyte-94004,8
troglodyte-circuit331,troglodyte-36180,9
troglodyte-circuit331,troglodyte-37719,10
troglodyte-circuit331,troglodyte-110909,11
troglodyte-circuit331,troglodyte-189150,12
troglodyte-circuit331,troglodyte-90826,13
troglodyte-circuit331,troglodyte-17054,14
troglodyte-circuit331,troglodyte-95060,15
troglodyte-circuit331,troglodyte-17179,16
troglodyte-circuit331,troglodyte-242154,17
troglodyte-circuit331,troglodyte-279948,18
troglodyte-circuit331,troglodyte-134715,19
troglodyte-circuit331,troglodyte-266307,20
troglodyte-circuit331,troglodyte-17064,21
troglodyte-circuit331,troglodyte-191453,22
troglodyte-circuit331,troglodyte-185557,23
troglodyte-circuit331,troglodyte-102516,24
troglodyte-circuit331,troglodyte-227927,25
troglodyte-circuit280,troglodyte-17041,1
troglodyte-circuit280,troglodyte-17042,2
troglodyte-circuit280,troglodyte-31263,3
troglodyte-circuit280,troglodyte-286989,4
troglodyte-circuit280,troglodyte-87712,5
troglodyte-circuit280,troglodyte-234118,6
troglodyte-circuit280,troglodyte-17047,7
troglodyte-circuit280,troglodyte-75125,8
troglodyte-circuit280,troglodyte-17044,9
troglodyte-circuit280,troglodyte-17045,10
troglodyte-circuit280,troglodyte-115727,11
troglodyte-circuit280,troglodyte-213850,12
troglodyte-circuit280,troglodyte-17051,13
troglodyte-circuit280,troglodyte-153465,14
troglodyte-circuit280,troglodyte-17052,15
troglodyte-circuit280,troglodyte-17053,16
troglodyte-circuit280,troglodyte-17055,17
troglodyte-circuit280,troglodyte-17056,18
troglodyte-circuit280,troglodyte-17057,19
troglodyte-circuit280,troglodyte-17058,19 bis
troglodyte-circuit280,troglodyte-17060,20
troglodyte-circuit280,troglodyte-17061,21
troglodyte-circuit280,troglodyte-17059,22
troglodyte-circuit280,troglodyte-109180,23
troglodyte-circuit280,troglodyte-17062,24
troglodyte-circuit280,troglodyte-17063,25
troglodyte-circuit280,troglodyte-17065,26
troglodyte-circuit280,troglodyte-17066,27
troglodyte-circuit280,troglodyte-36290,28
troglodyte-circuit280,troglodyte-194960,29
troglodyte-circuit280,troglodyte-17067,30
troglodyte-circuit280,troglodyte-17068,31
troglodyte-circuit280,troglodyte-17069,32
troglodyte-circuit280,troglodyte-192978,33
troglodyte-circuit280,troglodyte-217680,34
troglodyte-circuit280,troglodyte-71377,35
troglodyte-circuit280,troglodyte-220104,36
troglodyte-circuit280,troglodyte-225659,37
troglodyte-circuit280,troglodyte-270676,38
troglodyte-circuit280,troglodyte-299678,39
troglodyte-circuit280,troglodyte-43291,40
troglodyte-circuit280,troglodyte-170703,41
troglodyte-circuit330,troglodyte-17075,1
troglodyte-circuit330,troglodyte-225664,2
troglodyte-circuit330,troglodyte-101889,3
troglodyte-circuit330,troglodyte-17049,4
troglodyte-circuit330,troglodyte-17186,4 bis
troglodyte-circuit330,troglodyte-17048,5
troglodyte-circuit330,troglodyte-254386,6
troglodyte-circuit330,troglodyte-17046,7
troglodyte-circuit330,troglodyte-132906,8
troglodyte-circuit330,troglodyte-17050,9
troglodyte-circuit330,troglodyte-53087,10
troglodyte-circuit330,troglodyte-17071,11
troglodyte-circuit330,troglodyte-17176,12
troglodyte-circuit330,troglodyte-17171,13
troglodyte-circuit330,troglodyte-17072,14
troglodyte-circuit330,troglodyte-17170,15
troglodyte-circuit330,troglodyte-17073,16
troglodyte-circuit330,troglodyte-17166,17
troglodyte-circuit330,troglodyte-17158,18
troglodyte-circuit330,troglodyte-182541,19
troglodyte-circuit330,troglodyte-237418,20
troglodyte-circuit330,troglodyte-181982,21
troglodyte-circuit330,troglodyte-122691,21 bis
troglodyte-circuit330,troglodyte-238407,22
troglodyte-circuit330,troglodyte-17192,23
troglodyte-circuit330,troglodyte-17198,24
troglodyte-circuit330,troglodyte-17074,25
troglodyte-circuit330,troglodyte-75481,26
troglodyte-circuit330,troglodyte-17195,27
troglodyte-circuit330,troglodyte-17040,28
troglodyte-circuit330,troglodyte-79921,29
troglodyte-circuit330,troglodyte-17070,30
troglodyte-circuit330,troglodyte-273839,31
troglodyte-circuit330,troglodyte-118001,32
troglodyte-circuit330,troglodyte-135545,33
troglodyte-circuit330,troglodyte-223135,34
troglodyte-circuit330,troglodyte-149669,35
troglodyte-circuit330,troglodyte-159345,36
jouanne-circuit161,jouanne-12958,1
jouanne-circuit161,jouanne-12959,2
jouanne-circuit161,jouanne-18501,3
jouanne-circuit161,jouanne-12960,3 bis
jouanne-circuit161,jouanne-12961,4
jouanne-circuit161,jouanne-18502,5
jouanne-circuit161,jouanne-12962,5 bis
jouanne-circuit161,jouanne-12963,6
jouanne-circuit161,jouanne-12964,7
jouanne-circuit161,jouanne-12965,8
jouanne-circuit161,jouanne-18546,9
jouanne-circuit161,jouanne-12966,10
jouanne-circuit161,jouanne-12967,11
jouanne-circuit161,jouanne-12968,12
jouanne-circuit161,jouanne-12969,13
jouanne-circuit161,jouanne-18503,14
jouanne-circuit161,jouanne-12970,15
jouanne-circuit161,jouanne-12971,16
jouanne-circuit161,jouanne-12972,17
jouanne-circuit161,jouanne-12973,18
jouanne-circuit161,jouanne-12974,19
jouanne-circuit161,jouanne-12975,20
jouanne-circuit161,jouanne-12976,21
jouanne-circuit161,jouanne-12977,22
jouanne-circuit161,jouanne-18504,23
jouanne-circuit161,jouanne-12978,24
jouanne-circuit161,jouanne-18505,25
jouanne-circuit161,jouanne-12979,26
jouanne-circuit161,jouanne-12980,27
jouanne-circuit161,jouanne-12981,28
jouanne-circuit161,jouanne-12982,29
jouanne-circuit161,jouanne-18506,30
jouanne-circuit161,jouanne-12984,31
jouanne-circuit161,jouanne-12985,32
jouanne-circuit161,jouanne-12986,33
jouanne-circuit161,jouanne-18507,34
jouanne-circuit161,jouanne-18508,35
jouanne-circuit161,jouanne-18509,36
jouanne-circuit161,jouanne-18510,37
jouanne-circuit161,jouanne-12987,38
jouanne-circuit161,jouanne-12988,39
jouanne-circuit161,jouanne-12989,40
jouanne-circuit161,jouanne-18511,41
jouanne-circuit161,jouanne-18512,42
jouanne-circuit161,jouanne-12990,43
jouanne-circuit161,jouanne-18513,44
jouanne-circuit161,jouanne-12991,45
jouanne-circuit161,jouanne-18514,46
jouanne-circuit161,jouanne-12992,47
jouanne-circuit161,jouanne-18515,48
jouanne-circuit161,jouanne-12993,49
jouanne-circuit161,jouanne-12994,50
jouanne-circuit161,jouanne-12995,51
jouanne-circuit161,jouanne-12996,52
jouanne-circuit161,jouanne-18523,53
jouanne-circuit161,jouanne-12997,54
jouanne-circuit161,jouanne-18524,55
jouanne-circuit161,jouanne-18516,56
jouanne-circuit161,jouanne-12998,57
jouanne-circuit161,jouanne-12999,58
jouanne-circuit161,jouanne-18517,59
jouanne-circuit161,jouanne-18518,60
jouanne-circuit161,jouanne-18519,61
jouanne-circuit161,jouanne-18520,62
jouanne-circuit161,jouanne-13000,63
jouanne-circuit161,jouanne-18521,64
jouanne-circuit161,jouanne-13001,65
jouanne-circuit161,jouanne-18522,66
jouanne-circuit161,jouanne-13002,67
jouanne-circuit161,jouanne-13003,68
jouanne-circuit160,jouanne-12888,1
jouanne-circuit160,jouanne-12889,2
jouanne-circuit160,jouanne-12890,3
jouanne-circuit160,jouanne-12891,4
jouanne-circuit160,jouanne-12892,5
jouanne-circuit160,jouanne-12893,6
jouanne-circuit160,jouanne-12894,7
jouanne-circuit160,jouanne-12895,8
jouanne-circuit160,jouanne-12896,9
jouanne-circuit160,jouanne-12897,10
jouanne-circuit160,jouanne-12898,11
jouanne-circuit160,jouanne-12899,12
jouanne-circuit160,jouanne-12900,13
jouanne-circuit160,jouanne-12901,14
jouanne-circuit160,jouanne-12902,15
jouanne-circuit160,jouanne-12903,16
jouanne-circuit160,jouanne-12904,17
jouanne-circuit160,jouanne-12905,18
jouanne-circuit160,jouanne-12906,19
jouanne-circuit160,jouanne-12907,20
jouanne-circuit160,jouanne-12908,21
jouanne-circuit160,jouanne-12909,22
jouanne-circuit160,jouanne-12910,23
jouanne-circuit160,jouanne-12911,24
jouanne-circuit160,jouanne-12912,25
jouanne-circuit160,jouanne-12913,26
jouanne-circuit160,jouanne-12914,27
jouanne-circuit160,jouanne-12915,28
jouanne-circuit160,jouanne-12916,29
jouanne-circuit160,jouanne-12917,30
jouanne-circuit160,jouanne-12918,31
jouanne-circuit160,jouanne-12919,32
jouanne-circuit160,jouanne-12920,33
jouanne-circuit160,jouanne-12921,34
jouanne-circuit160,jouanne-12922,35
jouanne-circuit160,jouanne-12923,36
jouanne-circuit160,jouanne-12924,37
jouanne-circuit160,jouanne-12925,38
jouanne-circuit160,jouanne-12926,39
jouanne-circuit160,jouanne-12927,40
jouanne-circuit160,jouanne-12928,41
jouanne-circuit160,jouanne-12929,42
jouanne-circuit160,jouanne-12930,43
jouanne-circuit160,jouanne-12931,44
jouanne-circuit160,jouanne-12932,45
jouanne-circuit160,jouanne-12954,46
jouanne-circuit160,jouanne-12934,47
jouanne-circuit160,jouanne-12933,48
jouanne-circuit160,jouanne-12936,49
jouanne-circuit160,jouanne-12937,50
jouanne-circuit160,jouanne-12938,51
jouanne-circuit160,jouanne-12939,52
jouanne-circuit160,jouanne-12940,53
jouanne-circuit160,jouanne-12941,54
jouanne-circuit160,jouanne-18525,55
jouanne-circuit160,jouanne-12942,56
jouanne-circuit160,jouanne-18526,57
jouanne-circuit160,jouanne-12943,58
jouanne-circuit160,jouanne-18527,59
jouanne-circuit160,jouanne-18528,60
jouanne-circuit160,jouanne-18529,61
jouanne-circuit160,jouanne-18530,62
jouanne-circuit160,jouanne-12944,63
jouanne-circuit160,jouanne-12945,64
jouanne-circuit160,jouanne-12946,64 bis
jouanne-circuit160,jouanne-12947,65
jouanne-circuit160,jouanne-18531,66
jouanne-circuit160,jouanne-18532,67
jouanne-circuit160,jouanne-18533,68
jouanne-circuit160,jouanne-18534,69
jouanne-circuit160,jouanne-18535,70
jouanne-circuit160,jouanne-18536,71
jouanne-circuit160,jouanne-12948,72
jouanne-circuit160,jouanne-12949,73
jouanne-circuit160,jouanne-18537,74
jouanne-circuit160,jouanne-18538,75
jouanne-circuit160,jouanne-12950,76
jouanne-circuit160,jouanne-18539,77
jouanne-circuit160,jouanne-18540,78
jouanne-circuit160,jouanne-18541,79
jouanne-circuit160,jouanne-12953,80
jouanne-circuit154,jouanne-310232,1
jouanne-circuit154,jouanne-7284,2
jouanne-circuit154,jouanne-7285,3
jouanne-circuit154,jouanne-7286,4
jouanne-circuit154,jouanne-7287,5
jouanne-circuit154,jouanne-7288,6
jouanne-circuit154,jouanne-7289,7
jouanne-circuit154,jouanne-7290,8
jouanne-circuit154,jouanne-7291,9
jouanne-circuit154,jouanne-7292,10
jouanne-circuit154,jouanne-7293,11
jouanne-circuit154,jouanne-7294,12
jouanne-circuit154,jouanne-7295,13
jouanne-circuit154,jouanne-7296,14
jouanne-circuit154,jouanne-7297,15
jouanne-circuit154,jouanne-7298,16
jouanne-circuit154,jouanne-7299,17
jouanne-circuit154,jouanne-310233,17 bis
jouanne-circuit154,jouanne-7300,18
jouanne-circuit154,jouanne-7301,19
jouanne-circuit154,jouanne-7302,20
jouanne-circuit154,jouanne-310234,20 bis
jouanne-circuit154,jouanne-7303,21
jouanne-circuit154,jouanne-7304,22
jouanne-circuit154,jouanne-7305,23
jouanne-circuit154,jouanne-7306,24
jouanne-circuit154,jouanne-7307,25
jouanne-circuit154,jouanne-7308,26
jouanne-circuit154,jouanne-7309,27
jouanne-circuit154,jouanne-7310,28
jouanne-circuit154,jouanne-7311,29
jouanne-circuit154,jouanne-7312,30
jouanne-circuit154,jouanne-7313,31
jouanne-circuit154,jouanne-7314,32
jouanne-circuit154,jouanne-7315,33
jouanne-circuit154,jouanne-7316,34
jouanne-circuit154,jouanne-7317,35
jouanne-circuit154,jouanne-7318,36
jouanne-circuit154,jouanne-7319,37
jouanne-circuit154,jouanne-7320,38
jouanne-circuit154,jouanne-7321,39
jouanne-circuit154,jouanne-7322,40
jouanne-circuit154,jouanne-7323,41
jouanne-circuit154,jouanne-7324,42
jouanne-circuit154,jouanne-7325,43
jouanne-circuit154,jouanne-7326,44
jouanne-circuit154,jouanne-7327,45
jouanne-circuit154,jouanne-7328,46
jouanne-circuit154,jouanne-310235,47
jouanne-circuit154,jouanne-310236,48
jouanne-circuit154,jouanne-7331,49
jouanne-circuit154,jouanne-7332,50
jouanne-circuit154,jouanne-7333,51
jouanne-circuit154,jouanne-310237,52
jouanne-circuit154,jouanne-7335,53
jouanne-circuit154,jouanne-7336,54
jouanne-circuit154,jouanne-310238,55
jouanne-circuit154,jouanne-7338,56
jouanne-circuit154,jouanne-7339,57
jouanne-circuit154,jouanne-7340,58
jouanne-circuit154,jouanne-7341,59
jouanne-circuit154,jouanne-7342,60
jouanne-circuit154,jouanne-7343,61
jouanne-circuit154,jouanne-7344,62
jouanne-circuit154,jouanne-7345,63
jouanne-circuit154,jouanne-7346,64
jouanne-circuit154,jouanne-7347,65
jouanne-circuit154,jouanne-7348,66
jouanne-circuit154,jouanne-7349,67
jouanne-circuit154,jouanne-310239,68
jouanne-circuit154,jouanne-7351,69
jouanne-circuit154,jouanne-7352,70
jouanne-circuit154,jouanne-7353,71
jouanne-circuit154,jouanne-7354,72
jouanne-circuit154,jouanne-7355,73
jouanne-circuit154,jouanne-7356,74
jouanne-circuit154,jouanne-7357,75
jouanne-circuit154,jouanne-7358,76
jouanne-circuit155,jouanne-7359,1
jouanne-circuit155,jouanne-7360,2
jouanne-circuit155,jouanne-7361,2 bis
jouanne-circuit155,jouanne-7362,3
jouanne-circuit155,jouanne-7363,4
jouanne-circuit155,jouanne-7364,5
jouanne-circuit155,jouanne-7365,6
jouanne-circuit155,jouanne-7366,6 bis
jouanne-circuit155,jouanne-7367,7
jouanne-circuit155,jouanne-7368,8
jouanne-circuit155,jouanne-7369,9
jouanne-circuit155,jouanne-7370,10
jouanne-circuit155,jouanne-7371,11
jouanne-circuit155,jouanne-7372,12
jouanne-circuit155,jouanne-7373,13
jouanne-circuit155,jouanne-7374,14
jouanne-circuit155,jouanne-7375,15
jouanne-circuit155,jouanne-7376,16
jouanne-circuit155,jouanne-7377,17
jouanne-circuit155,jouanne-7378,18
jouanne-circuit155,jouanne-7379,19
jouanne-circuit155,jouanne-7380,20
jouanne-circuit155,jouanne-7381,20 bis
jouanne-circuit155,jouanne-7382,21
jouanne-circuit155,jouanne-7383,22
jouanne-circuit155,jouanne-7384,23
jouanne-circuit155,jouanne-7385,24
jouanne-circuit155,jouanne-7386,25
jouanne-circuit155,jouanne-7387,26
jouanne-circuit155,jouanne-7388,27
jouanne-circuit155,jouanne-7389,28
jouanne-circuit155,jouanne-7390,29
jouanne-circuit155,jouanne-7391,30
jouanne-circuit155,jouanne-7392,31
jouanne-circuit155,jouanne-7393,32
jouanne-circuit155,jouanne-7394,33
jouanne-circuit155,jouanne-7395,34
jouanne-circuit155,jouanne-7396,35
jouanne-circuit155,jouanne-7397,36
jouanne-circuit155,jouanne-7398,37
jouanne-circuit155,jouanne-7399,38
jouanne-circuit155,jouanne-7400,39
jouanne-circuit155,jouanne-7401,40
jouanne-circuit155,jouanne-7402,40 bis
jouanne-circuit155,jouanne-7403,41
jouanne-circuit155,jouanne-7404,42
jouanne-circuit155,jouanne-7405,43
jouanne-circuit155,jouanne-7406,44
jouanne-circuit155,jouanne-7407,44 bis
jouanne-circuit155,jouanne-7408,45
jouanne-circuit155,jouanne-7409,46
jouanne-circuit155,jouanne-7410,47
jouanne-circuit155,jouanne-7411,48
jouanne-circuit155,jouanne-7412,49
jouanne-circuit155,jouanne-7413,50
jouanne-circuit158,jouanne-7414,1
jouanne-circuit158,jouanne-7415,2
jouanne-circuit158,jouanne-7416,3
jouanne-circuit158,jouanne-7417,4
jouanne-circuit158,jouanne-7418,5
jouanne-circuit158,jouanne-7419,6
jouanne-circuit158,jouanne-7420,7
jouanne-circuit158,jouanne-7421,8
jouanne-circuit158,jouanne-7422,9
jouanne-circuit158,jouanne-7423,10
jouanne-circuit158,jouanne-7424,11
jouanne-circuit158,jouanne-7425,12
jouanne-circuit158,jouanne-7426,13
jouanne-circuit158,jouanne-7427,14
jouanne-circuit158,jouanne-7428,15
jouanne-circuit158,jouanne-7429,16
jouanne-circuit158,jouanne-7430,17
jouanne-circuit158,jouanne-7431,18
jouanne-circuit158,jouanne-7432,19
jouanne-circuit158,jouanne-7433,20
jouanne-circuit158,jouanne-7434,21
jouanne-circuit158,jouanne-7435,22
jouanne-circuit158,jouanne-7436,23
jouanne-circuit158,jouanne-7437,24
jouanne-circuit158,jouanne-7438,25
jouanne-circuit158,jouanne-7439,26
jouanne-circuit158,jouanne-7440,27
jouanne-circuit158,jouanne-7441,28
jouanne-circuit158,jouanne-7442,29
jouanne-circuit158,jouanne-7443,30
jouanne-circuit158,jouanne-7444,31
jouanne-circuit158,jouanne-7445,32
jouanne-circuit158,jouanne-7446,33
jouanne-circuit158,jouanne-7447,34
jouanne-circuit158,jouanne-229191,34 bis
jouanne-circuit158,jouanne-7448,35
jouanne-circuit158,jouanne-7449,36
jouanne-circuit158,jouanne-7450,37
jouanne-circuit158,jouanne-7451,38
jouanne-circuit158,jouanne-7452,39
jouanne-circuit158,jouanne-7453,40
jouanne-circuit158,jouanne-7454,41
jouanne-circuit158,jouanne-7455,42
jouanne-circuit158,jouanne-7456,43
jouanne-circuit158,jouanne-7457,44
jouanne-circuit158,jouanne-7458,45
jouanne-circuit158,jouanne-5066,45 bis
jouanne-circuit158,jouanne-7459,46
jouanne-circuit158,jouanne-7460,47
jouanne-circuit158,jouanne-7461,48
jouanne-circuit158,jouanne-7462,49
jouanne-circuit158,jouanne-7463,50
jouanne-circuit158,jouanne-7464,51
jouanne-circuit158,jouanne-7465,52
jouanne-circuit158,jouanne-7466,53
jouanne-circuit158,jouanne-7467,54
jouanne-circuit158,jouanne-7468,55
jouanne-circuit158,jouanne-7469,56
jouanne-circuit158,jouanne-7470,57
jouanne-circuit158,jouanne-7471,58
jouanne-circuit157,jouanne-7472,1
jouanne-circuit157,jouanne-7473,2
jouanne-circuit157,jouanne-7474,3
jouanne-circuit157,jouanne-7475,4
jouanne-circuit157,jouanne-7476,5
jouanne-circuit157,jouanne-7477,6
jouanne-circuit157,jouanne-7478,7
jouanne-circuit157,jouanne-7479,8
jouanne-circuit157,jouanne-7481,9
jouanne-circuit157,jouanne-7480,10
jouanne-circuit157,jouanne-7482,11
jouanne-circuit157,jouanne-7483,12
jouanne-circuit157,jouanne-7484,13
jouanne-circuit157,jouanne-7485,14
jouanne-circuit157,jouanne-7486,15
jouanne-circuit157,jouanne-7487,16
jouanne-circuit157,jouanne-7488,17
jouanne-circuit157,jouanne-7489,18
jouanne-circuit157,jouanne-7490,19
jouanne-circuit157,jouanne-7491,20
jouanne-circuit157,jouanne-7492,21
jouanne-circuit157,jouanne-7493,22
jouanne-circuit157,jouanne-7494,23
jouanne-circuit157,jouanne-7495,24
jouanne-circuit157,jouanne-7496,25
jouanne-circuit157,jouanne-7497,26
jouanne-circuit157,jouanne-7498,27
jouanne-circuit157,jouanne-7499,28
jouanne-circuit157,jouanne-7500,29
jouanne-circuit157,jouanne-7501,30
jouanne-circuit157,jouanne-7502,31
jouanne-circuit157,jouanne-7503,32
jouanne-circuit157,jouanne-7504,33
jouanne-circuit157,jouanne-7505,34
jouanne-circuit157,jouanne-7506,35
jouanne-circuit157,jouanne-7507,36
jouanne-circuit157,jouanne-7508,37
jouanne-circuit157,jouanne-7509,38
jouanne-circuit157,jouanne-7510,39
jouanne-circuit157,jouanne-7511,40
jouanne-circuit157,jouanne-7512,41
jouanne-circuit157,jouanne-7513,42
jouanne-circuit157,jouanne-7514,43
jouanne-circuit157,jouanne-7515,44
jouanne-circuit157,jouanne-7516,45
jouanne-circuit157,jouanne-7517,46
jouanne-circuit157,jouanne-7518,47
jouanne-circuit157,jouanne-7519,48
jouanne-circuit157,jouanne-75380,48 bis
jouanne-circuit156,jouanne-7520,1
jouanne-circuit156,jouanne-7521,2
jouanne-circuit156,jouanne-7522,3
jouanne-circuit156,jouanne-7523,4
jouanne-circuit156,jouanne-7524,5
jouanne-circuit156,jouanne-7525,6
jouanne-circuit156,jouanne-7526,7
jouanne-circuit156,jouanne-7527,8
jouanne-circuit156,jouanne-7528,9
jouanne-circuit156,jouanne-7529,10
jouanne-circuit156,jouanne-7530,11
jouanne-circuit156,jouanne-7531,12
jouanne-circuit156,jouanne-7532,13
jouanne-circuit156,jouanne-7533,14
jouanne-circuit156,jouanne-7534,15
jouanne-circuit156,jouanne-7535,16
jouanne-circuit156,jouanne-7536,17
jouanne-circuit156,jouanne-7537,18
jouanne-circuit156,jouanne-7538,19
jouanne-circuit156,jouanne-7539,20
jouanne-circuit156,jouanne-373,21
jouanne-circuit156,jouanne-7540,22
jouanne-circuit156,jouanne-376,23
jouanne-circuit156,jouanne-7541,24
jouanne-circuit156,jouanne-7542,25
jouanne-circuit156,jouanne-7543,26
jouanne-circuit156,jouanne-7544,27
jouanne-circuit156,jouanne-7545,28
jouanne-circuit156,jouanne-7546,29
jouanne-circuit156,jouanne-7547,30
jouanne-circuit156,jouanne-7548,31
jouanne-circuit290,jouanne-11617,1
jouanne-circuit290,jouanne-384,1 bis
jouanne-circuit290,jouanne-9027,2
jouanne-circuit290,jouanne-9028,3
jouanne-circuit290,jouanne-364,4
jouanne-circuit290,jouanne-11618,5
jouanne-circuit290,jouanne-365,6
jouanne-circuit290,jouanne-390,7
jouanne-circuit290,jouanne-370,8
jouanne-circuit290,jouanne-379,9
jouanne-circuit290,jouanne-381,10
jouanne-circuit290,jouanne-371,11
jouanne-circuit290,jouanne-372,12
jouanne-circuit290,jouanne-386,13
jouanne-circuit290,jouanne-1016,14
jouanne-circuit290,jouanne-388,15
jouanne-circuit290,jouanne-389,16
jouanne-circuit290,jouanne-1017,17
jouanne-circuit290,jouanne-11619,17 bis
jouanne-circuit290,jouanne-982,18
jouanne-circuit290,jouanne-382,19
jouanne-circuit290,jouanne-368,19 bis
jouanne-circuit290,jouanne-377,20
jouanne-circuit290,jouanne-378,20 bis
jouanne-circuit290,jouanne-366,21
jouanne-circuit290,jouanne-385,22
jouanne-circuit290,jouanne-369,23
jouanne-circuit290,jouanne-9599,24
jouanne-circuit290,jouanne-375,25
jouanne-circuit290,jouanne-367,26
hameau-circuit388,hameau-314234,1
hameau-circuit388,hameau-314235,2
hameau-circuit388,hameau-314237,3
hameau-circuit388,hameau-314239,4
hameau-circuit388,hameau-314241,5
hameau-circuit388,hameau-314242,6
hameau-circuit388,hameau-314367,7
hameau-circuit388,hameau-314368,8
hameau-circuit388,hameau-314369,9
hameau-circuit388,hameau-314370,10
hameau-circuit388,hameau-314371,11
hameau-circuit388,hameau-314372,12
hameau-circuit388,hameau-314373,13
hameau-circuit388,hameau-314374,14
hameau-circuit388,hameau-314375,15
hameau-circuit388,hameau-314376,16
hameau-circuit388,hameau-314377,17
hameau-circuit388,hameau-314378,18
hameau-circuit388,hameau-314379,19
hameau-circuit388,hameau-314380,20
hameau-circuit388,hameau-314381,21
hameau-circuit388,hameau-314382,22
hameau-circuit388,hameau-314383,23
hameau-circuit388,hameau-314384,24
hameau-circuit388,hameau-314385,25
hameau-circuit388,hameau-314386,26
hameau-circuit388,hameau-314387,27
hameau-circuit388,hameau-314388,28
hameau-circuit388,hameau-314389,29
hameau-circuit388,hameau-314390,30
hameau-circuit388,hameau-314391,31
hameau-circuit388,hameau-314392,32
hameau-circuit388,hameau-314393,33
hameau-circuit388,hameau-314394,34
hameau-circuit388,hameau-314395,35
hameau-circuit388,hameau-314396,36
hameau-circuit388,hameau-314397,37
hameau-circuit388,hameau-314398,38
hameau-circuit388,hameau-314399,39
hameau-circuit388,hameau-314400,40
hameau-circuit271,hameau-14954,1
hameau-circuit271,hameau-314185,1 bis
hameau-circuit271,hameau-314186,1 ter
hameau-circuit271,hameau-14955,2
hameau-circuit271,hameau-314184,2 bis
hameau-circuit271,hameau-14956,3
hameau-circuit271,hameau-14957,4
hameau-circuit271,hameau-14958,5
hameau-circuit271,hameau-14959,6
hameau-circuit271,hameau-314183,7
hameau-circuit271,hameau-14961,8
hameau-circuit271,hameau-14962,9
hameau-circuit271,hameau-14963,10
hameau-circuit271,hameau-14964,11
hameau-circuit271,hameau-14965,12
hameau-circuit271,hameau-14966,13
hameau-circuit271,hameau-14967,14
hameau-circuit271,hameau-14968,15
hameau-circuit271,hameau-14969,16
hameau-circuit271,hameau-14970,17
hameau-circuit271,hameau-14971,18
hameau-circuit271,hameau-14972,19
hameau-circuit271,hameau-14973,20
hameau-circuit271,hameau-14974,21
hameau-circuit271,hameau-14975,22
hameau-circuit271,hameau-14976,23
hameau-circuit271,hameau-14977,24
hameau-circuit271,hameau-14978,25
hameau-circuit271,hameau-14979,26
hameau-circuit271,hameau-14980,27
hameau-circuit271,hameau-14981,28
hameau-circuit271,hameau-14982,29
hameau-circuit271,hameau-14983,30
hameau-circuit271,hameau-14984,31
hameau-circuit271,hameau-14985,32
hameau-circuit271,hameau-113653,33
hameau-circuit271,hameau-14986,34
hameau-circuit136,hameau-15641,1
hameau-circuit136,hameau-15602,2
hameau-circuit136,hameau-15603,3
hameau-circuit136,hameau-15604,4
hameau-circuit136,hameau-15605,5
hameau-circuit136,hameau-15606,6
hameau-circuit136,hameau-15607,7
hameau-circuit136,hameau-15608,8
hameau-circuit136,hameau-15609,9
hameau-circuit136,hameau-15610,10
hameau-circuit136,hameau-15611,11
hameau-circuit136,hameau-15612,12
hameau-circuit136,hameau-15613,13
hameau-circuit136,hameau-15614,14
hameau-circuit136,hameau-15615,15
hameau-circuit136,hameau-15616,16
hameau-circuit136,hameau-15617,17
hameau-circuit136,hameau-15618,18
hameau-circuit136,hameau-15619,19
hameau-circuit136,hameau-15620,20
hameau-circuit136,hameau-15621,21
hameau-circuit136,hameau-15622,22
hameau-circuit136,hameau-15623,23
hameau-circuit136,hameau-15624,24
hameau-circuit136,hameau-15625,25
hameau-circuit136,hameau-15626,26
hameau-circuit136,hameau-15627,27
hameau-circuit136,hameau-15628,28
hameau-circuit136,hameau-15629,29
hameau-circuit136,hameau-15630,30
hameau-circuit136,hameau-15631,31
hameau-circuit136,hameau-15632,32
hameau-circuit136,hameau-15633,33
hameau-circuit136,hameau-15634,34
hameau-circuit136,hameau-15635,35
hameau-circuit136,hameau-15636,36
hameau-circuit136,hameau-15637,37
hameau-circuit136,hameau-15638,38
hameau-circuit136,hameau-15639,39
hameau-circuit136,hameau-15640,40
hameau-circuit136,hameau-15701,41
hameau-circuit136,hameau-15702,42
hameau-circuit136,hameau-15703,43
hameau-circuit136,hameau-15704,44
hameau-circuit136,hameau-15705,45
hameau-circuit136,hameau-15706,46
hameau-circuit136,hameau-15707,47
hameau-circuit136,hameau-15708,48
hameau-circuit136,hameau-15709,49
hameau-circuit136,hameau-15710,50
hameau-circuit136,hameau-15711,51
hameau-circuit136,hameau-15712,52
hameau-circuit136,hameau-15713,53
hameau-circuit136,hameau-15714,54
hameau-circuit136,hameau-15655,55
hameau-circuit136,hameau-15656,56
hameau-circuit136,hameau-15657,57
hameau-circuit136,hameau-15658,58
hameau-circuit136,hameau-15659,59
hameau-circuit136,hameau-15660,60
hameau-circuit136,hameau-15661,61
hameau-circuit136,hameau-15662,62
hameau-circuit136,hameau-15663,63
hameau-circuit136,hameau-15664,64
hameau-circuit136,hameau-15665,65
hameau-circuit136,hameau-15666,66
hameau-circuit136,hameau-15667,67
hameau-circuit136,hameau-15668,68
hameau-circuit136,hameau-15669,69
hameau-circuit136,hameau-15670,70
hameau-circuit136,hameau-15671,71
hameau-circuit136,hameau-15672,72
hameau-circuit136,hameau-15673,73
hameau-circuit136,hameau-15674,74
hameau-circuit136,hameau-15675,75
hameau-circuit136,hameau-15676,76
hameau-circuit136,hameau-15677,77
hameau-circuit136,hameau-15678,78
hameau-circuit136,hameau-15679,79
hameau-circuit136,hameau-15680,80
hameau-circuit136,hameau-15681,81
hameau-circuit136,hameau-15682,82
hameau-circuit136,hameau-15683,83
hameau-circuit136,hameau-15684,84
hameau-circuit136,hameau-15715,84 bis
hameau-circuit136,hameau-15685,85
hameau-circuit136,hameau-15686,86
hameau-circuit136,hameau-15687,87
hameau-circuit136,hameau-15688,88
hameau-circuit136,hameau-15689,89
hameau-circuit136,hameau-15690,90
hameau-circuit136,hameau-15691,91
hameau-circuit136,hameau-15692,92
hameau-circuit136,hameau-15693,93
hameau-circuit136,hameau-15694,94
hameau-circuit136,hameau-15695,95
hameau-circuit136,hameau-15696,96
hameau-circuit136,hameau-15697,97
hameau-circuit136,hameau-15698,98
hameau-circuit136,hameau-15699,99
hameau-circuit136,hameau-15700,100
hameau-circuit137,hameau-14987,1
hameau-circuit137,hameau-314177,1 bis
hameau-circuit137,hameau-14988,2
hameau-circuit137,hameau-15020,2 bis
hameau-circuit137,hameau-14989,3
hameau-circuit137,hameau-314173,3 bis
hameau-circuit137,hameau-314174,3 ter
hameau-circuit137,hameau-14990,4
hameau-circuit137,hameau-15021,4 bis
hameau-circuit137,hameau-14991,5
hameau-circuit137,hameau-14992,6
hameau-circuit137,hameau-14993,7
hameau-circuit137,hameau-14994,8
hameau-circuit137,hameau-15022,8 bis
hameau-circuit137,hameau-14995,9
hameau-circuit137,hameau-15023,9 bis
hameau-circuit137,hameau-14996,10
hameau-circuit137,hameau-14997,11
hameau-circuit137,hameau-15024,11 bis
hameau-circuit137,hameau-14998,12
hameau-circuit137,hameau-14999,13
hameau-circuit137,hameau-15025,13 bis
hameau-circuit137,hameau-15000,14
hameau-circuit137,hameau-15027,14 bis
hameau-circuit137,hameau-15001,15
hameau-circuit137,hameau-15002,16
hameau-circuit137,hameau-15003,17
hameau-circuit137,hameau-309106,17 bis
hameau-circuit137,hameau-15004,18
hameau-circuit137,hameau-15028,18 bis
hameau-circuit137,hameau-15005,19
hameau-circuit137,hameau-15029,19 bis
hameau-circuit137,hameau-15006,20
hameau-circuit137,hameau-15030,20 bis
hameau-circuit137,hameau-15007,21
hameau-circuit137,hameau-15031,21 bis
hameau-circuit137,hameau-15008,22
hameau-circuit137,hameau-15032,22 bis
hameau-circuit137,hameau-15009,23
hameau-circuit137,hameau-15010,24
hameau-circuit137,hameau-15033,24 bis
hameau-circuit137,hameau-15011,25
hameau-circuit137,hameau-15034,25 bis
hameau-circuit137,hameau-15012,26
hameau-circuit137,hameau-15013,27
hameau-circuit137,hameau-15035,27 bis
hameau-circuit137,hameau-15014,28
hameau-circuit137,hameau-23495,28 bis
hameau-circuit137,hameau-15015,29
hameau-circuit137,hameau-15036,29 bis
hameau-circuit137,hameau-15016,30
hameau-circuit137,hameau-15017,31
hameau-circuit137,hameau-203429,32
hameau-circuit137,hameau-91271,33
hameau-circuit137,hameau-15019,34
hameau-circuit137,hameau-6887,34 bis
hameau-circuit347,hameau-306780,1
hameau-circuit347,hameau-306781,2
hameau-circuit347,hameau-74184,2 bis
hameau-circuit347,hameau-119847,3
hameau-circuit347,hameau-100124,4
hameau-circuit347,hameau-62614,5
hameau-circuit347,hameau-178106,5 bis
hameau-circuit347,hameau-38153,6
hameau-circuit347,hameau-159971,7
hameau-circuit347,hameau-195863,8
hameau-circuit347,hameau-248369,9
hameau-circuit347,hameau-267802,10
hameau-circuit347,hameau-106802,11
hameau-circuit347,hameau-256188,12
hameau-circuit347,hameau-282832,13
hameau-circuit347,hameau-59224,14
hameau-circuit347,hameau-202141,15
hameau-circuit347,hameau-55560,16
hameau-circuit347,hameau-127394,17
hameau-circuit347,hameau-103097,18
hameau-circuit347,hameau-99651,19
hameau-circuit347,hameau-264345,20
hameau-circuit347,hameau-137995,21
hameau-circuit347,hameau-45936,22
hameau-circuit347,hameau-149120,23
hameau-circuit347,hameau-170067,23 bis
hameau-circuit347,hameau-246645,24
hameau-circuit347,hameau-122061,25
hameau-circuit347,hameau-117722,26
hameau-circuit347,hameau-228209,27
hameau-circuit347,hameau-147344,28
hameau-circuit347,hameau-136995,29
hameau-circuit347,hameau-306784,30
hameau-circuit347,hameau-6906,31
hameau-circuit347,hameau-225551,32
hameau-circuit347,hameau-251577,33
hameau-circuit347,hameau-255148,34
hameau-circuit347,hameau-218205,35
hameau-circuit347,hameau-306785,36
hameau-circuit132,hameau-21292,1
hameau-circuit132,hameau-21293,2
hameau-circuit132,hameau-21294,3
hameau-circuit132,hameau-21295,4
hameau-circuit132,hameau-21296,4 bis
hameau-circuit132,hameau-21297,5
hameau-circuit132,hameau-21298,6
hameau-circuit132,hameau-21299,7
hameau-circuit132,hameau-6885,8
hameau-circuit132,hameau-6886,8 bis
hameau-circuit132,hameau-6884,9
hameau-circuit132,hameau-21300,10
hameau-circuit132,hameau-14953,11
hameau-circuit132,hameau-14947,11 bis
hameau-circuit132,hameau-6883,12
hameau-circuit132,hameau-21301,13
hameau-circuit132,hameau-21302,13 bis
hameau-circuit132,hameau-6879,14
hameau-circuit132,hameau-14946,14 bis
hameau-circuit132,hameau-6878,15
hameau-circuit132,hameau-6880,15 bis
hameau-circuit132,hameau-6888,16
hameau-circuit132,hameau-14948,16 bis
hameau-circuit132,hameau-6890,17
hameau-circuit132,hameau-6892,18
hameau-circuit132,hameau-6893,19
hameau-circuit132,hameau-6894,20
hameau-circuit132,hameau-6895,21
hameau-circuit132,hameau-6896,21 bis
hameau-circuit132,hameau-6897,22
hameau-circuit132,hameau-21303,23
hameau-circuit132,hameau-6898,24
hameau-circuit132,hameau-6899,25
hameau-circuit132,hameau-21304,25 bis
hameau-circuit132,hameau-6901,26
hameau-circuit132,hameau-6915,27
hameau-circuit132,hameau-14949,27 bis
hameau-circuit132,hameau-21305,28
hameau-circuit132,hameau-21306,29
hameau-circuit132,hameau-6902,30
hameau-circuit132,hameau-16622,30
hameau-circuit132,hameau-6903,31
hameau-circuit132,hameau-245269,32
hameau-circuit132,hameau-6904,33
hameau-circuit132,hameau-14950,33 bis
hameau-circuit132,hameau-14951,34
hameau-circuit132,hameau-6905,34 bis
hameau-circuit132,hameau-6907,35
hameau-circuit132,hameau-14952,35 bis
hameau-circuit132,hameau-6908,36
hameau-circuit132,hameau-6909,37
hameau-circuit132,hameau-6910,38
hameau-circuit132,hameau-6912,39
hameau-circuit132,hameau-6911,39 bis
hameau-circuit132,hameau-6913,39 ter
hameau-circuit132,hameau-6914,40
hameau-circuit133,hameau-15600,1
hameau-circuit133,hameau-15601,2
hameau-circuit133,hameau-18556,2 bis
hameau-circuit133,hameau-184100,3
hameau-circuit133,hameau-15472,4
hameau-circuit133,hameau-283004,4 bis
hameau-circuit133,hameau-193548,5
hameau-circuit133,hameau-15474,6
hameau-circuit133,hameau-15473,6 bis
hameau-circuit133,hameau-15475,7
hameau-circuit133,hameau-15476,8
hameau-circuit133,hameau-15477,9
hameau-circuit133,hameau-15478,9 bis
hameau-circuit133,hameau-15481,10
hameau-circuit133,hameau-15479,10 bis
hameau-circuit133,hameau-15480,11
hameau-circuit133,hameau-15482,12
hameau-circuit133,hameau-15483,12 bis
hameau-circuit133,hameau-15484,13
hameau-circuit133,hameau-15485,13 bis
hameau-circuit133,hameau-15486,14
hameau-circuit133,hameau-15501,15
hameau-circuit133,hameau-23501,16
hameau-circuit133,hameau-15502,16 ter
hameau-circuit133,hameau-15492,17
hameau-circuit133,hameau-15493,17 bis
hameau-circuit133,hameau-15503,18
hameau-circuit133,hameau-18551,18 bis
hameau-circuit133,hameau-23503,19
hameau-circuit133,hameau-23502,20
hameau-circuit133,hameau-122340,21
hameau-circuit133,hameau-15808,22
hameau-circuit133,hameau-15590,23
hameau-circuit133,hameau-15591,23 bis
hameau-circuit133,hameau-23504,24
hameau-circuit133,hameau-18395,25
hameau-circuit133,hameau-18396,26
hameau-circuit133,hameau-18397,27
hameau-circuit133,hameau-11639,28
hameau-circuit133,hameau-100,28 bis
hameau-circuit133,hameau-21600,28 ter
hameau-circuit133,hameau-11637,29
hameau-circuit133,hameau-11638,29 bis
hameau-circuit133,hameau-301243,30
hameau-circuit133,hameau-301242,30 bis
hameau-circuit133,hameau-15494,31
hameau-circuit133,hameau-15495,31 bis
hameau-circuit133,hameau-11392,31 ter
hameau-circuit133,hameau-15500,32
hameau-circuit133,hameau-15496,33
hameau-circuit133,hameau-15497,34
hameau-circuit133,hameau-8477,34 bis
hameau-circuit133,hameau-71215,35
hameau-circuit133,hameau-15505,36
hameau-circuit133,hameau-15506,36 bis
hameau-circuit133,hameau-15507,37
hameau-circuit133,hameau-15509,38
hameau-circuit133,hameau-99,38 bis
hameau-circuit133,hameau-15510,39
hameau-circuit133,hameau-15499,40
hameau-circuit133,hameau-15511,40 bis
loutteville-circuit142,loutteville-311277,1
loutteville-circuit142,loutteville-311278,2
loutteville-circuit142,loutteville-311279,3
loutteville-circuit142,loutteville-311280,4
loutteville-circuit142,loutteville-311281,5
loutteville-circuit142,loutteville-311282,6
loutteville-circuit142,loutteville-311283,7
loutteville-circuit142,loutteville-311284,8
loutteville-circuit142,loutteville-311285,9
loutteville-circuit142,loutteville-311286,10
loutteville-circuit142,loutteville-311287,11
loutteville-circuit142,loutteville-311288,12
loutteville-circuit142,loutteville-311289,13
loutteville-circuit142,loutteville-311290,14
loutteville-circuit142,loutteville-311291,15
loutteville-circuit142,loutteville-311292,16
loutteville-circuit142,loutteville-311293,17
loutteville-circuit142,loutteville-311294,18
loutteville-circuit142,loutteville-311295,19
loutteville-circuit142,loutteville-311296,20
loutteville-circuit142,loutteville-311297,21
loutteville-circuit142,loutteville-311298,22
loutteville-circuit142,loutteville-311299,23
loutteville-circuit142,loutteville-311300,24
loutteville-circuit142,loutteville-311301,25
loutteville-circuit142,loutteville-311302,26
loutteville-circuit142,loutteville-311303,27
loutteville-circuit142,loutteville-311304,28
loutteville-circuit142,loutteville-311305,29
loutteville-circuit142,loutteville-311306,30
loutteville-circuit142,loutteville-311307,31
loutteville-circuit142,loutteville-311308,32
loutteville-circuit142,loutteville-311309,33
loutteville-circuit142,loutteville-311310,34
loutteville-circuit142,loutteville-311311,35
loutteville-circuit142,loutteville-311312,36
loutteville-circuit142,loutteville-311313,37
loutteville-circuit142,loutteville-311314,38
loutteville-circuit142,loutteville-311315,39
loutteville-circuit142,loutteville-311316,40
loutteville-circuit142,loutteville-311317,41
loutteville-circuit142,loutteville-311318,42
loutteville-circuit142,loutteville-311319,43
loutteville-circuit142,loutteville-311320,44
loutteville-circuit142,loutteville-311321,45
loutteville-circuit142,loutteville-311322,46
loutteville-circuit142,loutteville-311323,47
loutteville-circuit142,loutteville-311324,48
loutteville-circuit142,loutteville-311325,49
loutteville-circuit142,loutteville-311326,50
loutteville-circuit143,loutteville-311187,1
loutteville-circuit143,loutteville-311188,2
loutteville-circuit143,loutteville-311189,3
loutteville-circuit143,loutteville-311190,4
loutteville-circuit143,loutteville-311191,5
loutteville-circuit143,loutteville-311192,6
loutteville-circuit143,loutteville-311193,7
loutteville-circuit143,loutteville-311194,8
loutteville-circuit143,loutteville-311195,9
loutteville-circuit143,loutteville-311196,10
loutteville-circuit143,loutteville-311197,11
loutteville-circuit143,loutteville-311198,12
loutteville-circuit143,loutteville-311199,13
loutteville-circuit143,loutteville-311200,14
loutteville-circuit143,loutteville-311201,15
loutteville-circuit143,loutteville-311202,16
loutteville-circuit143,loutteville-311203,17
loutteville-circuit143,loutteville-311204,18
loutteville-circuit143,loutteville-311205,19
loutteville-circuit143,loutteville-311206,20
loutteville-circuit143,loutteville-311207,21
loutteville-circuit143,loutteville-311208,22
loutteville-circuit143,loutteville-311209,23
loutteville-circuit143,loutteville-311210,24
loutteville-circuit143,loutteville-311211,25
loutteville-circuit143,loutteville-311212,26
loutteville-circuit143,loutteville-311213,27
loutteville-circuit143,loutteville-311214,28
loutteville-circuit143,loutteville-311215,29
loutteville-circuit143,loutteville-311216,30
loutteville-circuit143,loutteville-311217,31
loutteville-circuit143,loutteville-311218,32
loutteville-circuit143,loutteville-311219,33
loutteville-circuit143,loutteville-311220,34
loutteville-circuit143,loutteville-311221,35
loutteville-circuit143,loutteville-311222,36
loutteville-circuit143,loutteville-311223,37
loutteville-circuit143,loutteville-311224,38
loutteville-circuit348,loutteville-311251,D
loutteville-circuit348,loutteville-311227,1
loutteville-circuit348,loutteville-311228,2
loutteville-circuit348,loutteville-311229,3
loutteville-circuit348,loutteville-311230,4
loutteville-circuit348,loutteville-311231,5
loutteville-circuit348,loutteville-311232,6
loutteville-circuit348,loutteville-311233,7
loutteville-circuit348,loutteville-311234,8
loutteville-circuit348,loutteville-311235,9
loutteville-circuit348,loutteville-311236,10
loutteville-circuit348,loutteville-311237,11
loutteville-circuit348,loutteville-311238,12
loutteville-circuit348,loutteville-311239,13
loutteville-circuit348,loutteville-311240,14
loutteville-circuit348,loutteville-311241,15
loutteville-circuit348,loutteville-311242,16
loutteville-circuit348,loutteville-311243,17
loutteville-circuit348,loutteville-311244,18
loutteville-circuit348,loutteville-311245,19
loutteville-circuit348,loutteville-311246,20
loutteville-circuit348,loutteville-311247,21
loutteville-circuit348,loutteville-311248,22
loutteville-circuit348,loutteville-311249,23
loutteville-circuit348,loutteville-311250,24
loutteville-circuit348,loutteville-311252,26
loutteville-circuit348,loutteville-311253,27
loutteville-circuit348,loutteville-311254,28
loutteville-circuit348,loutteville-311255,29
loutteville-circuit348,loutteville-311256,30
loutteville-circuit348,loutteville-311257,31
loutteville-circuit348,loutteville-311258,32
loutteville-circuit348,loutteville-311259,33
loutteville-circuit348,loutteville-311260,34
loutteville-circuit348,loutteville-311261,35
loutteville-circuit348,loutteville-311262,36
loutteville-circuit348,loutteville-311263,37
loutteville-circuit348,loutteville-311264,38
loutteville-circuit348,loutteville-311265,39
loutteville-circuit348,loutteville-311266,40
loutteville-circuit348,loutteville-311267,41
loutteville-circuit348,loutteville-311268,42
loutteville-circuit348,loutteville-311327,42 bis
loutteville-circuit348,loutteville-311269,43
loutteville-circuit348,loutteville-311270,44
loutteville-circuit342,loutteville-18083,D
loutteville-circuit342,loutteville-313841,1
loutteville-circuit342,loutteville-110207,2
loutteville-circuit342,loutteville-145633,3
loutteville-circuit342,loutteville-313831,3 bis
loutteville-circuit342,loutteville-294462,4
loutteville-circuit342,loutteville-313842,5
loutteville-circuit342,loutteville-299214,6
loutteville-circuit342,loutteville-235405,7
loutteville-circuit342,loutteville-250198,8
loutteville-circuit342,loutteville-109403,9
loutteville-circuit342,loutteville-313851,10
loutteville-circuit342,loutteville-267734,11
loutteville-circuit342,loutteville-207053,13
loutteville-circuit342,loutteville-313843,14
loutteville-circuit342,loutteville-136494,14 bis
loutteville-circuit342,loutteville-134213,15
loutteville-circuit342,loutteville-313844,16
loutteville-circuit342,loutteville-313845,17
loutteville-circuit342,loutteville-269588,18
loutteville-circuit342,loutteville-305725,19
loutteville-circuit342,loutteville-122119,20
loutteville-circuit342,loutteville-18082,21
loutteville-circuit342,loutteville-313846,22
loutteville-circuit342,loutteville-71304,23
loutteville-circuit342,loutteville-313847,24
loutteville-circuit342,loutteville-313848,25
loutteville-circuit342,loutteville-144893,26
loutteville-circuit342,loutteville-163530,26 bis
loutteville-circuit342,loutteville-313849,27
loutteville-circuit342,loutteville-158590,28
loutteville-circuit342,loutteville-194052,29
loutteville-circuit342,loutteville-244993,30
loutteville-circuit342,loutteville-55231,31
loutteville-circuit342,loutteville-265840,32
loutteville-circuit342,loutteville-313850,33
loutteville-circuit342,loutteville-108022,34
loutteville-circuit342,loutteville-84276,35
loutteville-circuit342,loutteville-163328,36
loutteville-circuit342,loutteville-192020,37
loutteville-circuit342,loutteville-154961,37 bis
loutteville-circuit145,loutteville-212093,D
loutteville-circuit145,loutteville-47150,1
loutteville-circuit145,loutteville-94786,1 bis
loutteville-circuit145,loutteville-103280,2
loutteville-circuit145,loutteville-296881,3
loutteville-circuit145,loutteville-152246,3 bis
loutteville-circuit145,loutteville-85181,4
loutteville-circuit145,loutteville-45932,5
loutteville-circuit145,loutteville-77655,6
loutteville-circuit145,loutteville-273863,7
loutteville-circuit145,loutteville-313832,8
loutteville-circuit145,loutteville-223686,8 bis
loutteville-circuit145,loutteville-105407,9
loutteville-circuit145,loutteville-313833,10
loutteville-circuit145,loutteville-295847,11
loutteville-circuit145,loutteville-79010,12
loutteville-circuit145,loutteville-193808,13
loutteville-circuit145,loutteville-255015,13 bis
loutteville-circuit145,loutteville-286180,14
loutteville-circuit145,loutteville-69806,15
loutteville-circuit145,loutteville-256700,16
loutteville-circuit145,loutteville-313839,16 bis
loutteville-circuit145,loutteville-186994,17
loutteville-circuit145,loutteville-227855,18
loutteville-circuit145,loutteville-307657,18 bis
loutteville-circuit145,loutteville-313834,19
loutteville-circuit145,loutteville-204392,20
loutteville-circuit145,loutteville-219705,21
loutteville-circuit145,loutteville-180781,22
loutteville-circuit145,loutteville-277229,23
loutteville-circuit145,loutteville-44582,24
loutteville-circuit145,loutteville-215612,25
loutteville-circuit145,loutteville-313835,25 bis
loutteville-circuit145,loutteville-82620,26
loutteville-circuit145,loutteville-239178,27
loutteville-circuit145,loutteville-313836,28
loutteville-circuit145,loutteville-33077,29
loutteville-circuit145,loutteville-182421,30
loutteville-circuit145,loutteville-122918,30 bis
loutteville-circuit145,loutteville-259450,31
loutteville-circuit145,loutteville-18081,31 bis
loutteville-circuit145,loutteville-313837,32
loutteville-circuit145,loutteville-45803,33
loutteville-circuit145,loutteville-313838,34
loutteville-circuit145,loutteville-233908,35
loutteville-circuit145,loutteville-91814,36
loutteville-circuit145,loutteville-227483,37
loutteville-circuit145,loutteville-49653,38
loutteville-circuit145,loutteville-153010,39
loutteville-circuit145,loutteville-58211,40
loutteville-circuit145,loutteville-77590,41
loutteville-circuit145,loutteville-156026,42
loutteville-circuit145,loutteville-30781,43
loutteville-circuit145,loutteville-252326,44
loutteville-circuit145,loutteville-256660,44 bis
loutteville-circuit145,loutteville-234220,A
loutteville-circuit351,loutteville-43262,1
loutteville-circuit351,loutteville-307470,2
loutteville-circuit351,loutteville-307473,3
loutteville-circuit351,loutteville-307474,4
loutteville-circuit351,loutteville-231812,5
loutteville-circuit351,loutteville-307602,6
loutteville-circuit351,loutteville-307603,7
loutteville-circuit351,loutteville-307476,8
loutteville-circuit351,loutteville-307475,9
loutteville-circuit351,loutteville-307609,10
loutteville-circuit351,loutteville-307610,11
loutteville-circuit351,loutteville-307479,12
loutteville-circuit351,loutteville-307611,13
loutteville-circuit351,loutteville-307613,14
loutteville-circuit351,loutteville-307614,15
loutteville-circuit351,loutteville-307641,16
loutteville-circuit351,loutteville-307657,17
loutteville-circuit351,loutteville-307658,18
loutteville-circuit351,loutteville-307659,19
loutteville-circuit351,loutteville-307652,20
loutteville-circuit351,loutteville-280220,21
loutteville-circuit351,loutteville-307477,22
loutteville-circuit351,loutteville-307481,23
loutteville-circuit351,loutteville-307480,24
loutteville-circuit351,loutteville-307482,25
loutteville-circuit351,loutteville-23497,26
loutteville-circuit351,loutteville-6871,27
loutteville-circuit351,loutteville-150000,28
loutteville-circuit351,loutteville-307653,29
loutteville-circuit351,loutteville-307654,30
loutteville-circuit351,loutteville-307651,31
loutteville-circuit351,loutteville-307644,32
loutteville-circuit351,loutteville-307643,33
loutteville-circuit351,loutteville-23496,34
darvault-circuit322,darvault-281706,1
darvault-circuit322,darvault-255268,2
darvault-circuit322,darvault-36806,3
darvault-circuit322,darvault-165506,4
darvault-circuit322,darvault-246608,5
darvault-circuit322,darvault-159506,6
darvault-circuit322,darvault-98924,7
darvault-circuit322,darvault-77250,8
darvault-circuit322,darvault-201169,8 bis
darvault-circuit322,darvault-293068,9
darvault-circuit322,darvault-168181,10
darvault-circuit322,darvault-156573,11
darvault-circuit322,darvault-224653,12
darvault-circuit322,darvault-186107,12 bis
darvault-circuit322,darvault-50513,13
darvault-circuit322,darvault-116980,13 bis
darvault-circuit322,darvault-242123,14
darvault-circuit322,darvault-146504,15
darvault-circuit322,darvault-191590,16
darvault-circuit322,darvault-287747,17
darvault-circuit322,darvault-33318,18
darvault-circuit322,darvault-279070,19
darvault-circuit322,darvault-254964,20
darvault-circuit322,darvault-165667,21
darvault-circuit322,darvault-107591,22
darvault-circuit322,darvault-225269,22 bis
darvault-circuit322,darvault-33735,23
darvault-circuit322,darvault-176558,24
darvault-circuit319,darvault-300513,1
darvault-circuit319,darvault-300515,2
darvault-circuit319,darvault-300516,3
darvault-circuit319,darvault-300514,4
darvault-circuit319,darvault-300517,5
darvault-circuit319,darvault-300518,6
darvault-circuit319,darvault-300519,7
darvault-circuit319,darvault-300520,8
darvault-circuit319,darvault-300521,9
darvault-circuit319,darvault-300522,10
darvault-circuit319,darvault-300523,11
darvault-circuit319,darvault-300524,12
darvault-circuit319,darvault-300525,13
darvault-circuit319,darvault-300526,14
darvault-circuit319,darvault-300527,15
darvault-circuit319,darvault-300529,15 bis
darvault-circuit319,darvault-300530,16
darvault-circuit319,darvault-300533,17
darvault-circuit319,darvault-300531,18
darvault-circuit319,darvault-300532,19
darvault-circuit319,darvault-300534,20
darvault-circuit319,darvault-300535,21
darvault-circuit319,darvault-300536,22
darvault-circuit319,darvault-300537,23
darvault-circuit319,darvault-300538,24
darvault-circuit319,darvault-300539,25
darvault-circuit319,darvault-300540,26
darvault-circuit319,darvault-300528,27
darvault-circuit319,darvault-243232,28
darvault-circuit318,darvault-300487,1
darvault-circuit318,darvault-300488,2
darvault-circuit318,darvault-300489,3
darvault-circuit318,darvault-300490,4
darvault-circuit318,darvault-300491,5
darvault-circuit318,darvault-300492,5 bis
darvault-circuit318,darvault-300493,6
darvault-circuit318,darvault-104883,6 bis
darvault-circuit318,darvault-300494,7
darvault-circuit318,darvault-300495,8
darvault-circuit318,darvault-300496,9
darvault-circuit318,darvault-300497,10
darvault-circuit318,darvault-300498,11
darvault-circuit318,darvault-294378,11 bis
darvault-circuit318,darvault-300499,12
darvault-circuit318,darvault-302075,12 bis
darvault-circuit318,darvault-300500,13
darvault-circuit318,darvault-300501,14
darvault-circuit318,darvault-300502,15
darvault-circuit318,darvault-300503,16
darvault-circuit318,darvault-300504,17
darvault-circuit318,darvault-300505,18
darvault-circuit318,darvault-300506,19
darvault-circuit318,darvault-300507,20
darvault-circuit318,darvault-300508,21
darvault-circuit318,darvault-300509,22
darvault-circuit318,darvault-300510,23
darvault-circuit318,darvault-300511,24
darvault-circuit318,darvault-300512,25
poteau-circuit256,poteau-17909,1
poteau-circuit256,poteau-17910,2
poteau-circuit256,poteau-17911,3
poteau-circuit256,poteau-17912,3 bis
poteau-circuit256,poteau-17913,4
poteau-circuit256,poteau-17914,5
poteau-circuit256,poteau-17915,5 bis
poteau-circuit256,poteau-17916,6
poteau-circuit256,poteau-17917,6 bis
poteau-circuit256,poteau-17918,7
poteau-circuit256,poteau-17919,8
poteau-circuit256,poteau-17920,8 bis
poteau-circuit256,poteau-17921,9
poteau-circuit256,poteau-17984,10
poteau-circuit256,poteau-17922,11
poteau-circuit256,poteau-17923,12
poteau-circuit256,poteau-17924,13
poteau-circuit256,poteau-17925,14
poteau-circuit256,poteau-17927,15
poteau-circuit256,poteau-17928,16
poteau-circuit256,poteau-17929,17
poteau-circuit256,poteau-17991,17 bis
poteau-circuit256,poteau-17930,18
poteau-circuit256,poteau-17992,19
poteau-circuit256,poteau-17993,19 bis
poteau-circuit256,poteau-17934,20
poteau-circuit256,poteau-17935,21
poteau-circuit256,poteau-17985,22
poteau-circuit256,poteau-17936,23
poteau-circuit256,poteau-17937,23 bis
poteau-circuit256,poteau-17952,23 ter
poteau-circuit256,poteau-17950,24
poteau-circuit256,poteau-17951,25
poteau-circuit256,poteau-17986,26
poteau-circuit256,poteau-17956,27
poteau-circuit256,poteau-17987,27 bis
poteau-circuit256,poteau-17954,28
poteau-circuit256,poteau-17955,29
poteau-circuit256,poteau-17953,30
poteau-circuit256,poteau-17988,30 bis
poteau-circuit256,poteau-17989,31
poteau-circuit256,poteau-17990,32
poteau-circuit256,poteau-17931,33
poteau-circuit256,poteau-208547,33 bis
poteau-circuit256,poteau-17932,34
poteau-circuit256,poteau-17933,34 bis
poteau-circuit256,poteau-17994,35
poteau-circuit256,poteau-17995,36
poteau-circuit256,poteau-17996,37
poteau-circuit353,poteau-17926,1
poteau-circuit353,poteau-17959,1 bis
poteau-circuit353,poteau-17960,2
poteau-circuit353,poteau-17961,3
poteau-circuit353,poteau-17962,3 bis
poteau-circuit353,poteau-17963,4
poteau-circuit353,poteau-17964,4 bis
poteau-circuit353,poteau-17966,5
poteau-circuit353,poteau-17965,5 bis
poteau-circuit353,poteau-17967,6
poteau-circuit353,poteau-17940,7
poteau-circuit353,poteau-17941,8
poteau-circuit353,poteau-17942,9
poteau-circuit353,poteau-17968,9 bis
poteau-circuit353,poteau-17943,10
poteau-circuit353,poteau-17969,10 bis
poteau-circuit353,poteau-17938,11
poteau-circuit353,poteau-17939,12
poteau-circuit353,poteau-17944,13
poteau-circuit353,poteau-17945,14
poteau-circuit353,poteau-17946,15
poteau-circuit353,poteau-17947,15 bis
poteau-circuit353,poteau-17948,16
poteau-circuit353,poteau-17949,17
poteau-circuit353,poteau-17970,18
poteau-circuit353,poteau-17957,19
poteau-circuit353,poteau-17958,20
poteau-circuit353,poteau-17971,21
poteau-circuit353,poteau-17972,21 bis
poteau-circuit353,poteau-18003,22
poteau-circuit353,poteau-17973,23
poteau-circuit353,poteau-17974,24
poteau-circuit353,poteau-18007,25
poteau-circuit353,poteau-17975,26
poteau-circuit353,poteau-18005,27
poteau-circuit353,poteau-18006,28
poteau-circuit353,poteau-17976,29
poteau-circuit353,poteau-17977,30
poteau-circuit353,poteau-17978,31
poteau-circuit353,poteau-18002,32
poteau-circuit353,poteau-17998,33
poteau-circuit353,poteau-18000,34
poteau-circuit353,poteau-18001,34 bis
poteau-circuit353,poteau-17999,35
poteau-circuit353,poteau-18004,36
poteau-circuit353,poteau-17979,37
poteau-circuit353,poteau-17980,38
poteau-circuit353,poteau-17981,39
poteau-circuit353,poteau-17982,39 bis
poteau-circuit353,poteau-17983,40
poteau-circuit353,poteau-18008,41
poteau-circuit353,poteau-18009,41 bis
poteau-circuit353,poteau-18010,41 ter
poteau-circuit353,poteau-18011,42
poteau-circuit353,poteau-18012,42 bis
centmarches-circuit274,centmarches-308425,1
centmarches-circuit274,centmarches-310399,2
centmarches-circuit274,centmarches-310398,3
centmarches-circuit274,centmarches-310397,4
centmarches-circuit274,centmarches-310396,5
centmarches-circuit274,centmarches-308423,6
centmarches-circuit274,centmarches-310395,7
centmarches-circuit274,centmarches-308422,8
centmarches-circuit274,centmarches-15587,9
centmarches-circuit274,centmarches-15588,10
centmarches-circuit274,centmarches-15564,11
centmarches-circuit274,centmarches-15565,12
centmarches-circuit274,centmarches-308421,12 bis
centmarches-circuit274,centmarches-308420,13
centmarches-circuit274,centmarches-310394,13 bis
centmarches-circuit274,centmarches-310393,14
centmarches-circuit274,centmarches-15566,15
centmarches-circuit274,centmarches-15568,16
centmarches-circuit274,centmarches-15569,17
centmarches-circuit274,centmarches-15570,18
centmarches-circuit274,centmarches-15571,19
centmarches-circuit274,centmarches-15572,20
centmarches-circuit274,centmarches-15574,21
centmarches-circuit274,centmarches-15576,22
centmarches-circuit274,centmarches-15578,23
centmarches-circuit274,centmarches-15579,23 bis
centmarches-circuit274,centmarches-15580,24
centmarches-circuit274,centmarches-15581,25
centmarches-circuit274,centmarches-15584,26
centmarches-circuit274,centmarches-310392,27
centmarches-circuit274,centmarches-15586,28
centmarches-circuit273,centmarches-308430,D
centmarches-circuit273,centmarches-308429,1
centmarches-circuit273,centmarches-308424,2
centmarches-circuit273,centmarches-15534,3
centmarches-circuit273,centmarches-15535,3 bis
centmarches-circuit273,centmarches-15536,3 ter
centmarches-circuit273,centmarches-15533,4
centmarches-circuit273,centmarches-15537,5
centmarches-circuit273,centmarches-15538,6
centmarches-circuit273,centmarches-15539,7
centmarches-circuit273,centmarches-15540,8
centmarches-circuit273,centmarches-15543,9
centmarches-circuit273,centmarches-15541,10
centmarches-circuit273,centmarches-15542,10 bis
centmarches-circuit273,centmarches-308428,11
centmarches-circuit273,centmarches-17144,11 bis
centmarches-circuit273,centmarches-15544,12
centmarches-circuit273,centmarches-15545,13
centmarches-circuit273,centmarches-308427,14
centmarches-circuit273,centmarches-15547,15
centmarches-circuit273,centmarches-308426,15 bis
centmarches-circuit273,centmarches-15548,16
centmarches-circuit273,centmarches-15549,17
centmarches-circuit273,centmarches-15550,18
centmarches-circuit273,centmarches-15551,19
centmarches-circuit273,centmarches-15552,20
centmarches-circuit273,centmarches-15553,21
centmarches-circuit273,centmarches-15554,22
centmarches-circuit273,centmarches-15555,23
centmarches-circuit273,centmarches-15556,24
cuisiniere-circuit337,cuisiniere-305113,1
cuisiniere-circuit337,cuisiniere-305114,2
cuisiniere-circuit337,cuisiniere-173054,3
cuisiniere-circuit337,cuisiniere-305115,4
cuisiniere-circuit337,cuisiniere-302714,5
cuisiniere-circuit337,cuisiniere-126869,5 bis
cuisiniere-circuit337,cuisiniere-90324,6
cuisiniere-circuit337,cuisiniere-132107,7
cuisiniere-circuit337,cuisiniere-94223,8
cuisiniere-circuit337,cuisiniere-39155,9
cuisiniere-circuit337,cuisiniere-76296,10
cuisiniere-circuit337,cuisiniere-53600,11
cuisiniere-circuit337,cuisiniere-178821,12
cuisiniere-circuit337,cuisiniere-89594,13
cuisiniere-circuit337,cuisiniere-257306,14
cuisiniere-circuit337,cuisiniere-170598,15
cuisiniere-circuit337,cuisiniere-73430,16
cuisiniere-circuit337,cuisiniere-5140,17
cuisiniere-circuit337,cuisiniere-195243,18
cuisiniere-circuit337,cuisiniere-213254,19
cuisiniere-circuit337,cuisiniere-183700,20
cuisiniere-circuit337,cuisiniere-122827,21
cuisiniere-circuit337,cuisiniere-219543,22
cuisiniere-circuit337,cuisiniere-99133,23
cuisiniere-circuit337,cuisiniere-136006,23 bis
cuisiniere-circuit337,cuisiniere-157155,24
cuisiniere-circuit337,cuisiniere-163209,25
cuisiniere-circuit337,cuisiniere-93246,26
cuisiniere-circuit337,cuisiniere-5143,27
cuisiniere-circuit337,cuisiniere-246938,27 bis
cuisiniere-circuit337,cuisiniere-159786,28
cuisiniere-circuit337,cuisiniere-175413,29
cuisiniere-circuit337,cuisiniere-81828,30
cuisiniere-circuit337,cuisiniere-145370,31
cuisiniere-circuit337,cuisiniere-176500,32
cuisiniere-circuit337,cuisiniere-265966,33
cuisiniere-circuit337,cuisiniere-154311,34
cuisiniere-circuit337,cuisiniere-241500,35
cuisiniere-circuit47,cuisiniere-304778,1
cuisiniere-circuit47,cuisiniere-53847,2
cuisiniere-circuit47,cuisiniere-140914,2 bis
cuisiniere-circuit47,cuisiniere-65018,3
cuisiniere-circuit47,cuisiniere-145858,3 bis
cuisiniere-circuit47,cuisiniere-134481,4
cuisiniere-circuit47,cuisiniere-143196,5
cuisiniere-circuit47,cuisiniere-305105,6
cuisiniere-circuit47,cuisiniere-196040,7
cuisiniere-circuit47,cuisiniere-305104,8
cuisiniere-circuit47,cuisiniere-259628,8 bis
cuisiniere-circuit47,cuisiniere-5138,9
cuisiniere-circuit47,cuisiniere-88340,10
cuisiniere-circuit47,cuisiniere-97233,11
cuisiniere-circuit47,cuisiniere-204532,12
cuisiniere-circuit47,cuisiniere-34892,12 bis
cuisiniere-circuit47,cuisiniere-38201,13
cuisiniere-circuit47,cuisiniere-246448,14
cuisiniere-circuit47,cuisiniere-5139,15
cuisiniere-circuit47,cuisiniere-258462,15 bis
cuisiniere-circuit47,cuisiniere-76992,16
cuisiniere-circuit47,cuisiniere-150794,17
cuisiniere-circuit47,cuisiniere-79292,17 bis
cuisiniere-circuit47,cuisiniere-3179,18
cuisiniere-circuit47,cuisiniere-305096,19
cuisiniere-circuit47,cuisiniere-68999,20
cuisiniere-circuit47,cuisiniere-5141,21
cuisiniere-circuit47,cuisiniere-133660,22
cuisiniere-circuit47,cuisiniere-302732,22 bis
cuisiniere-circuit47,cuisiniere-5142,23
cuisiniere-circuit47,cuisiniere-72159,24
cuisiniere-circuit47,cuisiniere-305095,25
cuisiniere-circuit47,cuisiniere-305084,26
cuisiniere-circuit47,cuisiniere-212305,27
cuisiniere-circuit47,cuisiniere-32568,28
cuisiniere-circuit47,cuisiniere-118764,29
cuisiniere-circuit47,cuisiniere-113582,30
cuisiniere-circuit47,cuisiniere-197603,31
cuisiniere-circuit47,cuisiniere-3220,32
cuisiniere-circuit47,cuisiniere-305090,33
cuisiniere-circuit47,cuisiniere-3188,33 bis
cuisiniere-circuit47,cuisiniere-138975,34
cuisiniere-circuit47,cuisiniere-5151,35
cuisiniere-circuit47,cuisiniere-260312,36
cuisiniere-circuit47,cuisiniere-5152,37
cuisiniere-circuit47,cuisiniere-305089,38
cuisiniere-circuit47,cuisiniere-305088,39
cuisiniere-circuit47,cuisiniere-3194,40
cuisiniere-circuit47,cuisiniere-305087,41
cuisiniere-circuit47,cuisiniere-305086,42
cuisiniere-circuit47,cuisiniere-120619,43
cuisiniere-circuit47,cuisiniere-5153,44
cuisiniere-circuit47,cuisiniere-280010,45
cuisiniere-circuit47,cuisiniere-305085,46
cuisiniere-circuit47,cuisiniere-5154,47
cuisiniere-circuit47,cuisiniere-3197,47 bis
cuisiniere-circuit47,cuisiniere-3196,48
cuisiniere-circuit47,cuisiniere-305083,49
cuisiniere-circuit47,cuisiniere-305082,50
cuisiniere-circuit47,cuisiniere-272944,51
cuisiniere-circuit48,cuisiniere-3169,1
cuisiniere-circuit48,cuisiniere-14791,2
cuisiniere-circuit48,cuisiniere-302713,3
cuisiniere-circuit48,cuisiniere-3203,4
cuisiniere-circuit48,cuisiniere-3170,5
cuisiniere-circuit48,cuisiniere-302715,5 bis
cuisiniere-circuit48,cuisiniere-168165,6
cuisiniere-circuit48,cuisiniere-3171,7
cuisiniere-circuit48,cuisiniere-17346,7 bis
cuisiniere-circuit48,cuisiniere-253244,8
cuisiniere-circuit48,cuisiniere-301216,8 bis
cuisiniere-circuit48,cuisiniere-17347,9
cuisiniere-circuit48,cuisiniere-3172,10
cuisiniere-circuit48,cuisiniere-3174,11
cuisiniere-circuit48,cuisiniere-234311,12
cuisiniere-circuit48,cuisiniere-3175,13
cuisiniere-circuit48,cuisiniere-156011,14
cuisiniere-circuit48,cuisiniere-3176,14 bis
cuisiniere-circuit48,cuisiniere-301214,15
cuisiniere-circuit48,cuisiniere-58879,15 bis
cuisiniere-circuit48,cuisiniere-3177,16
cuisiniere-circuit48,cuisiniere-3215,17
cuisiniere-circuit48,cuisiniere-3181,18
cuisiniere-circuit48,cuisiniere-3182,19
cuisiniere-circuit48,cuisiniere-3183,20
cuisiniere-circuit48,cuisiniere-304949,20 bis
cuisiniere-circuit48,cuisiniere-3185,21
cuisiniere-circuit48,cuisiniere-67093,22
cuisiniere-circuit48,cuisiniere-188599,23
cuisiniere-circuit48,cuisiniere-304948,23 bis
cuisiniere-circuit48,cuisiniere-166924,24
cuisiniere-circuit48,cuisiniere-279252,25
cuisiniere-circuit48,cuisiniere-304947,26
cuisiniere-circuit48,cuisiniere-167812,27
cuisiniere-circuit48,cuisiniere-302734,28
cuisiniere-circuit48,cuisiniere-3187,29
cuisiniere-circuit48,cuisiniere-304946,30
cuisiniere-circuit48,cuisiniere-3189,31
cuisiniere-circuit48,cuisiniere-304945,32
cuisiniere-circuit48,cuisiniere-304944,33
cuisiniere-circuit48,cuisiniere-3230,34
cuisiniere-circuit48,cuisiniere-304943,35
cuisiniere-circuit48,cuisiniere-304942,36
cuisiniere-circuit48,cuisiniere-5147,37
cuisiniere-circuit48,cuisiniere-304941,38
cuisiniere-circuit48,cuisiniere-3192,39
cuisiniere-circuit48,cuisiniere-304938,39 bis
cuisiniere-circuit48,cuisiniere-304937,40
cuisiniere-circuit48,cuisiniere-3193,41
cuisiniere-circuit48,cuisiniere-304936,41 bis
cuisiniere-circuit48,cuisiniere-304935,42
cuisiniere-circuit48,cuisiniere-304934,43
cuisiniere-circuit48,cuisiniere-302739,44
cuisiniere-circuit48,cuisiniere-25103,44 bis
cuisiniere-circuit48,cuisiniere-302742,45
cuisiniere-circuit48,cuisiniere-17348,46
cuisiniere-circuit48,cuisiniere-304931,47
cuisiniere-circuit48,cuisiniere-304932,48
cuisiniere-circuit48,cuisiniere-304933,48 bis
cuisiniere-circuit48,cuisiniere-3195,49
cuisiniere-circuit48,cuisiniere-304930,50
cuisiniere-circuit48,cuisiniere-19493,51
cuisiniere-circuit48,cuisiniere-304928,52
cuisiniere-circuit49,cuisiniere-3200,1
cuisiniere-circuit49,cuisiniere-3201,1 bis
cuisiniere-circuit49,cuisiniere-3202,2
cuisiniere-circuit49,cuisiniere-3204,3
cuisiniere-circuit49,cuisiniere-3205,4
cuisiniere-circuit49,cuisiniere-1583,5
cuisiniere-circuit49,cuisiniere-3206,6
cuisiniere-circuit49,cuisiniere-3207,7
cuisiniere-circuit49,cuisiniere-3208,8
cuisiniere-circuit49,cuisiniere-3209,8 bis
cuisiniere-circuit49,cuisiniere-3210,9
cuisiniere-circuit49,cuisiniere-9949,9 bis
cuisiniere-circuit49,cuisiniere-3211,10
cuisiniere-circuit49,cuisiniere-3212,10 bis
cuisiniere-circuit49,cuisiniere-3213,11
cuisiniere-circuit49,cuisiniere-3214,12
cuisiniere-circuit49,cuisiniere-304915,13
cuisiniere-circuit49,cuisiniere-3216,14
cuisiniere-circuit49,cuisiniere-3217,15
cuisiniere-circuit49,cuisiniere-3218,15 bis
cuisiniere-circuit49,cuisiniere-2257,16
cuisiniere-circuit49,cuisiniere-3219,17
cuisiniere-circuit49,cuisiniere-3221,18
cuisiniere-circuit49,cuisiniere-3222,19
cuisiniere-circuit49,cuisiniere-3224,20
cuisiniere-circuit49,cuisiniere-3223,21
cuisiniere-circuit49,cuisiniere-304819,22
cuisiniere-circuit49,cuisiniere-3226,23
cuisiniere-circuit49,cuisiniere-3227,24
cuisiniere-circuit49,cuisiniere-3228,25
cuisiniere-circuit49,cuisiniere-3232,26
cuisiniere-circuit49,cuisiniere-3229,27
cuisiniere-circuit49,cuisiniere-3231,28
cuisiniere-circuit49,cuisiniere-3233,29
cuisiniere-circuit49,cuisiniere-3234,29 bis
cuisiniere-circuit49,cuisiniere-3235,30
cuisiniere-circuit49,cuisiniere-3237,31
cuisiniere-circuit49,cuisiniere-3238,32
cuisiniere-circuit49,cuisiniere-3241,33
cuisiniere-circuit49,cuisiniere-3240,34
cuisiniere-circuit49,cuisiniere-3242,34 bis
cuisiniere-circuit49,cuisiniere-311607,35
cuisiniere-circuit49,cuisiniere-3243,36
cuisiniere-circuit49,cuisiniere-3244,37
cuisiniere-circuit49,cuisiniere-3245,38
cuisiniere-circuit49,cuisiniere-3246,39
cuisiniere-circuit49,cuisiniere-3247,40
cuisiniere-circuit49,cuisiniere-3248,41
cuisiniere-circuit49,cuisiniere-3249,42
cuisiniere-circuit49,cuisiniere-3250,43
cuisiniere-circuit49,cuisiniere-3251,43 bis
cuisiniere-circuit49,cuisiniere-474,43 ter
cuisiniere-circuit49,cuisiniere-3252,44
cuisiniere-circuit49,cuisiniere-3254,45
cuisiniere-circuit49,cuisiniere-3255,46
cuisiniere-circuit49,cuisiniere-3256,47
cuisiniere-circuit49,cuisiniere-3257,48
apremontouest-circuit12,apremontouest-313017,1
apremontouest-circuit12,apremontouest-313033,2
apremontouest-circuit12,apremontouest-313034,3
apremontouest-circuit12,apremontouest-313035,4
apremontouest-circuit12,apremontouest-313018,5
apremontouest-circuit12,apremontouest-313037,6
apremontouest-circuit12,apremontouest-313019,7
apremontouest-circuit12,apremontouest-313038,8
apremontouest-circuit12,apremontouest-313039,9
apremontouest-circuit12,apremontouest-313020,10
apremontouest-circuit12,apremontouest-313041,11
apremontouest-circuit12,apremontouest-313042,12
apremontouest-circuit12,apremontouest-313044,13
apremontouest-circuit12,apremontouest-313045,14
apremontouest-circuit12,apremontouest-313021,15
apremontouest-circuit12,apremontouest-313022,15 bis
apremontouest-circuit12,apremontouest-313046,16
apremontouest-circuit12,apremontouest-313023,17
apremontouest-circuit12,apremontouest-313047,18
apremontouest-circuit12,apremontouest-313048,19
apremontouest-circuit12,apremontouest-313049,20
apremontouest-circuit12,apremontouest-313024,21
apremontouest-circuit12,apremontouest-313025,22
apremontouest-circuit12,apremontouest-313026,23
apremontouest-circuit12,apremontouest-313050,24
apremontouest-circuit12,apremontouest-313027,25
apremontouest-circuit12,apremontouest-313028,26
apremontouest-circuit12,apremontouest-313029,27
apremontouest-circuit12,apremontouest-313030,28
apremontouest-circuit12,apremontouest-313032,29
apremontouest-circuit12,apremontouest-313031,30
apremontouest-circuit23,apremontouest-4721,1
apremontouest-circuit23,apremontouest-4722,1 bis
apremontouest-circuit23,apremontouest-4723,2
apremontouest-circuit23,apremontouest-4724,3
apremontouest-circuit23,apremontouest-4725,4
apremontouest-circuit23,apremontouest-4726,5
apremontouest-circuit23,apremontouest-4727,6
apremontouest-circuit23,apremontouest-4728,7
apremontouest-circuit23,apremontouest-4729,8
apremontouest-circuit23,apremontouest-4730,8 bis
apremontouest-circuit23,apremontouest-4731,9
apremontouest-circuit23,apremontouest-4732,10
apremontouest-circuit23,apremontouest-4733,11
apremontouest-circuit23,apremontouest-4734,12
apremontouest-circuit23,apremontouest-4735,13
apremontouest-circuit23,apremontouest-4736,14
apremontouest-circuit23,apremontouest-4737,15
apremontouest-circuit23,apremontouest-4738,16
apremontouest-circuit23,apremontouest-4739,17
apremontouest-circuit23,apremontouest-4740,18
apremontouest-circuit23,apremontouest-4741,19
apremontouest-circuit23,apremontouest-4742,20
apremontouest-circuit23,apremontouest-4743,21
apremontouest-circuit23,apremontouest-4744,22
apremontouest-circuit23,apremontouest-4745,23
apremontouest-circuit23,apremontouest-4746,24
apremontouest-circuit23,apremontouest-4747,25
apremontouest-circuit23,apremontouest-4748,26
apremontouest-circuit23,apremontouest-4749,27
apremontouest-circuit23,apremontouest-4750,28
apremontouest-circuit23,apremontouest-4751,29
apremontouest-circuit23,apremontouest-4752,30
apremontouest-circuit23,apremontouest-4753,31
apremontouest-circuit23,apremontouest-4754,32
apremontouest-circuit23,apremontouest-4755,33
apremontouest-circuit23,apremontouest-4756,34
apremontouest-circuit23,apremontouest-4757,35
apremontouest-circuit23,apremontouest-4758,36
apremontouest-circuit23,apremontouest-4760,37
apremontouest-circuit23,apremontouest-4761,38
apremontouest-circuit23,apremontouest-4763,38 bis
apremontouest-circuit23,apremontouest-4764,39
apremontouest-circuit23,apremontouest-4765,40
apremontouest-circuit23,apremontouest-4766,41
apremontouest-circuit23,apremontouest-4769,42
apremontouest-circuit23,apremontouest-4770,43
apremontouest-circuit23,apremontouest-4771,44
apremontouest-circuit23,apremontouest-4772,45
apremontouest-circuit23,apremontouest-4773,46
apremontouest-circuit23,apremontouest-4774,46 bis
apremontouest-circuit372,apremontouest-169180,1
apremontouest-circuit372,apremontouest-192370,2
apremontouest-circuit372,apremontouest-247804,3
apremontouest-circuit372,apremontouest-305722,4
apremontouest-circuit372,apremontouest-309695,5
apremontouest-circuit372,apremontouest-234609,6
apremontouest-circuit372,apremontouest-101376,7
apremontouest-circuit372,apremontouest-304414,8
apremontouest-circuit372,apremontouest-36895,9
apremontouest-circuit372,apremontouest-238506,10
apremontouest-circuit372,apremontouest-164594,11
apremontouest-circuit372,apremontouest-304417,12
apremontouest-circuit372,apremontouest-309694,13
apremontouest-circuit372,apremontouest-309692,14
apremontouest-circuit372,apremontouest-309693,14 bis
apremontouest-circuit372,apremontouest-309691,15
apremontouest-circuit372,apremontouest-309690,16
apremontouest-circuit372,apremontouest-309689,17
apremontouest-circuit372,apremontouest-309686,18
apremontouest-circuit372,apremontouest-309685,19
apremontouest-circuit372,apremontouest-2404,20
apremontouest-circuit372,apremontouest-309682,21
apremontouest-circuit372,apremontouest-309681,22
apremontouest-circuit372,apremontouest-309679,23
apremontouest-circuit372,apremontouest-309683,24
apremontouest-circuit372,apremontouest-309678,25
apremontouest-circuit372,apremontouest-127832,26
apremontouest-circuit372,apremontouest-4759,27
apremontouest-circuit372,apremontouest-309677,28
apremontouest-circuit372,apremontouest-4762,29
apremontouest-circuit372,apremontouest-309672,30
apremontouest-circuit372,apremontouest-309671,31
apremontouest-circuit372,apremontouest-309670,32
apremontouest-circuit372,apremontouest-309669,33
apremontouest-circuit372,apremontouest-4767,34
apremontouest-circuit372,apremontouest-149712,34 bis
apremontouest-circuit372,apremontouest-4768,35
apremontouest-circuit372,apremontouest-301490,36
apremontouest-circuit372,apremontouest-309662,37
apremontouest-circuit24,apremontouest-202456,1
apremontouest-circuit24,apremontouest-285630,1 bis
apremontouest-circuit24,apremontouest-236979,2
apremontouest-circuit24,apremontouest-100537,2 bis
apremontouest-circuit24,apremontouest-248761,3
apremontouest-circuit24,apremontouest-58511,4
apremontouest-circuit24,apremontouest-8952,4 bis
apremontouest-circuit24,apremontouest-176487,5
apremontouest-circuit24,apremontouest-117549,5 bis
apremontouest-circuit24,apremontouest-76823,6
apremontouest-circuit24,apremontouest-8951,7
apremontouest-circuit24,apremontouest-229636,8
apremontouest-circuit24,apremontouest-58783,9
apremontouest-circuit24,apremontouest-14818,9 bis
apremontouest-circuit24,apremontouest-2410,10
guichot-circuit109,guichot-6031,10 bis
apremontouest-circuit24,apremontouest-8953,10 bis
apremontouest-circuit24,apremontouest-2408,11
apremontouest-circuit24,apremontouest-2407,12
apremontouest-circuit24,apremontouest-145082,13
apremontouest-circuit24,apremontouest-222757,14
apremontouest-circuit24,apremontouest-235727,15
apremontouest-circuit24,apremontouest-2411,16
apremontouest-circuit24,apremontouest-2412,17
apremontouest-circuit24,apremontouest-221415,18
apremontouest-circuit24,apremontouest-2413,19
apremontouest-circuit24,apremontouest-105150,20
apremontouest-circuit24,apremontouest-283877,21
apremontouest-circuit24,apremontouest-2416,21 bis
apremontouest-circuit24,apremontouest-2405,22
apremontouest-circuit24,apremontouest-175250,23
apremontouest-circuit24,apremontouest-2415,23 bis
apremontouest-circuit24,apremontouest-57201,24
apremontouest-circuit24,apremontouest-2417,25
apremontouest-circuit24,apremontouest-190497,26
apremontouest-circuit24,apremontouest-2419,26 bis
apremontouest-circuit24,apremontouest-216570,27
apremontouest-circuit24,apremontouest-2420,27 bis
apremontouest-circuit24,apremontouest-305689,28
apremontouest-circuit24,apremontouest-2418,29
apremontouest-circuit24,apremontouest-304353,30
apremontouest-circuit24,apremontouest-35445,31
apremontouest-circuit24,apremontouest-2423,32
apremontouest-circuit24,apremontouest-2424,33
apremontouest-circuit24,apremontouest-241885,34
apremontouest-circuit24,apremontouest-2425,35
apremontouest-circuit24,apremontouest-2426,36
apremontouest-circuit24,apremontouest-2427,37
apremontouest-circuit24,apremontouest-2428,38
apremontouest-circuit24,apremontouest-305686,38 bis
apremontouest-circuit24,apremontouest-305684,39
apremontouest-circuit24,apremontouest-305685,40
grandemontagne-circuit253,grandemontagne-15043,1
grandemontagne-circuit253,grandemontagne-15044,2
grandemontagne-circuit253,grandemontagne-15045,3
grandemontagne-circuit253,grandemontagne-15046,4
grandemontagne-circuit253,grandemontagne-306311,4 bis
grandemontagne-circuit253,grandemontagne-15047,5
grandemontagne-circuit253,grandemontagne-306312,5 bis
grandemontagne-circuit253,grandemontagne-15048,6
grandemontagne-circuit253,grandemontagne-306313,6 bis
grandemontagne-circuit253,grandemontagne-15049,7
grandemontagne-circuit253,grandemontagne-15050,8
grandemontagne-circuit253,grandemontagne-15051,9
grandemontagne-circuit253,grandemontagne-15052,10
grandemontagne-circuit253,grandemontagne-15053,11
grandemontagne-circuit253,grandemontagne-15054,12
grandemontagne-circuit253,grandemontagne-15055,13
grandemontagne-circuit253,grandemontagne-306307,13 bis
grandemontagne-circuit253,grandemontagne-15056,14
grandemontagne-circuit253,grandemontagne-15057,15
grandemontagne-circuit253,grandemontagne-15058,16
grandemontagne-circuit253,grandemontagne-301407,16 bis
grandemontagne-circuit253,grandemontagne-15059,17
grandemontagne-circuit253,grandemontagne-306314,17 bis
grandemontagne-circuit253,grandemontagne-15060,18
grandemontagne-circuit253,grandemontagne-15061,19
grandemontagne-circuit253,grandemontagne-15062,20
grandemontagne-circuit253,grandemontagne-306315,20 bis
grandemontagne-circuit253,grandemontagne-15063,21
grandemontagne-circuit253,grandemontagne-15064,22
grandemontagne-circuit253,grandemontagne-15065,23
grandemontagne-circuit253,grandemontagne-15066,24
grandemontagne-circuit253,grandemontagne-15067,25
grandemontagne-circuit253,grandemontagne-15068,26
grandemontagne-circuit253,grandemontagne-15069,27
grandemontagne-circuit253,grandemontagne-15070,28
grandemontagne-circuit253,grandemontagne-15071,29
grandemontagne-circuit253,grandemontagne-257600,29 bis
grandemontagne-circuit253,grandemontagne-15072,30
grandemontagne-circuit253,grandemontagne-15073,31
grandemontagne-circuit253,grandemontagne-15074,32
grandemontagne-circuit253,grandemontagne-15075,33
grandemontagne-circuit253,grandemontagne-15076,34
grandemontagne-circuit253,grandemontagne-15077,35
grandemontagne-circuit253,grandemontagne-15078,36
grandemontagne-circuit253,grandemontagne-15079,37
grandemontagne-circuit253,grandemontagne-15080,38
grandemontagne-circuit253,grandemontagne-306306,38 bis
grandemontagne-circuit253,grandemontagne-15081,39
grandemontagne-circuit253,grandemontagne-15082,40
grandemontagne-circuit253,grandemontagne-15083,41
grandemontagne-circuit253,grandemontagne-15084,42
grandemontagne-circuit253,grandemontagne-15085,43
grandemontagne-circuit253,grandemontagne-15086,44
grandemontagne-circuit253,grandemontagne-15087,45
grandemontagne-circuit253,grandemontagne-306305,45 bis
grandemontagne-circuit253,grandemontagne-15088,46
grandemontagne-circuit253,grandemontagne-15089,47
grandemontagne-circuit253,grandemontagne-15090,48
grandemontagne-circuit253,grandemontagne-15091,49
grandemontagne-circuit253,grandemontagne-15092,50
grandemontagne-circuit253,grandemontagne-15093,51
grandemontagne-circuit253,grandemontagne-15094,52
grandemontagne-circuit253,grandemontagne-15095,53
grandemontagne-circuit253,grandemontagne-306310,53 bis
grandemontagne-circuit253,grandemontagne-15096,54
grandemontagne-circuit253,grandemontagne-306309,54 bis
grandemontagne-circuit253,grandemontagne-15097,55
grandemontagne-circuit253,grandemontagne-15098,56
grandemontagne-circuit253,grandemontagne-15099,57
grandemontagne-circuit253,grandemontagne-306308,57 bis
grandemontagne-circuit253,grandemontagne-15100,58
grandemontagne-circuit253,grandemontagne-15101,59
grandemontagne-circuit253,grandemontagne-15102,60
grandemontagne-circuit253,grandemontagne-15103,61
grandemontagne-circuit253,grandemontagne-15104,62
grandemontagne-circuit253,grandemontagne-15105,63
grandemontagne-circuit253,grandemontagne-15106,64
grandemontagne-circuit253,grandemontagne-15107,65
grandemontagne-circuit253,grandemontagne-15108,66
grandemontagne-circuit253,grandemontagne-15109,67
grandemontagne-circuit253,grandemontagne-15110,68
grandemontagne-circuit253,grandemontagne-15111,69
grandemontagne-circuit253,grandemontagne-15112,70
cathedrale-circuit248,cathedrale-11654,1
cathedrale-circuit248,cathedrale-11655,2
cathedrale-circuit248,cathedrale-11656,3
cathedrale-circuit248,cathedrale-11657,4
cathedrale-circuit248,cathedrale-11658,5
cathedrale-circuit248,cathedrale-11659,5 bis
cathedrale-circuit248,cathedrale-11660,6
cathedrale-circuit248,cathedrale-11661,7
cathedrale-circuit248,cathedrale-11728,7 bis
cathedrale-circuit248,cathedrale-11662,8
cathedrale-circuit248,cathedrale-11663,8 bis
cathedrale-circuit248,cathedrale-11664,9
cathedrale-circuit248,cathedrale-11665,10
cathedrale-circuit248,cathedrale-11666,11
cathedrale-circuit248,cathedrale-11667,12
cathedrale-circuit248,cathedrale-11668,13
cathedrale-circuit248,cathedrale-11669,14
cathedrale-circuit248,cathedrale-11670,15
cathedrale-circuit248,cathedrale-11671,15 bis
cathedrale-circuit248,cathedrale-11672,16
cathedrale-circuit248,cathedrale-11673,16 bis
cathedrale-circuit248,cathedrale-11674,17
cathedrale-circuit248,cathedrale-11675,18
cathedrale-circuit248,cathedrale-11676,18 bis
cathedrale-circuit248,cathedrale-11677,19
cathedrale-circuit248,cathedrale-11678,19 bis
cathedrale-circuit248,cathedrale-11679,20
cathedrale-circuit248,cathedrale-11680,21
cathedrale-circuit248,cathedrale-11681,22
cathedrale-circuit248,cathedrale-11682,23
cathedrale-circuit248,cathedrale-11683,23 bis
cathedrale-circuit248,cathedrale-11684,24
cathedrale-circuit248,cathedrale-11685,24 bis
cathedrale-circuit248,cathedrale-11686,25
cathedrale-circuit248,cathedrale-11687,26
cathedrale-circuit248,cathedrale-11688,26 bis
cathedrale-circuit248,cathedrale-11689,27
cathedrale-circuit248,cathedrale-11690,28
cathedrale-circuit248,cathedrale-11691,29
cathedrale-circuit248,cathedrale-11692,29 bis
cathedrale-circuit248,cathedrale-11693,29 ter
cathedrale-circuit248,cathedrale-11694,30
cathedrale-circuit248,cathedrale-11695,30 bis
cathedrale-circuit248,cathedrale-11696,31
cathedrale-circuit248,cathedrale-11697,32
cathedrale-circuit248,cathedrale-11698,32 bis
cathedrale-circuit248,cathedrale-11699,33
cathedrale-circuit248,cathedrale-11700,34
cathedrale-circuit248,cathedrale-11701,35
cathedrale-circuit248,cathedrale-11702,36
cathedrale-circuit248,cathedrale-11703,37
cathedrale-circuit248,cathedrale-11704,38
cathedrale-circuit248,cathedrale-11705,39
cathedrale-circuit248,cathedrale-11706,40
cathedrale-circuit248,cathedrale-11707,41
cathedrale-circuit248,cathedrale-11708,42
cathedrale-circuit248,cathedrale-11709,43
cathedrale-circuit248,cathedrale-11710,44
cathedrale-circuit248,cathedrale-11711,44 bis
cathedrale-circuit248,cathedrale-11712,45
cathedrale-circuit248,cathedrale-11713,45 bis
cathedrale-circuit248,cathedrale-11714,46
cathedrale-circuit248,cathedrale-11715,47
cathedrale-circuit248,cathedrale-11716,47 bis
cathedrale-circuit248,cathedrale-11717,48
cathedrale-circuit248,cathedrale-11718,48 bis
cathedrale-circuit248,cathedrale-11719,49
cathedrale-circuit248,cathedrale-11720,50
cathedrale-circuit248,cathedrale-11721,50 bis
cathedrale-circuit248,cathedrale-11722,51
cathedrale-circuit248,cathedrale-11723,51 bis
cathedrale-circuit248,cathedrale-11724,52
cathedrale-circuit248,cathedrale-11725,53
cathedrale-circuit248,cathedrale-11726,54
cathedrale-circuit248,cathedrale-11727,55
cathedrale-circuit248,cathedrale-17775,55 bis
guichot-circuit109,guichot-6018,1
guichot-circuit109,guichot-6019,2
guichot-circuit109,guichot-6021,3
guichot-circuit109,guichot-6023,4
guichot-circuit109,guichot-6024,5
guichot-circuit109,guichot-6025,6
guichot-circuit109,guichot-308855,7
guichot-circuit109,guichot-6026,7 bis
guichot-circuit109,guichot-6027,8
guichot-circuit109,guichot-6028,9
guichot-circuit109,guichot-6030,10
guichot-circuit109,guichot-6032,11
guichot-circuit109,guichot-6034,12
guichot-circuit109,guichot-6035,13
guichot-circuit109,guichot-6036,14
guichot-circuit109,guichot-6037,15
guichot-circuit109,guichot-6038,16
guichot-circuit109,guichot-308895,16 bis
guichot-circuit109,guichot-6040,17
guichot-circuit109,guichot-308896,17 bis
guichot-circuit109,guichot-6041,18
guichot-circuit109,guichot-6042,19
guichot-circuit109,guichot-6043,20
guichot-circuit109,guichot-6044,21
guichot-circuit109,guichot-6046,22
guichot-circuit109,guichot-6047,23
guichot-circuit109,guichot-6048,24
guichot-circuit109,guichot-6049,25
guichot-circuit109,guichot-6050,26
guichot-circuit109,guichot-6052,27
guichot-circuit109,guichot-6053,28
guichot-circuit109,guichot-8942,29
guichot-circuit109,guichot-8943,30
guichot-circuit110,guichot-6054,1
guichot-circuit110,guichot-6055,2
guichot-circuit110,guichot-6056,3
guichot-circuit110,guichot-6057,4
guichot-circuit110,guichot-6058,5
guichot-circuit110,guichot-6059,6
guichot-circuit110,guichot-6060,7
guichot-circuit110,guichot-6061,8
guichot-circuit110,guichot-6062,9
guichot-circuit110,guichot-6063,10
guichot-circuit110,guichot-6064,11
guichot-circuit110,guichot-6065,12
guichot-circuit110,guichot-6066,13
guichot-circuit110,guichot-6067,14
guichot-circuit110,guichot-6068,15
guichot-circuit110,guichot-6069,16
guichot-circuit110,guichot-6070,17
guichot-circuit110,guichot-6072,18
guichot-circuit110,guichot-6071,19
guichot-circuit110,guichot-6073,20
guichot-circuit111,guichot-6074,1
guichot-circuit111,guichot-6075,2
guichot-circuit111,guichot-6076,3
guichot-circuit111,guichot-6077,4
guichot-circuit111,guichot-6078,5
guichot-circuit111,guichot-6079,6
guichot-circuit111,guichot-6080,7
guichot-circuit111,guichot-6081,8
guichot-circuit111,guichot-6082,9
guichot-circuit111,guichot-6083,10
guichot-circuit111,guichot-6084,11
guichot-circuit111,guichot-6085,12
guichot-circuit111,guichot-13026,13
guichot-circuit111,guichot-6086,14
guichot-circuit111,guichot-6087,15
guichot-circuit111,guichot-6088,16
guichot-circuit111,guichot-6090,17
guichot-circuit111,guichot-6091,18
guichot-circuit111,guichot-6092,19
guichot-circuit111,guichot-6093,20
guichot-circuit111,guichot-6094,21
fin-circuit118,fin-6354,D
fin-circuit118,fin-144129,1
fin-circuit118,fin-214708,2
fin-circuit118,fin-236727,3
fin-circuit118,fin-91320,4
fin-circuit118,fin-133231,5
fin-circuit118,fin-246177,6
fin-circuit118,fin-178558,7
fin-circuit118,fin-6345,8
fin-circuit118,fin-191047,9
fin-circuit118,fin-206980,10
fin-circuit118,fin-6347,11
fin-circuit118,fin-65391,12
fin-circuit118,fin-202339,13
fin-circuit118,fin-6349,13 bis
fin-circuit118,fin-149488,14
fin-circuit118,fin-6350,15
fin-circuit118,fin-105099,16
fin-circuit118,fin-86913,17
fin-circuit118,fin-6351,18
fin-circuit118,fin-270334,19
fin-circuit118,fin-178459,20
fin-circuit118,fin-67386,21
fin-circuit118,fin-147823,22
fin-circuit118,fin-249296,23
fin-circuit118,fin-89203,24
fin-circuit118,fin-257340,25
fin-circuit118,fin-288795,26
fin-circuit118,fin-65234,27
fin-circuit118,fin-53813,28
fin-circuit118,fin-65028,29
fin-circuit118,fin-37304,30
fin-circuit119,fin-6367,D
fin-circuit119,fin-6355,1
fin-circuit119,fin-6356,2
fin-circuit119,fin-8769,2 bis
fin-circuit119,fin-6357,3
fin-circuit119,fin-90063,3 bis
fin-circuit119,fin-6358,4
fin-circuit119,fin-6359,5
fin-circuit119,fin-6360,6
fin-circuit119,fin-306581,7
fin-circuit119,fin-8986,8
fin-circuit119,fin-6361,9
fin-circuit119,fin-6363,10
fin-circuit119,fin-8770,10 bis
fin-circuit119,fin-6364,11
fin-circuit119,fin-6366,12
fin-circuit119,fin-6416,13
fin-circuit119,fin-6368,14
fin-circuit119,fin-6369,15
fin-circuit119,fin-6370,16
fin-circuit119,fin-6371,17
fin-circuit119,fin-6372,18
fin-circuit119,fin-6373,19
fin-circuit119,fin-6374,20
fin-circuit119,fin-6375,21
fin-circuit119,fin-6426,22
fin-circuit119,fin-6376,23
fin-circuit119,fin-6422,24
fin-circuit119,fin-6379,25
fin-circuit119,fin-6380,26
fin-circuit119,fin-6381,27
fin-circuit119,fin-6382,28
fin-circuit119,fin-6383,29
fin-circuit119,fin-6413,A
fin-circuit120,fin-6398,1
fin-circuit120,fin-6399,1 bis
fin-circuit120,fin-306584,2
fin-circuit120,fin-277670,3
fin-circuit120,fin-6425,3 bis
fin-circuit120,fin-306585,4
fin-circuit120,fin-6402,5
fin-circuit120,fin-6403,6
fin-circuit120,fin-6404,7
fin-circuit120,fin-260505,8
fin-circuit120,fin-6385,9
fin-circuit120,fin-6407,10
fin-circuit120,fin-6482,11
fin-circuit120,fin-6485,12
fin-circuit120,fin-6387,13
fin-circuit120,fin-6409,14
fin-circuit120,fin-6410,15
fin-circuit120,fin-6411,15 bis
fin-circuit120,fin-8767,16
fin-circuit120,fin-23616,16 bis
fin-circuit120,fin-6414,17
fin-circuit120,fin-6415,18
fin-circuit120,fin-188030,19
fin-circuit120,fin-6418,20
fin-circuit120,fin-6419,21
fin-circuit120,fin-6420,22
fin-circuit120,fin-6377,23
fin-circuit120,fin-6423,24
fin-circuit120,fin-272103,25
fin-circuit120,fin-67073,26
fin-circuit120,fin-6428,27
fin-circuit120,fin-6432,28
fin-circuit120,fin-195301,29
fin-circuit120,fin-249233,30
fin-circuit120,fin-6437,31
fin-circuit120,fin-6439,32
fin-circuit120,fin-238344,33
fin-circuit120,fin-6440,34
fin-circuit120,fin-274043,35
fin-circuit120,fin-6443,35 bis
fin-circuit120,fin-6444,36
fin-circuit120,fin-6445,37
fin-circuit120,fin-93382,38
fin-circuit120,fin-6446,39
fin-circuit120,fin-71991,40
fin-circuit120,fin-194511,40 bis
fin-circuit120,fin-51817,41
fin-circuit120,fin-85249,41 bis
fin-circuit120,fin-6450,42
fin-circuit120,fin-6451,43
fin-circuit120,fin-22191,44
fin-circuit120,fin-6453,44 bis
fin-circuit120,fin-22187,45
fin-circuit120,fin-22213,46
fin-circuit120,fin-22212,46 bis
fin-circuit120,fin-6455,47
fin-circuit120,fin-22208,48
fin-circuit120,fin-22204,49
fin-circuit120,fin-6459,A
fin-circuit121,fin-6460,1
fin-circuit121,fin-6461,2
fin-circuit121,fin-6462,3
fin-circuit121,fin-6463,4
fin-circuit121,fin-6464,5
fin-circuit121,fin-6465,6
fin-circuit121,fin-6466,7
fin-circuit121,fin-6467,8
fin-circuit121,fin-6468,9
fin-circuit121,fin-6469,10
fin-circuit121,fin-6470,11
fin-circuit121,fin-6471,12
fin-circuit121,fin-6472,13
fin-circuit121,fin-6473,14
fin-circuit121,fin-6474,15
fin-circuit121,fin-6475,16
fin-circuit121,fin-6476,17
fin-circuit121,fin-6477,18
fin-circuit121,fin-6478,19
fin-circuit121,fin-6479,20
fin-circuit121,fin-6480,21
fin-circuit121,fin-6481,22
fin-circuit121,fin-6483,23
fin-circuit121,fin-6484,23 bis
fin-circuit121,fin-9448,24
fin-circuit121,fin-17111,25
fin-circuit121,fin-6486,26
fin-circuit121,fin-6487,27
fin-circuit121,fin-6488,28
fin-circuit121,fin-6489,29
fin-circuit121,fin-6490,30
fin-circuit121,fin-6491,31
fin-circuit121,fin-6492,32
fin-circuit121,fin-6493,32 bis
fin-circuit121,fin-6494,33
fin-circuit121,fin-6495,34
envers-circuit31,envers-4968,1
envers-circuit31,envers-4969,2
envers-circuit31,envers-4970,3
envers-circuit31,envers-4971,4
envers-circuit31,envers-4972,5
envers-circuit31,envers-4973,6
envers-circuit31,envers-4974,7
envers-circuit31,envers-4975,8
envers-circuit31,envers-4976,9
envers-circuit31,envers-4977,10
envers-circuit31,envers-4978,11
envers-circuit31,envers-4979,12
envers-circuit31,envers-4980,13
envers-circuit31,envers-4981,14
envers-circuit31,envers-4982,15
envers-circuit31,envers-4983,16
envers-circuit31,envers-4984,17
envers-circuit31,envers-4985,18
envers-circuit31,envers-4986,19
envers-circuit31,envers-4987,20
envers-circuit31,envers-4988,21
envers-circuit31,envers-4989,22
envers-circuit31,envers-4990,23
envers-circuit31,envers-4991,24
envers-circuit31,envers-4992,25
envers-circuit31,envers-4993,26
envers-circuit31,envers-4994,27
envers-circuit31,envers-4995,28
envers-circuit31,envers-4996,29
envers-circuit31,envers-4997,30
envers-circuit31,envers-4998,31
envers-circuit31,envers-4999,32
envers-circuit31,envers-5000,33
envers-circuit31,envers-5001,34
envers-circuit31,envers-5002,35
envers-circuit31,envers-5003,36
envers-circuit31,envers-5004,37
envers-circuit31,envers-5005,37 bis
envers-circuit31,envers-5006,38
envers-circuit31,envers-5007,39
envers-circuit31,envers-5008,40
envers-circuit31,envers-5009,41
envers-circuit31,envers-5010,42
envers-circuit31,envers-5011,43
envers-circuit31,envers-5012,44
envers-circuit31,envers-5013,45
envers-circuit31,envers-5014,45 bis
envers-circuit31,envers-5015,46
envers-circuit31,envers-5016,47
envers-circuit31,envers-5017,48
envers-circuit31,envers-5018,49
envers-circuit31,envers-311674,49 bis
envers-circuit31,envers-5019,50
envers-circuit32,envers-311420,1
envers-circuit32,envers-311419,2
envers-circuit32,envers-5023,3
envers-circuit32,envers-5024,4
envers-circuit32,envers-5022,5
envers-circuit32,envers-5026,6
envers-circuit32,envers-5027,7
envers-circuit32,envers-5025,8
envers-circuit32,envers-5029,9
envers-circuit32,envers-5030,10
envers-circuit32,envers-5031,11
envers-circuit32,envers-5036,12
envers-circuit32,envers-5038,13
envers-circuit32,envers-5034,14
envers-circuit32,envers-5060,15
envers-circuit32,envers-5059,16
envers-circuit32,envers-5064,17
envers-circuit32,envers-5040,18
envers-circuit32,envers-5062,19
envers-circuit32,envers-5041,20
envers-circuit32,envers-5039,21
envers-circuit32,envers-5043,22
envers-circuit32,envers-5044,23
envers-circuit32,envers-5046,24
envers-circuit32,envers-5047,25
envers-circuit32,envers-5048,26
envers-circuit32,envers-5049,27
envers-circuit32,envers-5050,28
envers-circuit32,envers-5051,29
envers-circuit32,envers-5028,30
envers-circuit32,envers-5053,31
envers-circuit32,envers-5054,32
envers-circuit32,envers-5055,33
envers-circuit32,envers-5056,34
envers-circuit32,envers-5057,35
envers-circuit32,envers-5035,36
envers-circuit32,envers-5058,37
envers-circuit32,envers-5032,38
envers-circuit32,envers-5061,39
envers-circuit32,envers-5037,40
envers-circuit33,envers-5068,1
envers-circuit33,envers-5069,1 bis
envers-circuit33,envers-22929,2
envers-circuit33,envers-5071,3
envers-circuit33,envers-22930,3 bis
envers-circuit33,envers-5072,4
envers-circuit33,envers-5073,5
envers-circuit33,envers-5074,5 bis
envers-circuit33,envers-5075,6
envers-circuit33,envers-5076,7
envers-circuit33,envers-5077,8
envers-circuit33,envers-5078,8 bis
envers-circuit33,envers-5079,9
envers-circuit33,envers-5080,10
envers-circuit33,envers-5081,10 bis
envers-circuit33,envers-5082,11
envers-circuit33,envers-5083,12
envers-circuit33,envers-5084,13
envers-circuit33,envers-5085,14
envers-circuit33,envers-5086,15
envers-circuit33,envers-5087,15 bis
envers-circuit33,envers-5088,16
envers-circuit33,envers-5089,16 bis
envers-circuit33,envers-5090,17
envers-circuit33,envers-5091,17 bis
envers-circuit33,envers-5092,18
envers-circuit33,envers-5093,18 bis
envers-circuit33,envers-5094,19
envers-circuit33,envers-5095,20
envers-circuit33,envers-5096,20 bis
envers-circuit33,envers-5097,20 ter
envers-circuit33,envers-5098,21
envers-circuit33,envers-5099,22
envers-circuit33,envers-5100,23
envers-circuit33,envers-5101,24
envers-circuit33,envers-5102,24 bis
envers-circuit33,envers-5103,25
envers-circuit33,envers-5104,26
envers-circuit33,envers-5105,27
envers-circuit33,envers-5106,28
envers-circuit33,envers-5107,28 bis
envers-circuit33,envers-5108,29
envers-circuit33,envers-5109,30
envers-circuit33,envers-5110,30 bis
envers-circuit33,envers-5111,31
envers-circuit33,envers-5113,32
envers-circuit33,envers-5114,33
envers-circuit33,envers-5115,34
envers-circuit33,envers-5116,34 bis
envers-circuit33,envers-5117,35
envers-circuit33,envers-5118,36
envers-circuit33,envers-5123,37
envers-circuit33,envers-5124,38
envers-circuit33,envers-22925,39
envers-circuit33,envers-5125,39 bis
envers-circuit33,envers-5127,40
envers-circuit33,envers-5128,40 bis
envers-circuit33,envers-22926,41
envers-circuit33,envers-5122,42
envers-circuit33,envers-22927,43
envers-circuit33,envers-5121,43 bis
envers-circuit33,envers-5126,43 ter
envers-circuit33,envers-5129,44
envers-circuit33,envers-5130,44 bis
envers-circuit33,envers-5131,45
envers-circuit33,envers-5132,46
envers-circuit33,envers-22928,46 bis
envers-circuit33,envers-5133,47
envers-circuit33,envers-5134,48
envers-circuit33,envers-5135,49
envers-circuit33,envers-5136,49 bis
envers-circuit33,envers-5137,50
olivet-circuit286,olivet-18347,1
olivet-circuit286,olivet-18348,2
olivet-circuit286,olivet-18349,3
olivet-circuit286,olivet-18350,3 bis
olivet-circuit286,olivet-18351,4
olivet-circuit286,olivet-18352,5
olivet-circuit286,olivet-18353,6
olivet-circuit286,olivet-18354,7
olivet-circuit286,olivet-18355,8
olivet-circuit286,olivet-18356,8 bis
olivet-circuit286,olivet-18357,9
olivet-circuit286,olivet-18358,10
olivet-circuit286,olivet-18359,11
olivet-circuit286,olivet-18360,12
olivet-circuit286,olivet-18361,13
olivet-circuit286,olivet-18362,14
olivet-circuit286,olivet-18363,15
olivet-circuit286,olivet-18364,16
olivet-circuit286,olivet-18365,17
olivet-circuit286,olivet-18366,18
olivet-circuit286,olivet-18367,19
olivet-circuit286,olivet-18368,20
olivet-circuit286,olivet-18369,21
olivet-circuit286,olivet-18370,22
olivet-circuit286,olivet-18371,23
olivet-circuit286,olivet-18372,23 bis
olivet-circuit286,olivet-18373,24
olivet-circuit286,olivet-18374,25
olivet-circuit286,olivet-18375,26
olivet-circuit286,olivet-18376,27
olivet-circuit286,olivet-214955,27 bis
olivet-circuit286,olivet-18377,28
olivet-circuit285,olivet-18313,1
olivet-circuit285,olivet-18314,2
olivet-circuit285,olivet-18315,3
olivet-circuit285,olivet-18316,4
olivet-circuit285,olivet-18317,5
olivet-circuit285,olivet-18318,6
olivet-circuit285,olivet-18319,7
olivet-circuit285,olivet-18320,8
olivet-circuit285,olivet-18321,9
olivet-circuit285,olivet-18322,10
olivet-circuit285,olivet-18323,10 bis
olivet-circuit285,olivet-18324,11
olivet-circuit285,olivet-18326,12
olivet-circuit285,olivet-18325,12 bis
olivet-circuit285,olivet-18327,13
olivet-circuit285,olivet-57784,13 bis
olivet-circuit285,olivet-18328,14
olivet-circuit285,olivet-18329,15
olivet-circuit285,olivet-18330,16
olivet-circuit285,olivet-18331,17
olivet-circuit285,olivet-18332,18
olivet-circuit285,olivet-18333,18 bis
olivet-circuit285,olivet-18334,18 ter
olivet-circuit285,olivet-18335,19
olivet-circuit285,olivet-18336,20
olivet-circuit285,olivet-18337,21
olivet-circuit285,olivet-18338,21 bis
olivet-circuit285,olivet-18339,22
olivet-circuit285,olivet-18340,23
olivet-circuit285,olivet-18341,23 bis
olivet-circuit285,olivet-18342,24
olivet-circuit285,olivet-18343,25
olivet-circuit285,olivet-18344,25 bis
olivet-circuit285,olivet-18345,26
olivet-circuit285,olivet-315031,26 bis
olivet-circuit285,olivet-18346,27
rempart-circuit10,rempart-305388,D
rempart-circuit10,rempart-4158,1
rempart-circuit10,rempart-4159,2
rempart-circuit10,rempart-4160,3
rempart-circuit10,rempart-4161,4
rempart-circuit10,rempart-4162,5
rempart-circuit10,rempart-4163,5 bis
rempart-circuit10,rempart-4164,6
rempart-circuit10,rempart-4165,7
rempart-circuit10,rempart-4166,8
rempart-circuit10,rempart-4167,9
rempart-circuit10,rempart-4168,10
rempart-circuit10,rempart-4169,11
rempart-circuit10,rempart-4170,12
rempart-circuit10,rempart-4171,13
rempart-circuit10,rempart-4172,14
rempart-circuit10,rempart-4173,15
rempart-circuit10,rempart-4174,16
rempart-circuit9,rempart-4175,1
rempart-circuit9,rempart-4176,2
rempart-circuit9,rempart-4177,3
rempart-circuit9,rempart-4178,4
rempart-circuit9,rempart-4179,5
rempart-circuit9,rempart-4180,6
rempart-circuit9,rempart-4181,7
rempart-circuit9,rempart-4182,8
rempart-circuit9,rempart-4183,9
rempart-circuit9,rempart-4184,10
rempart-circuit9,rempart-4185,11
rempart-circuit9,rempart-4186,12
rempart-circuit9,rempart-4187,13
rempart-circuit11,rempart-4188,1
rempart-circuit11,rempart-4189,2
rempart-circuit11,rempart-4190,3
rempart-circuit11,rempart-4191,4
rempart-circuit11,rempart-4192,5
rempart-circuit11,rempart-4193,6
rempart-circuit11,rempart-4194,7
rempart-circuit11,rempart-4195,8
rempart-circuit11,rempart-4196,9
rempart-circuit11,rempart-4197,10
rempart-circuit11,rempart-4198,11
rempart-circuit11,rempart-4199,12
rempart-circuit11,rempart-4200,13
rempart-circuit11,rempart-4201,14
rempart-circuit11,rempart-4202,15
rempart-circuit11,rempart-4203,16
rempart-circuit11,rempart-4204,17
rempart-circuit11,rempart-4205,18
rempart-circuit11,rempart-4206,19
rempart-circuit11,rempart-4207,20
rempart-circuit11,rempart-4208,21
rempart-circuit11,rempart-4209,22
rempart-circuit11,rempart-4210,23
rempart-circuit11,rempart-4211,24
rempart-circuit11,rempart-4212,25
rempart-circuit11,rempart-4213,26
rempart-circuit11,rempart-4214,27
rempart-circuit11,rempart-4215,28
rempart-circuit11,rempart-4216,29
rempart-circuit11,rempart-4217,30
rempart-circuit11,rempart-4218,31
rempart-circuit11,rempart-4219,31 bis
rempart-circuit11,rempart-4220,32
rempart-circuit11,rempart-4221,33
rempart-circuit11,rempart-4222,34
rempart-circuit11,rempart-4223,35
rempart-circuit11,rempart-4224,36
rempart-circuit11,rempart-4225,37
rempart-circuit11,rempart-4226,38
rempart-circuit11,rempart-4227,39
rempart-circuit11,rempart-4228,40
rempart-circuit11,rempart-4229,41
rempart-circuit11,rempart-4230,42
rempart-circuit11,rempart-4231,43
rempart-circuit11,rempart-4232,44
rempart-circuit11,rempart-4233,45
rempart-circuit11,rempart-4234,46
rempart-circuit11,rempart-4235,47
biches-circuit25,biches-4819,2
biches-circuit25,biches-4818,3
biches-circuit25,biches-4820,3
biches-circuit25,biches-4821,12
biches-circuit25,biches-4831,13
biches-circuit25,biches-4832,14
biches-circuit25,biches-4822,15
biches-circuit25,biches-4833,15
biches-circuit25,biches-4823,15 bis
biches-circuit25,biches-4834,16
biches-circuit25,biches-4835,17
biches-circuit25,biches-4836,17 bis
biches-circuit25,biches-4837,18
biches-circuit25,biches-4838,19
biches-circuit25,biches-4824,22
biches-circuit25,biches-4825,22 bis
biches-circuit25,biches-4826,24
biches-circuit25,biches-4827,25 bis
biches-circuit25,biches-4828,30
biches-circuit25,biches-4829,38
biches-circuit25,biches-4830,42
biches-circuit27,biches-4839,1
biches-circuit27,biches-4840,2
biches-circuit27,biches-4841,3
biches-circuit27,biches-4842,4
biches-circuit27,biches-4843,5
biches-circuit27,biches-4844,6
biches-circuit27,biches-4845,7
biches-circuit27,biches-4846,8
biches-circuit27,biches-4847,9
biches-circuit27,biches-4848,10
biches-circuit27,biches-4849,11
biches-circuit27,biches-4850,12
biches-circuit27,biches-4851,13
biches-circuit27,biches-4852,14
biches-circuit27,biches-4853,15
biches-circuit27,biches-4854,16
biches-circuit27,biches-4855,17
biches-circuit27,biches-4856,18
biches-circuit27,biches-4857,19
biches-circuit27,biches-4858,20
biches-circuit27,biches-4859,21
biches-circuit27,biches-4860,22
biches-circuit27,biches-4861,23
apremontsanglier-circuit29,apremontsanglier-4903,1
apremontsanglier-circuit29,apremontsanglier-4904,2
apremontsanglier-circuit29,apremontsanglier-4905,3
apremontsanglier-circuit29,apremontsanglier-4906,4
apremontsanglier-circuit29,apremontsanglier-4907,5
apremontsanglier-circuit29,apremontsanglier-4908,6
apremontsanglier-circuit29,apremontsanglier-4909,7
apremontsanglier-circuit29,apremontsanglier-4910,8
apremontsanglier-circuit29,apremontsanglier-4911,9
apremontsanglier-circuit29,apremontsanglier-4912,10
apremontsanglier-circuit29,apremontsanglier-4913,11
apremontsanglier-circuit29,apremontsanglier-4914,12
apremontsanglier-circuit29,apremontsanglier-4915,13
apremontsanglier-circuit29,apremontsanglier-4916,14
apremontsanglier-circuit29,apremontsanglier-4917,15
apremontsanglier-circuit29,apremontsanglier-4918,16
apremontsanglier-circuit29,apremontsanglier-4919,17
apremontsanglier-circuit29,apremontsanglier-4920,18
apremontsanglier-circuit29,apremontsanglier-4921,19
apremontsanglier-circuit29,apremontsanglier-4922,20
apremontsanglier-circuit29,apremontsanglier-4923,21
apremontsanglier-circuit29,apremontsanglier-4924,22
apremontsanglier-circuit29,apremontsanglier-4925,23
apremontsanglier-circuit29,apremontsanglier-4926,24
apremontsanglier-circuit29,apremontsanglier-4927,25
apremontsanglier-circuit29,apremontsanglier-4928,26
apremontsanglier-circuit29,apremontsanglier-4929,27
apremontsanglier-circuit29,apremontsanglier-4930,28
apremontsanglier-circuit29,apremontsanglier-4931,29
apremontsanglier-circuit29,apremontsanglier-4932,30
apremontsanglier-circuit29,apremontsanglier-4933,31
canon-circuit54,canon-142488,1
canon-circuit54,canon-132611,1 bis
canon-circuit54,canon-248846,2
canon-circuit54,canon-186933,3
canon-circuit54,canon-146585,3 bis
canon-circuit54,canon-103523,4
canon-circuit54,canon-96474,4 bis
canon-circuit54,canon-280059,5
canon-circuit54,canon-141866,6
canon-circuit54,canon-90553,7
canon-circuit54,canon-158476,8
canon-circuit54,canon-92208,8 bis
canon-circuit54,canon-146052,9
canon-circuit54,canon-143928,10
canon-circuit54,canon-256146,11
canon-circuit54,canon-158328,11 bis
canon-circuit54,canon-97502,12
canon-circuit54,canon-229531,13
canon-circuit54,canon-275512,14
canon-circuit54,canon-200465,15
canon-circuit54,canon-36294,16
canon-circuit54,canon-106189,17
canon-circuit54,canon-121835,18
canon-circuit54,canon-104771,19
canon-circuit54,canon-298558,20
canon-circuit54,canon-298743,21
canon-circuit54,canon-290680,21 bis
canon-circuit54,canon-216379,22
canon-circuit54,canon-30089,23
canon-circuit54,canon-200718,24
canon-circuit54,canon-241573,25
canon-circuit54,canon-219726,26
canon-circuit54,canon-210892,27
canon-circuit54,canon-91727,28
canon-circuit54,canon-156916,29
canon-circuit54,canon-94804,30
canon-circuit54,canon-187845,31
canon-circuit54,canon-234307,32
canon-circuit54,canon-68617,33
canon-circuit54,canon-120125,34
canon-circuit54,canon-187935,35
canon-circuit54,canon-125708,36
canon-circuit54,canon-81621,37
canon-circuit54,canon-272192,38
canon-circuit54,canon-117376,39
canon-circuit54,canon-187750,40
canon-circuit55,canon-298014,D
canon-circuit55,canon-16273,1
canon-circuit55,canon-4372,1 bis
canon-circuit55,canon-4373,2
canon-circuit55,canon-132742,2 bis
canon-circuit55,canon-4374,3
canon-circuit55,canon-4375,4
canon-circuit55,canon-4376,5
canon-circuit55,canon-4377,6
canon-circuit55,canon-4378,7
canon-circuit55,canon-4379,8
canon-circuit55,canon-16269,8 bis
canon-circuit55,canon-4380,9
canon-circuit55,canon-16270,9 bis
canon-circuit55,canon-4381,10
canon-circuit55,canon-198871,10 bis
canon-circuit55,canon-4382,11
canon-circuit55,canon-4383,12
canon-circuit55,canon-16271,12 bis
canon-circuit55,canon-35410,13
canon-circuit55,canon-4384,13 bis
canon-circuit55,canon-4385,14
canon-circuit55,canon-294770,14 bis
canon-circuit55,canon-4386,15
canon-circuit55,canon-16272,15 bis
canon-circuit55,canon-4387,16
canon-circuit55,canon-190250,16 bis
canon-circuit55,canon-4388,17
canon-circuit55,canon-43695,18
canon-circuit55,canon-4390,19
canon-circuit55,canon-232633,19 bis
canon-circuit55,canon-4391,20
canon-circuit55,canon-4392,21
canon-circuit55,canon-4393,22
canon-circuit55,canon-4394,23
canon-circuit55,canon-4395,24
canon-circuit55,canon-145395,25
canon-circuit55,canon-212689,26
canon-circuit55,canon-4397,26 bis
canon-circuit55,canon-97183,26 ter
canon-circuit55,canon-4398,27
canon-circuit55,canon-4399,28
canon-circuit55,canon-4400,29
canon-circuit55,canon-4401,30
canon-circuit55,canon-4402,31
canon-circuit55,canon-4403,32
canon-circuit55,canon-4404,33
canon-circuit55,canon-4406,34
canon-circuit55,canon-114543,35
canon-circuit55,canon-4407,36
canon-circuit55,canon-4408,37
canon-circuit55,canon-4409,38
canon-circuit55,canon-4410,39
canon-circuit55,canon-4411,40
canon-circuit55,canon-16261,41
canon-circuit55,canon-16262,42
canon-circuit55,canon-16263,43
canon-circuit55,canon-16264,44
canon-circuit55,canon-16265,45
canon-circuit55,canon-16266,46
canon-circuit55,canon-16267,47
canon-circuit55,canon-16268,48
canon-circuit387,canon-313732,1
canon-circuit387,canon-313731,1 bis
canon-circuit387,canon-313730,2
canon-circuit387,canon-313729,3
canon-circuit387,canon-313728,4
canon-circuit387,canon-313727,5
canon-circuit387,canon-313726,6
canon-circuit387,canon-313405,7
canon-circuit387,canon-313725,8
canon-circuit387,canon-313724,9
canon-circuit387,canon-313723,10
canon-circuit387,canon-313722,10 bis
canon-circuit387,canon-313408,11
canon-circuit387,canon-313409,12
canon-circuit387,canon-313407,13
canon-circuit387,canon-313406,14
canon-circuit387,canon-313410,14 bis
canon-circuit387,canon-313721,15
canon-circuit387,canon-313720,16
canon-circuit387,canon-313411,17
canon-circuit387,canon-313719,18
canon-circuit387,canon-313412,18 bis
canon-circuit387,canon-313718,19
canon-circuit387,canon-313717,19 bis
canon-circuit387,canon-313714,20
canon-circuit387,canon-313713,21
canon-circuit387,canon-313712,22
canon-circuit387,canon-313711,23
canon-circuit387,canon-313710,24
canon-circuit387,canon-313709,24 bis
canon-circuit387,canon-313413,25
canon-circuit387,canon-313708,26
canon-circuit387,canon-313707,27
canon-circuit387,canon-313429,28
canon-circuit387,canon-313414,29
canon-circuit387,canon-313428,29 bis
canon-circuit387,canon-313670,30
canon-circuit387,canon-313415,31
canon-circuit387,canon-313427,32
canon-circuit387,canon-313669,32 bis
canon-circuit387,canon-313426,33
canon-circuit387,canon-313416,33 bis
canon-circuit387,canon-313417,34
canon-circuit387,canon-313425,35
canon-circuit387,canon-313424,36
canon-circuit387,canon-313423,37
canon-circuit387,canon-313422,38
canon-circuit387,canon-313418,39
canon-circuit387,canon-303524,40
canon-circuit387,canon-303525,41
canon-circuit387,canon-303555,42
canon-circuit56,canon-4413,1
canon-circuit56,canon-4414,2
canon-circuit56,canon-4415,3
canon-circuit56,canon-4416,4
canon-circuit56,canon-222037,4 bis
canon-circuit56,canon-4417,5
canon-circuit56,canon-4418,5 bis
canon-circuit56,canon-17724,6
canon-circuit56,canon-190623,6 bis
canon-circuit56,canon-136795,6 ter
canon-circuit56,canon-4419,7
canon-circuit56,canon-4420,7 bis
canon-circuit56,canon-17725,8
canon-circuit56,canon-4422,9
canon-circuit56,canon-4423,10
canon-circuit56,canon-4424,11
canon-circuit56,canon-17726,12
canon-circuit56,canon-4426,13
canon-circuit56,canon-4427,14
canon-circuit56,canon-4428,15
canon-circuit56,canon-4429,16
canon-circuit56,canon-4430,17
canon-circuit56,canon-4431,18
canon-circuit56,canon-4432,19
canon-circuit56,canon-4433,20
canon-circuit56,canon-11629,20 bis
canon-circuit56,canon-4434,21
canon-circuit56,canon-4435,22
canon-circuit56,canon-4436,23
canon-circuit56,canon-4437,24
canon-circuit56,canon-4438,25
canon-circuit56,canon-4439,26
canon-circuit56,canon-4440,27
canon-circuit56,canon-4441,28
canon-circuit56,canon-17727,28 bis
canon-circuit56,canon-4443,29
canon-circuit56,canon-17728,29 bis
canon-circuit56,canon-4444,30
canon-circuit56,canon-4446,31
canon-circuit56,canon-4445,32
canon-circuit56,canon-4447,33
canon-circuit56,canon-4448,34
canon-circuit56,canon-4449,35
canon-circuit56,canon-4450,36
canon-circuit56,canon-17729,36 bis
canon-circuit56,canon-4452,37
canon-circuit56,canon-4451,37 bis
canon-circuit56,canon-4453,38
canon-circuit56,canon-4454,39
canon-circuit56,canon-17730,39 bis
canon-circuit56,canon-4455,40
canon-circuit56,canon-4456,41
canon-circuit56,canon-4457,42
canon-circuit56,canon-17731,42 bis
canon-circuit56,canon-4458,43
canon-circuit57,canon-4460,1
canon-circuit57,canon-4459,1 bis
canon-circuit57,canon-4461,2
canon-circuit57,canon-4462,3
canon-circuit57,canon-4463,4
canon-circuit57,canon-4464,5
canon-circuit57,canon-4465,6
canon-circuit57,canon-4466,6 bis
canon-circuit57,canon-4467,7
canon-circuit57,canon-19914,8
canon-circuit57,canon-4469,9
canon-circuit57,canon-4470,10
canon-circuit57,canon-4471,11
canon-circuit57,canon-4472,12
canon-circuit57,canon-4473,13
canon-circuit57,canon-4474,14
canon-circuit57,canon-4475,15
canon-circuit57,canon-4476,16
canon-circuit57,canon-4477,17
canon-circuit57,canon-4478,18
canon-circuit57,canon-4479,19
canon-circuit57,canon-4480,20
canon-circuit57,canon-4481,20 bis
canon-circuit57,canon-4482,21
canon-circuit57,canon-4483,22
canon-circuit57,canon-16977,22 bis
canon-circuit57,canon-4484,23
canon-circuit57,canon-4485,24
canon-circuit57,canon-4486,25
canon-circuit57,canon-4487,26
canon-circuit57,canon-4488,27
canon-circuit57,canon-4489,28
canon-circuit57,canon-4490,29
canon-circuit57,canon-4491,30
canon-circuit57,canon-4492,31
canon-circuit57,canon-4493,32
canon-circuit57,canon-4494,33
canon-circuit57,canon-4495,34
canon-circuit57,canon-4496,35
canon-circuit57,canon-4497,36
canon-circuit57,canon-4498,37
canon-circuit57,canon-4499,38
canon-circuit57,canon-4500,39
canon-circuit57,canon-4501,40
canon-circuit58,canon-1803,1
canon-circuit58,canon-1804,2
canon-circuit58,canon-1805,3
canon-circuit58,canon-1806,4
canon-circuit58,canon-1807,5
canon-circuit58,canon-10091,5 bis
canon-circuit58,canon-1808,6
canon-circuit58,canon-1809,7
canon-circuit58,canon-1810,8
canon-circuit58,canon-18892,8 bis
canon-circuit58,canon-1811,9
canon-circuit58,canon-1812,9 bis
canon-circuit58,canon-1813,9 ter
canon-circuit58,canon-1814,10
canon-circuit58,canon-1815,11
canon-circuit58,canon-1816,11 bis
canon-circuit58,canon-1817,12
canon-circuit58,canon-1818,13
canon-circuit58,canon-1819,13 bis
canon-circuit58,canon-1820,14
canon-circuit58,canon-1821,15
canon-circuit58,canon-1822,16
canon-circuit58,canon-1823,16 bis
canon-circuit58,canon-1824,17
canon-circuit58,canon-1825,18
canon-circuit58,canon-1826,19
canon-circuit58,canon-1827,20
canon-circuit58,canon-1828,21
canon-circuit58,canon-1829,22
canon-circuit58,canon-1830,23
canon-circuit58,canon-1831,24
canon-circuit58,canon-1832,25
canon-circuit58,canon-1833,26
canon-circuit58,canon-1834,27
canon-circuit58,canon-1835,28
canon-circuit58,canon-1836,29
canon-circuit58,canon-169700,29 bis
canon-circuit58,canon-1837,30
canon-circuit58,canon-1838,31
canon-circuit58,canon-304569,31 bis
canon-circuit58,canon-1839,32
canon-circuit58,canon-1840,32 bis
canon-circuit58,canon-1841,33
canon-circuit58,canon-19915,33 bis
canon-circuit58,canon-1842,34
canon-circuit58,canon-1843,35
canon-circuit58,canon-1844,36
canon-circuit58,canon-1845,37
canon-circuit58,canon-1846,38
canon-circuit58,canon-1847,39
canon-circuit58,canon-1848,40
canon-circuit59,canon-3277,1
canon-circuit59,canon-3278,2
canon-circuit59,canon-3279,3
canon-circuit59,canon-3280,4
canon-circuit59,canon-3322,5
canon-circuit59,canon-3281,6
canon-circuit59,canon-3282,7
canon-circuit59,canon-3283,8
canon-circuit59,canon-3284,9
canon-circuit59,canon-3285,10
canon-circuit59,canon-3286,11
canon-circuit59,canon-3287,12
canon-circuit59,canon-3288,13
canon-circuit59,canon-3289,14
canon-circuit59,canon-3290,15
canon-circuit59,canon-3291,16
canon-circuit59,canon-3292,17
canon-circuit59,canon-1663,18
canon-circuit59,canon-3293,18 bis
canon-circuit59,canon-3294,19
canon-circuit59,canon-3295,20
canon-circuit59,canon-3296,21
canon-circuit59,canon-3297,22
canon-circuit59,canon-3298,23
canon-circuit59,canon-3299,24
canon-circuit59,canon-3300,25
canon-circuit59,canon-3301,26
canon-circuit59,canon-3302,27
canon-circuit59,canon-3303,28
canon-circuit59,canon-3304,29
canon-circuit59,canon-3305,30
canon-circuit59,canon-3306,31
canon-circuit59,canon-3307,32
canon-circuit59,canon-3308,33
canon-circuit59,canon-3309,33 bis
canon-circuit59,canon-1766,34
canon-circuit59,canon-3310,35
canon-circuit59,canon-3311,36
canon-circuit59,canon-3312,37
canon-circuit59,canon-3313,38
canon-circuit59,canon-3314,39
canon-circuit59,canon-3315,40
canon-circuit59,canon-3316,41
canon-circuit59,canon-3317,42
canon-circuit59,canon-3318,43
canon-circuit59,canon-3319,44
canon-circuit59,canon-3320,45
canon-circuit59,canon-3321,46
canon-circuit281,canon-9898,1
canon-circuit281,canon-9899,1 bis
canon-circuit281,canon-9901,2
canon-circuit281,canon-9905,3
canon-circuit281,canon-9902,3 bis
canon-circuit281,canon-9903,4
canon-circuit281,canon-9904,5
canon-circuit281,canon-9906,6
canon-circuit281,canon-9907,7
canon-circuit281,canon-9909,7 bis
canon-circuit281,canon-9910,8
canon-circuit281,canon-9911,9
canon-circuit281,canon-9912,10
canon-circuit281,canon-9913,11
canon-circuit281,canon-9914,11 bis
canon-circuit281,canon-9915,12
canon-circuit281,canon-9917,13
canon-circuit281,canon-9916,14
canon-circuit281,canon-9921,15
canon-circuit281,canon-9919,16
canon-circuit281,canon-9920,16 bis
canon-circuit281,canon-9922,17
canon-circuit281,canon-9923,17 bis
canon-circuit281,canon-9924,18
canon-circuit281,canon-9928,19
canon-circuit281,canon-812,19 bis
canon-circuit281,canon-9929,20
canon-circuit281,canon-9931,21
canon-circuit281,canon-9932,22
canon-circuit281,canon-808,22 bis
canon-circuit281,canon-9934,23
canon-circuit281,canon-9935,24
canon-circuit281,canon-9926,24 bis
canon-circuit281,canon-9936,25
canon-circuit281,canon-9937,26
canon-circuit281,canon-9938,27
canon-circuit281,canon-9939,28
canon-circuit281,canon-9940,29
canon-circuit281,canon-9942,30
canon-circuit281,canon-9941,30 bis
canon-circuit60,canon-1406,1
canon-circuit60,canon-1744,2
canon-circuit60,canon-809,3
canon-circuit60,canon-4502,4
canon-circuit60,canon-1407,5
canon-circuit60,canon-820,5 bis
canon-circuit60,canon-4503,6
canon-circuit60,canon-4504,7
canon-circuit60,canon-1408,8
canon-circuit60,canon-4505,9
canon-circuit60,canon-807,10
canon-circuit60,canon-1405,11
canon-circuit60,canon-992,12
canon-circuit60,canon-4506,13
canon-circuit60,canon-805,14
canon-circuit60,canon-4507,15
canon-circuit60,canon-4508,16
canon-circuit60,canon-815,17
canon-circuit60,canon-814,18
canon-circuit60,canon-1466,19
canon-circuit60,canon-819,20
canon-circuit60,canon-835,20 bis
canon-circuit60,canon-806,21
canon-circuit60,canon-969,22
canon-circuit60,canon-1116,23
canon-circuit60,canon-804,24
potets-circuit88,potets-3803,D
potets-circuit88,potets-3804,1
potets-circuit88,potets-3805,2
potets-circuit88,potets-3806,3
potets-circuit88,potets-3807,4
potets-circuit88,potets-3808,5
potets-circuit88,potets-203099,5 bis
potets-circuit88,potets-3809,6
potets-circuit88,potets-312160,6 bis
potets-circuit88,potets-3810,7
potets-circuit88,potets-3811,8
potets-circuit88,potets-3812,9
potets-circuit88,potets-3813,10
potets-circuit88,potets-3814,11
potets-circuit88,potets-312161,11 bis
potets-circuit88,potets-3815,12
potets-circuit88,potets-3816,13
potets-circuit88,potets-3817,14
potets-circuit88,potets-3818,15
potets-circuit88,potets-3819,16
potets-circuit88,potets-3820,17
potets-circuit88,potets-3821,18
potets-circuit88,potets-3822,19
potets-circuit88,potets-3823,20
potets-circuit88,potets-3824,21
potets-circuit88,potets-312162,21 bis
potets-circuit88,potets-3825,22
potets-circuit88,potets-3826,23
potets-circuit88,potets-3827,24
potets-circuit88,potets-3828,25
potets-circuit88,potets-3829,26
potets-circuit88,potets-3830,27
potets-circuit88,potets-3831,28
potets-circuit88,potets-3832,29
potets-circuit88,potets-3833,30
potets-circuit88,potets-3834,31
potets-circuit88,potets-3835,32
potets-circuit88,potets-3836,33
potets-circuit88,potets-3837,34
potets-circuit88,potets-3838,35
potets-circuit88,potets-3839,36
potets-circuit88,potets-3840,37
potets-circuit88,potets-312163,37 bis
potets-circuit88,potets-3841,38
potets-circuit88,potets-3842,39
potets-circuit88,potets-3843,40
potets-circuit88,potets-3844,41
potets-circuit88,potets-3845,42
potets-circuit88,potets-13226,43
potets-circuit88,potets-13227,44
potets-circuit88,potets-13228,45
potets-circuit88,potets-241364,46
potets-circuit88,potets-174523,A
potets-circuit91,potets-312164,D
potets-circuit91,potets-3847,1
potets-circuit91,potets-3848,2
potets-circuit91,potets-3849,3
potets-circuit91,potets-3850,4
potets-circuit91,potets-3851,5
potets-circuit91,potets-3853,6
potets-circuit91,potets-3854,7
potets-circuit91,potets-3852,7 bis
potets-circuit91,potets-3855,8
potets-circuit91,potets-312165,8 bis
potets-circuit91,potets-3856,9
potets-circuit91,potets-3857,10
potets-circuit91,potets-3858,11
potets-circuit91,potets-3859,12
potets-circuit91,potets-3860,13
potets-circuit91,potets-3861,14
potets-circuit91,potets-3862,15
potets-circuit91,potets-3863,16
potets-circuit91,potets-181004,16 bis
potets-circuit91,potets-3864,17
potets-circuit91,potets-3846,17 bis
potets-circuit91,potets-3865,18
potets-circuit91,potets-3866,19
potets-circuit91,potets-3867,20
potets-circuit91,potets-3868,21
potets-circuit91,potets-3869,22
potets-circuit91,potets-3870,23
potets-circuit91,potets-3871,24
potets-circuit91,potets-3872,25
potets-circuit91,potets-3873,26
potets-circuit91,potets-3874,27
potets-circuit91,potets-3875,28
potets-circuit91,potets-3876,29
potets-circuit91,potets-312166,29 bis
potets-circuit91,potets-3877,30
potets-circuit91,potets-3878,31
potets-circuit91,potets-3879,32
potets-circuit91,potets-3880,33
potets-circuit91,potets-3881,34
potets-circuit91,potets-3882,35
potets-circuit91,potets-3883,36
potets-circuit91,potets-3884,36 bis
chambergeot-circuit317,chambergeot-300099,1
chambergeot-circuit317,chambergeot-300100,2
chambergeot-circuit317,chambergeot-300101,3
chambergeot-circuit317,chambergeot-300102,4
chambergeot-circuit317,chambergeot-300103,5
chambergeot-circuit317,chambergeot-300104,6
chambergeot-circuit317,chambergeot-300105,7
chambergeot-circuit317,chambergeot-300106,8
chambergeot-circuit317,chambergeot-300107,9
chambergeot-circuit317,chambergeot-300108,10
chambergeot-circuit317,chambergeot-300109,11
chambergeot-circuit317,chambergeot-300110,12
chambergeot-circuit317,chambergeot-300111,13
chambergeot-circuit317,chambergeot-300112,14
chambergeot-circuit317,chambergeot-300113,15
chambergeot-circuit317,chambergeot-300114,16
chambergeot-circuit317,chambergeot-300115,17
chambergeot-circuit317,chambergeot-300116,18
chambergeot-circuit317,chambergeot-300117,19
chambergeot-circuit317,chambergeot-300118,20
chambergeot-circuit317,chambergeot-300119,21
chambergeot-circuit317,chambergeot-300120,22
chambergeot-circuit317,chambergeot-300121,23
chambergeot-circuit317,chambergeot-300122,24
chambergeot-circuit317,chambergeot-300123,25
chambergeot-circuit317,chambergeot-300124,26
chambergeot-circuit317,chambergeot-17879,26 bis
chambergeot-circuit317,chambergeot-300125,27
chambergeot-circuit317,chambergeot-17901,27 bis
chambergeot-circuit317,chambergeot-300126,28
chambergeot-circuit317,chambergeot-300127,29
chambergeot-circuit317,chambergeot-17895,29 bis
chambergeot-circuit317,chambergeot-300128,30
chambergeot-circuit317,chambergeot-300129,31
chambergeot-circuit317,chambergeot-300130,32
chambergeot-circuit317,chambergeot-300131,33
chambergeot-circuit317,chambergeot-300132,34
chambergeot-circuit317,chambergeot-300133,35
chambergeot-circuit317,chambergeot-300134,36
chambergeot-circuit317,chambergeot-300135,37
chambergeot-circuit317,chambergeot-300136,38
chambergeot-circuit317,chambergeot-300137,39
chambergeot-circuit317,chambergeot-300138,40
chambergeot-circuit255,chambergeot-17860,1
chambergeot-circuit255,chambergeot-17861,1 bis
chambergeot-circuit255,chambergeot-17862,2
chambergeot-circuit255,chambergeot-17863,2 bis
chambergeot-circuit255,chambergeot-17864,3
chambergeot-circuit255,chambergeot-295121,3 bis
chambergeot-circuit255,chambergeot-17866,4
chambergeot-circuit255,chambergeot-17867,4 bis
chambergeot-circuit255,chambergeot-17868,5
chambergeot-circuit255,chambergeot-17865,5 bis
chambergeot-circuit255,chambergeot-17870,6
chambergeot-circuit255,chambergeot-17871,6 bis
chambergeot-circuit255,chambergeot-17872,7
chambergeot-circuit255,chambergeot-17873,8
chambergeot-circuit255,chambergeot-17874,9
chambergeot-circuit255,chambergeot-17875,9 bis
chambergeot-circuit255,chambergeot-17876,10
chambergeot-circuit255,chambergeot-17877,11
chambergeot-circuit255,chambergeot-17878,12
chambergeot-circuit255,chambergeot-17880,13
chambergeot-circuit255,chambergeot-17882,14
chambergeot-circuit255,chambergeot-17881,15
chambergeot-circuit255,chambergeot-17885,16
chambergeot-circuit255,chambergeot-17884,16 bis
chambergeot-circuit255,chambergeot-17888,17
chambergeot-circuit255,chambergeot-17889,18
chambergeot-circuit255,chambergeot-17890,19
chambergeot-circuit255,chambergeot-17891,20
chambergeot-circuit255,chambergeot-17893,21
chambergeot-circuit255,chambergeot-17894,22
chambergeot-circuit255,chambergeot-17896,23
chambergeot-circuit255,chambergeot-17898,24
chambergeot-circuit255,chambergeot-17899,25
chambergeot-circuit255,chambergeot-17902,26
chambergeot-circuit255,chambergeot-17900,27
chambergeot-circuit255,chambergeot-17903,28
chambergeot-circuit255,chambergeot-17907,29
chambergeot-circuit255,chambergeot-17904,30
chambergeot-circuit255,chambergeot-17906,31
chambergeot-circuit255,chambergeot-17905,32
chambergeot-circuit255,chambergeot-17897,33
chambergeot-circuit255,chambergeot-17869,34
chambergeot-circuit255,chambergeot-17908,35
diplodocus-circuit112,diplodocus-309643,D
diplodocus-circuit112,diplodocus-309642,1
diplodocus-circuit112,diplodocus-6095,1 bis
diplodocus-circuit112,diplodocus-6096,2
diplodocus-circuit112,diplodocus-309641,2 bis
diplodocus-circuit112,diplodocus-6097,3
diplodocus-circuit112,diplodocus-309647,4
diplodocus-circuit112,diplodocus-6099,5
diplodocus-circuit112,diplodocus-6100,6
diplodocus-circuit112,diplodocus-309639,7
diplodocus-circuit112,diplodocus-6101,8
diplodocus-circuit112,diplodocus-309638,8 bis
diplodocus-circuit112,diplodocus-309637,9
diplodocus-circuit112,diplodocus-309636,10
diplodocus-circuit112,diplodocus-309635,11
diplodocus-circuit112,diplodocus-309634,12
diplodocus-circuit112,diplodocus-309633,13
diplodocus-circuit112,diplodocus-6104,13 bis
diplodocus-circuit112,diplodocus-309632,14
diplodocus-circuit112,diplodocus-6105,14 bis
diplodocus-circuit112,diplodocus-309631,15
diplodocus-circuit112,diplodocus-6106,16
diplodocus-circuit112,diplodocus-6107,17
diplodocus-circuit112,diplodocus-309630,18
diplodocus-circuit112,diplodocus-309629,19
diplodocus-circuit112,diplodocus-309628,20
diplodocus-circuit112,diplodocus-309627,21
diplodocus-circuit112,diplodocus-309626,21 bis
diplodocus-circuit112,diplodocus-6109,22
diplodocus-circuit112,diplodocus-309625,23
diplodocus-circuit112,diplodocus-6110,24
diplodocus-circuit112,diplodocus-309624,25
diplodocus-circuit112,diplodocus-6111,26
diplodocus-circuit112,diplodocus-6112,27
diplodocus-circuit112,diplodocus-309623,28
diplodocus-circuit112,diplodocus-309622,29
diplodocus-circuit112,diplodocus-6115,29 bis
diplodocus-circuit112,diplodocus-6116,30
diplodocus-circuit112,diplodocus-309621,31
diplodocus-circuit112,diplodocus-309620,32
diplodocus-circuit112,diplodocus-6118,33
diplodocus-circuit112,diplodocus-6119,34
diplodocus-circuit112,diplodocus-6120,35
diplodocus-circuit112,diplodocus-6121,36
diplodocus-circuit112,diplodocus-6123,37
diplodocus-circuit112,diplodocus-6124,38
diplodocus-circuit112,diplodocus-6125,39
diplodocus-circuit112,diplodocus-6126,40
diplodocus-circuit112,diplodocus-309619,40 bis
diplodocus-circuit112,diplodocus-6127,A
diplodocus-circuit113,diplodocus-6135,1
diplodocus-circuit113,diplodocus-6134,1 bis
diplodocus-circuit113,diplodocus-6136,2
diplodocus-circuit113,diplodocus-6137,3
diplodocus-circuit113,diplodocus-310762,4
diplodocus-circuit113,diplodocus-6131,5
diplodocus-circuit113,diplodocus-311599,6
diplodocus-circuit113,diplodocus-6141,7
diplodocus-circuit113,diplodocus-14772,7 bis
diplodocus-circuit113,diplodocus-6140,8
diplodocus-circuit113,diplodocus-6138,9
diplodocus-circuit113,diplodocus-6103,10
diplodocus-circuit113,diplodocus-6144,11
diplodocus-circuit113,diplodocus-6139,12
diplodocus-circuit113,diplodocus-310763,13
diplodocus-circuit113,diplodocus-310770,14
diplodocus-circuit113,diplodocus-39052,15
diplodocus-circuit113,diplodocus-310773,16
diplodocus-circuit113,diplodocus-6145,17
diplodocus-circuit113,diplodocus-310779,18
diplodocus-circuit113,diplodocus-310780,18 bis
diplodocus-circuit113,diplodocus-6172,19
diplodocus-circuit113,diplodocus-6156,20
diplodocus-circuit113,diplodocus-310781,21
diplodocus-circuit113,diplodocus-310782,22
diplodocus-circuit113,diplodocus-6154,23
diplodocus-circuit113,diplodocus-310783,24
diplodocus-circuit113,diplodocus-6153,25
diplodocus-circuit113,diplodocus-310784,26
diplodocus-circuit113,diplodocus-310785,26 bis
diplodocus-circuit113,diplodocus-310786,27
diplodocus-circuit113,diplodocus-6151,28
diplodocus-circuit113,diplodocus-310787,29
diplodocus-circuit113,diplodocus-6150,30
diplodocus-circuit113,diplodocus-6149,31
diplodocus-circuit113,diplodocus-14774,32
diplodocus-circuit113,diplodocus-6181,33
diplodocus-circuit113,diplodocus-6155,34
diplodocus-circuit114,diplodocus-6158,1
diplodocus-circuit114,diplodocus-6159,2
diplodocus-circuit114,diplodocus-6160,3
diplodocus-circuit114,diplodocus-6161,4
diplodocus-circuit114,diplodocus-6162,5
diplodocus-circuit114,diplodocus-6163,6
diplodocus-circuit114,diplodocus-311274,7
diplodocus-circuit114,diplodocus-6167,8
diplodocus-circuit114,diplodocus-311273,9
diplodocus-circuit114,diplodocus-6164,10
diplodocus-circuit114,diplodocus-311272,10 bis
diplodocus-circuit114,diplodocus-6165,11
diplodocus-circuit114,diplodocus-311598,12
diplodocus-circuit114,diplodocus-6168,13
diplodocus-circuit114,diplodocus-6169,14
diplodocus-circuit114,diplodocus-311271,15
diplodocus-circuit114,diplodocus-6170,15 bis
diplodocus-circuit114,diplodocus-6148,16
diplodocus-circuit114,diplodocus-6183,17
diplodocus-circuit114,diplodocus-6171,18
diplodocus-circuit114,diplodocus-6173,19
diplodocus-circuit114,diplodocus-6175,20
diplodocus-circuit114,diplodocus-14775,21
diplodocus-circuit114,diplodocus-6178,22
diplodocus-circuit114,diplodocus-6177,23
diplodocus-circuit114,diplodocus-6176,24
diplodocus-circuit114,diplodocus-6174,25
diplodocus-circuit114,diplodocus-6182,26
diplodocus-circuit114,diplodocus-6179,27
diplodocus-circuit114,diplodocus-310771,28
diplodocus-circuit114,diplodocus-6180,29
chatillon-circuit277,chatillon-21767,1
chatillon-circuit277,chatillon-21769,2
chatillon-circuit277,chatillon-21770,2 bis
chatillon-circuit277,chatillon-21771,3
chatillon-circuit277,chatillon-21772,4
chatillon-circuit277,chatillon-21773,4 bis
chatillon-circuit277,chatillon-21774,5
chatillon-circuit277,chatillon-21775,6
chatillon-circuit277,chatillon-21776,7
chatillon-circuit277,chatillon-21777,8
chatillon-circuit277,chatillon-21778,9
chatillon-circuit277,chatillon-21779,10
chatillon-circuit277,chatillon-21780,10 bis
chatillon-circuit277,chatillon-21781,11
chatillon-circuit277,chatillon-21782,11 bis
chatillon-circuit277,chatillon-21783,12
chatillon-circuit277,chatillon-21784,13
chatillon-circuit277,chatillon-21785,13 bis
chatillon-circuit277,chatillon-21786,14
chatillon-circuit277,chatillon-21787,15
chatillon-circuit277,chatillon-21788,15 bis
chatillon-circuit277,chatillon-21789,16
chatillon-circuit277,chatillon-21790,17
chatillon-circuit277,chatillon-21791,18
chatillon-circuit277,chatillon-21792,19
chatillon-circuit277,chatillon-21793,19 bis
chatillon-circuit277,chatillon-21794,20
chatillon-circuit277,chatillon-21795,21
chatillon-circuit277,chatillon-21796,22
chatillon-circuit277,chatillon-21797,22 bis
chatillon-circuit277,chatillon-21798,23
chatillon-circuit277,chatillon-21799,23 bis
chatillon-circuit277,chatillon-21801,24
chatillon-circuit277,chatillon-21802,24 bis
chatillon-circuit277,chatillon-21803,25
chatillon-circuit277,chatillon-21805,26
chatillon-circuit277,chatillon-21806,26 bis
chatillon-circuit277,chatillon-21807,27
chatillon-circuit277,chatillon-21809,28
chatillon-circuit277,chatillon-21810,29
chatillon-circuit277,chatillon-21811,30
chatillon-circuit277,chatillon-21812,30 bis
chatillon-circuit302,chatillon-21951,1
chatillon-circuit302,chatillon-21952,2
chatillon-circuit302,chatillon-21953,3
chatillon-circuit302,chatillon-21936,4
chatillon-circuit302,chatillon-21937,5
chatillon-circuit302,chatillon-21938,6
chatillon-circuit302,chatillon-21939,7
chatillon-circuit302,chatillon-21940,8
chatillon-circuit302,chatillon-21954,9
chatillon-circuit302,chatillon-21955,9 bis
chatillon-circuit302,chatillon-21941,10
chatillon-circuit302,chatillon-21961,10 bis
chatillon-circuit302,chatillon-21942,11
chatillon-circuit302,chatillon-21943,12
chatillon-circuit302,chatillon-21944,13
chatillon-circuit302,chatillon-21945,14
chatillon-circuit302,chatillon-21946,15
chatillon-circuit302,chatillon-21960,15 bis
chatillon-circuit302,chatillon-21947,16
chatillon-circuit302,chatillon-21948,17
chatillon-circuit302,chatillon-21958,17 bis
chatillon-circuit302,chatillon-21959,17 ter
chatillon-circuit302,chatillon-21949,18
chatillon-circuit302,chatillon-21950,19
chatillon-circuit302,chatillon-21956,19 bis
chatillon-circuit302,chatillon-21957,20
chatillon-circuit302,chatillon-12983,21
chatillon-circuit302,chatillon-21925,22
chatillon-circuit302,chatillon-16319,22 bis
chatillon-circuit302,chatillon-21935,23
chatillon-circuit302,chatillon-21930,24
chatillon-circuit302,chatillon-21929,25
chatillon-circuit302,chatillon-21926,26
chatillon-circuit302,chatillon-21927,27
chatillon-circuit302,chatillon-21928,28
chatillon-circuit302,chatillon-16293,29
chatillon-circuit302,chatillon-21934,30
chatillon-circuit302,chatillon-21931,31
chatillon-circuit302,chatillon-21932,32
chatillon-circuit302,chatillon-21933,32 bis
chatillon-circuit265,chatillon-16281,1
chatillon-circuit265,chatillon-16282,1 bis
chatillon-circuit265,chatillon-21907,2
chatillon-circuit265,chatillon-16284,3
chatillon-circuit265,chatillon-21908,4
chatillon-circuit265,chatillon-16287,5
chatillon-circuit265,chatillon-16289,6
chatillon-circuit265,chatillon-16290,7
chatillon-circuit265,chatillon-21909,8
chatillon-circuit265,chatillon-16288,9
chatillon-circuit265,chatillon-21910,9 bis
chatillon-circuit265,chatillon-21924,10
chatillon-circuit265,chatillon-16291,11
chatillon-circuit265,chatillon-21911,11 bis
chatillon-circuit265,chatillon-16292,12
chatillon-circuit265,chatillon-21913,13
chatillon-circuit265,chatillon-12952,14
chatillon-circuit265,chatillon-21914,15
chatillon-circuit265,chatillon-16321,15 bis
chatillon-circuit265,chatillon-21915,16
chatillon-circuit265,chatillon-21916,17
chatillon-circuit265,chatillon-16316,18
chatillon-circuit265,chatillon-21918,19
chatillon-circuit265,chatillon-16296,20
chatillon-circuit265,chatillon-16295,20 bis
chatillon-circuit265,chatillon-21919,21
chatillon-circuit265,chatillon-21920,22
chatillon-circuit265,chatillon-16312,23
chatillon-circuit265,chatillon-16310,24
chatillon-circuit265,chatillon-16309,25
chatillon-circuit265,chatillon-16329,25 bis
chatillon-circuit265,chatillon-21921,26
chatillon-circuit265,chatillon-16307,27
chatillon-circuit265,chatillon-21922,28
chatillon-circuit265,chatillon-16302,29
chatillon-circuit265,chatillon-21923,30
chatillon-circuit303,chatillon-16315,1
chatillon-circuit303,chatillon-21962,2
chatillon-circuit303,chatillon-21963,3
chatillon-circuit303,chatillon-22027,3 bis
chatillon-circuit303,chatillon-21964,4
chatillon-circuit303,chatillon-21965,5
chatillon-circuit303,chatillon-21966,6
chatillon-circuit303,chatillon-22028,6 bis
chatillon-circuit303,chatillon-21967,7
chatillon-circuit303,chatillon-21968,8
chatillon-circuit303,chatillon-21969,9
chatillon-circuit303,chatillon-22034,9 bis
chatillon-circuit303,chatillon-21970,10
chatillon-circuit303,chatillon-21971,11
chatillon-circuit303,chatillon-21986,11 bis
chatillon-circuit303,chatillon-21972,12
chatillon-circuit303,chatillon-21973,13
chatillon-circuit303,chatillon-21974,14
chatillon-circuit303,chatillon-21975,15
chatillon-circuit303,chatillon-21976,15 bis
chatillon-circuit303,chatillon-16326,16
chatillon-circuit303,chatillon-22033,16 bis
chatillon-circuit303,chatillon-21989,16 ter
chatillon-circuit303,chatillon-21990,16 quat
chatillon-circuit303,chatillon-21977,17
chatillon-circuit303,chatillon-21978,18
chatillon-circuit303,chatillon-21991,18 bis
chatillon-circuit303,chatillon-21979,19
chatillon-circuit303,chatillon-21980,20
chatillon-circuit303,chatillon-21981,21
chatillon-circuit303,chatillon-22025,21 bis
chatillon-circuit303,chatillon-22012,22
chatillon-circuit303,chatillon-22013,23
chatillon-circuit303,chatillon-22014,24
chatillon-circuit303,chatillon-22015,25
chatillon-circuit303,chatillon-22016,26
chatillon-circuit303,chatillon-22017,27
chatillon-circuit303,chatillon-22018,28
chatillon-circuit303,chatillon-22019,29
chatillon-circuit303,chatillon-21999,29 bis
chatillon-circuit303,chatillon-22000,30
chatillon-circuit303,chatillon-22001,31
chatillon-circuit303,chatillon-22020,31 bis
chatillon-circuit303,chatillon-22002,32
chatillon-circuit303,chatillon-22003,33
chatillon-circuit303,chatillon-22004,34
chatillon-circuit303,chatillon-21998,34 bis
chatillon-circuit303,chatillon-22005,35
chatillon-circuit303,chatillon-22006,36
chatillon-circuit303,chatillon-22007,37
chatillon-circuit303,chatillon-22008,38
chatillon-circuit303,chatillon-22009,39
chatillon-circuit303,chatillon-22010,40
chatillon-circuit303,chatillon-22011,41
chatillon-circuit303,chatillon-21992,42
chatillon-circuit303,chatillon-21993,43
chatillon-circuit303,chatillon-21994,44
chatillon-circuit303,chatillon-21995,45
chatillon-circuit303,chatillon-21997,45 bis
chatillon-circuit303,chatillon-21996,46
chatillon-circuit301,chatillon-21894,1
chatillon-circuit301,chatillon-21814,2
chatillon-circuit301,chatillon-21815,3
chatillon-circuit301,chatillon-21816,4
chatillon-circuit301,chatillon-21817,5
chatillon-circuit301,chatillon-21818,6
chatillon-circuit301,chatillon-21821,7
chatillon-circuit301,chatillon-21822,8
chatillon-circuit301,chatillon-21823,9
chatillon-circuit301,chatillon-21825,10
chatillon-circuit301,chatillon-21827,11
chatillon-circuit301,chatillon-21829,11 bis
chatillon-circuit301,chatillon-21830,12
chatillon-circuit301,chatillon-21831,13
chatillon-circuit301,chatillon-21832,13 bis
chatillon-circuit301,chatillon-21833,14
chatillon-circuit301,chatillon-21840,14 bis
chatillon-circuit301,chatillon-21834,15
chatillon-circuit301,chatillon-21835,16
chatillon-circuit301,chatillon-21838,17
chatillon-circuit301,chatillon-21839,18
chatillon-circuit301,chatillon-21841,19
chatillon-circuit301,chatillon-21844,19 bis
chatillon-circuit301,chatillon-21845,19 ter
chatillon-circuit301,chatillon-21847,20
chatillon-circuit301,chatillon-21849,20 bis
chatillon-circuit301,chatillon-21850,21
chatillon-circuit301,chatillon-21851,21 bis
chatillon-circuit301,chatillon-21852,22
chatillon-circuit301,chatillon-21853,22 bis
chatillon-circuit301,chatillon-21854,23
chatillon-circuit301,chatillon-21855,23 bis
chatillon-circuit301,chatillon-21856,24
chatillon-circuit301,chatillon-21857,25
chatillon-circuit301,chatillon-21858,26
chatillon-circuit301,chatillon-21860,26 bis
chatillon-circuit301,chatillon-21866,26 ter
chatillon-circuit301,chatillon-21861,27
chatillon-circuit301,chatillon-21864,27 bis
chatillon-circuit301,chatillon-21865,27 ter
chatillon-circuit301,chatillon-21862,28
chatillon-circuit301,chatillon-21863,29
chatillon-circuit301,chatillon-21869,30
chatillon-circuit301,chatillon-21870,31
chatillon-circuit301,chatillon-21871,32
chatillon-circuit301,chatillon-21873,33
chatillon-circuit301,chatillon-21872,33 bis
chatillon-circuit301,chatillon-21874,33 ter
chatillon-circuit301,chatillon-21876,33 quat
chatillon-circuit301,chatillon-21875,34
chatillon-circuit301,chatillon-21879,35
chatillon-circuit301,chatillon-21290,35 bis
chatillon-circuit301,chatillon-21886,35 ter
chatillon-circuit301,chatillon-21885,35 quat
chatillon-circuit301,chatillon-21889,36
chatillon-circuit301,chatillon-21890,36 bis
chatillon-circuit301,chatillon-21883,37
chatillon-circuit301,chatillon-21887,38
chatillon-circuit301,chatillon-21888,38 bis
chatillon-circuit301,chatillon-21892,38 ter
chatillon-circuit301,chatillon-21891,39
chatillon-circuit301,chatillon-21893,40
chatillon-circuit301,chatillon-21895,40 bis
chatillon-circuit301,chatillon-21896,40 ter
troche-circuit300,troche-21630,1
troche-circuit300,troche-21624,1 bis
troche-circuit300,troche-21632,2
troche-circuit300,troche-13849,2 bis
troche-circuit300,troche-21633,3
troche-circuit300,troche-21634,4
troche-circuit300,troche-21635,5
troche-circuit300,troche-21636,6
troche-circuit300,troche-21637,7
troche-circuit300,troche-21638,8
troche-circuit300,troche-21639,9
troche-circuit300,troche-21640,10
troche-circuit300,troche-21641,11
troche-circuit300,troche-21625,11 bis
troche-circuit300,troche-21642,12
troche-circuit300,troche-21623,12 bis
troche-circuit300,troche-21643,13
troche-circuit300,troche-21626,13 bis
troche-circuit300,troche-21644,14
troche-circuit300,troche-21627,14 bis
troche-circuit300,troche-271517,14 ter
troche-circuit300,troche-21645,15
troche-circuit300,troche-21646,16
troche-circuit300,troche-21628,16 bis
troche-circuit300,troche-21647,17
troche-circuit300,troche-21629,17 bis
troche-circuit300,troche-21648,18
troche-circuit300,troche-21631,18 bis
troche-circuit300,troche-21649,19
troche-circuit300,troche-21669,19 bis
troche-circuit300,troche-21650,20
troche-circuit300,troche-21651,21
troche-circuit300,troche-21652,22
troche-circuit300,troche-21653,23
troche-circuit300,troche-21654,24
troche-circuit300,troche-21661,24 bis
troche-circuit300,troche-21655,25
troche-circuit300,troche-21662,25 bis
troche-circuit300,troche-21656,26
troche-circuit300,troche-21663,26 bis
troche-circuit300,troche-21657,27
troche-circuit300,troche-21665,27 bis
troche-circuit300,troche-21658,28
troche-circuit300,troche-21659,29
troche-circuit300,troche-21660,29 bis
troche-circuit217,troche-11001,1
troche-circuit217,troche-11002,2
troche-circuit217,troche-11003,3
troche-circuit217,troche-13848,3 bis
troche-circuit217,troche-11004,4
troche-circuit217,troche-11005,5
troche-circuit217,troche-11006,5 bis
troche-circuit217,troche-21671,5 ter
troche-circuit217,troche-11007,6
troche-circuit217,troche-11008,7
troche-circuit217,troche-11009,8
troche-circuit217,troche-11010,9
troche-circuit217,troche-11011,10
troche-circuit217,troche-157337,10 bis
troche-circuit217,troche-11012,11
troche-circuit217,troche-11013,11 bis
troche-circuit217,troche-11014,12
troche-circuit217,troche-31994,13
troche-circuit217,troche-11015,14
troche-circuit217,troche-234376,14 bis
troche-circuit217,troche-11016,15
troche-circuit217,troche-11017,16
troche-circuit217,troche-11018,17
troche-circuit217,troche-11019,18
troche-circuit217,troche-11020,19
troche-circuit217,troche-311394,20
troche-circuit217,troche-11021,21
troche-circuit217,troche-311395,21 bis
troche-circuit218,troche-11022,1
troche-circuit218,troche-11023,2
troche-circuit218,troche-11024,3
troche-circuit218,troche-11025,4
troche-circuit218,troche-11027,5
troche-circuit218,troche-11028,6
troche-circuit218,troche-11029,7
troche-circuit218,troche-13842,8
troche-circuit218,troche-11030,9
troche-circuit218,troche-13845,9 bis
troche-circuit218,troche-11031,10
troche-circuit218,troche-11032,11
troche-circuit218,troche-311477,12
troche-circuit218,troche-11033,13
troche-circuit218,troche-11034,14
troche-circuit218,troche-11035,15
troche-circuit218,troche-11036,16
troche-circuit218,troche-11037,17
troche-circuit218,troche-11038,18
troche-circuit218,troche-11039,19
troche-circuit218,troche-11040,20
troche-circuit218,troche-11041,21
troche-circuit218,troche-11042,22
troche-circuit218,troche-11043,23
troche-circuit218,troche-11044,24
troche-circuit218,troche-11045,25
troche-circuit218,troche-11046,26
troche-circuit218,troche-15724,27
calvaire-circuit336,calvaire-119103,1
calvaire-circuit336,calvaire-245729,2
calvaire-circuit336,calvaire-128467,3
calvaire-circuit336,calvaire-144515,4
calvaire-circuit336,calvaire-240633,5
calvaire-circuit336,calvaire-85757,6
calvaire-circuit336,calvaire-212358,7
calvaire-circuit336,calvaire-41670,8
calvaire-circuit336,calvaire-71642,9
calvaire-circuit336,calvaire-215103,10
calvaire-circuit336,calvaire-104501,11
calvaire-circuit336,calvaire-83082,12
calvaire-circuit336,calvaire-216074,13
calvaire-circuit336,calvaire-215586,14
calvaire-circuit336,calvaire-101005,15
calvaire-circuit336,calvaire-126903,16
calvaire-circuit336,calvaire-209320,17
calvaire-circuit336,calvaire-205968,17 bis
calvaire-circuit336,calvaire-72291,18
calvaire-circuit336,calvaire-195977,19
calvaire-circuit336,calvaire-55119,20
calvaire-circuit336,calvaire-272858,21
calvaire-circuit336,calvaire-272676,22
calvaire-circuit336,calvaire-299404,22 bis
calvaire-circuit336,calvaire-263838,22 ter
calvaire-circuit336,calvaire-249135,23
calvaire-circuit336,calvaire-30667,23 bis
calvaire-circuit336,calvaire-150360,24
calvaire-circuit336,calvaire-142435,25
calvaire-circuit336,calvaire-68494,26
calvaire-circuit336,calvaire-259789,26 bis
calvaire-circuit336,calvaire-296853,26 ter
calvaire-circuit336,calvaire-132699,27
calvaire-circuit336,calvaire-78877,27 bis
calvaire-circuit336,calvaire-32320,28
calvaire-circuit336,calvaire-155062,29
calvaire-circuit336,calvaire-147026,30
calvaire-circuit336,calvaire-282391,31
calvaire-circuit336,calvaire-217450,32
calvaire-circuit336,calvaire-118307,33
calvaire-circuit336,calvaire-257958,34
calvaire-circuit336,calvaire-77375,34 bis
calvaire-circuit336,calvaire-89526,35
calvaire-circuit336,calvaire-84165,36
calvaire-circuit336,calvaire-94953,37
calvaire-circuit336,calvaire-59493,38
calvaire-circuit336,calvaire-287847,39
calvaire-circuit336,calvaire-241977,40
calvaire-circuit336,calvaire-52296,41
calvaire-circuit336,calvaire-193742,42
calvaire-circuit336,calvaire-281306,43
calvaire-circuit336,calvaire-253920,44
calvaire-circuit74,calvaire-247070,1
calvaire-circuit74,calvaire-259034,2
calvaire-circuit74,calvaire-4237,3
calvaire-circuit74,calvaire-223361,3 bis
calvaire-circuit74,calvaire-32339,3 ter
calvaire-circuit74,calvaire-4238,4
calvaire-circuit74,calvaire-4239,5
calvaire-circuit74,calvaire-96366,5 bis
calvaire-circuit74,calvaire-4240,5 ter
calvaire-circuit74,calvaire-246226,6
calvaire-circuit74,calvaire-234417,6 bis
calvaire-circuit74,calvaire-4241,7
calvaire-circuit74,calvaire-4242,7 bis
calvaire-circuit74,calvaire-4243,8
calvaire-circuit74,calvaire-158252,8 bis
calvaire-circuit74,calvaire-4244,9
calvaire-circuit74,calvaire-270267,9 bis
calvaire-circuit74,calvaire-43491,9 ter
calvaire-circuit74,calvaire-4245,10
calvaire-circuit74,calvaire-265572,10 bis
calvaire-circuit74,calvaire-4246,11
calvaire-circuit74,calvaire-139634,11 bis
calvaire-circuit74,calvaire-4247,12
calvaire-circuit74,calvaire-118038,12 bis
calvaire-circuit74,calvaire-4249,13
calvaire-circuit74,calvaire-4248,13 bis
calvaire-circuit74,calvaire-252492,13 ter
calvaire-circuit74,calvaire-4250,14
calvaire-circuit74,calvaire-4251,15
calvaire-circuit74,calvaire-4252,16
calvaire-circuit74,calvaire-4253,17
calvaire-circuit74,calvaire-4254,18
calvaire-circuit74,calvaire-4255,19
calvaire-circuit74,calvaire-4256,20
calvaire-circuit74,calvaire-4257,21
calvaire-circuit74,calvaire-4258,22
calvaire-circuit74,calvaire-4259,23
calvaire-circuit74,calvaire-4260,24
calvaire-circuit74,calvaire-69287,25
calvaire-circuit74,calvaire-148644,25 bis
calvaire-circuit74,calvaire-4261,26
calvaire-circuit74,calvaire-4262,27
calvaire-circuit74,calvaire-4263,28
calvaire-circuit74,calvaire-4265,29
calvaire-circuit74,calvaire-4264,29 bis
calvaire-circuit74,calvaire-4266,30
calvaire-circuit74,calvaire-4267,31
calvaire-circuit74,calvaire-203648,31 bis
calvaire-circuit74,calvaire-4268,32
calvaire-circuit74,calvaire-173762,33
calvaire-circuit74,calvaire-4269,33 bis
calvaire-circuit335,calvaire-91199,1
calvaire-circuit335,calvaire-249313,2
calvaire-circuit335,calvaire-201889,3
calvaire-circuit335,calvaire-281285,4
calvaire-circuit335,calvaire-106730,5
calvaire-circuit335,calvaire-148911,6
calvaire-circuit335,calvaire-119551,7
calvaire-circuit335,calvaire-37668,8
calvaire-circuit335,calvaire-70683,9
calvaire-circuit335,calvaire-100152,10
calvaire-circuit335,calvaire-170597,11
calvaire-circuit335,calvaire-108898,12
calvaire-circuit335,calvaire-254924,13
calvaire-circuit335,calvaire-242603,14
calvaire-circuit335,calvaire-13675,14 bis
calvaire-circuit335,calvaire-157920,15
calvaire-circuit335,calvaire-304791,15 bis
calvaire-circuit335,calvaire-152298,16
calvaire-circuit335,calvaire-219703,17
calvaire-circuit335,calvaire-121488,18
calvaire-circuit335,calvaire-179161,18 bis
calvaire-circuit335,calvaire-34679,19
calvaire-circuit335,calvaire-211125,20
calvaire-circuit335,calvaire-66098,21
calvaire-circuit335,calvaire-112316,21 bis
calvaire-circuit335,calvaire-222994,21 ter
calvaire-circuit335,calvaire-294675,22
calvaire-circuit335,calvaire-106276,23
calvaire-circuit335,calvaire-248531,24
calvaire-circuit335,calvaire-265933,25
calvaire-circuit335,calvaire-161072,26
calvaire-circuit335,calvaire-69989,27
calvaire-circuit335,calvaire-248380,28
calvaire-circuit335,calvaire-231501,29
calvaire-circuit335,calvaire-213114,30
calvaire-circuit335,calvaire-41606,30 bis
cassis-circuit95,cassis-4510,1
cassis-circuit95,cassis-4511,1 bis
cassis-circuit95,cassis-4512,2
cassis-circuit95,cassis-4513,3
cassis-circuit95,cassis-4514,4
cassis-circuit95,cassis-4515,5
cassis-circuit95,cassis-4516,6
cassis-circuit95,cassis-4517,6 bis
cassis-circuit95,cassis-4518,7
cassis-circuit95,cassis-4519,8
cassis-circuit95,cassis-4520,9
cassis-circuit95,cassis-4521,10
cassis-circuit95,cassis-20497,10 bis
cassis-circuit95,cassis-4522,11
cassis-circuit95,cassis-4523,12
cassis-circuit95,cassis-4524,13
cassis-circuit95,cassis-4525,14
cassis-circuit95,cassis-4527,15
cassis-circuit95,cassis-4528,15 bis
cassis-circuit95,cassis-4529,16
cassis-circuit95,cassis-4530,17
cassis-circuit95,cassis-4531,18
cassis-circuit95,cassis-4532,19
cassis-circuit95,cassis-4533,20
cassis-circuit95,cassis-4535,21
cassis-circuit95,cassis-4536,22
cassis-circuit95,cassis-4537,22 bis
cassis-circuit95,cassis-4538,23
cassis-circuit95,cassis-4539,24
cassis-circuit95,cassis-4540,25
cassis-circuit95,cassis-4542,26
cassis-circuit95,cassis-4543,27
cassis-circuit95,cassis-4544,28
cassis-circuit95,cassis-4545,28 bis
cassis-circuit95,cassis-4546,29
cassis-circuit95,cassis-4547,30
cassis-circuit95,cassis-4548,31
cassis-circuit95,cassis-4549,32
cassis-circuit95,cassis-4550,32 bis
cassis-circuit95,cassis-4551,33
cassis-circuit95,cassis-4552,34
cassis-circuit95,cassis-4553,35
cassis-circuit95,cassis-4554,36
cassis-circuit95,cassis-36271,36 bis
cassis-circuit95,cassis-4555,37
cassis-circuit95,cassis-4556,38
cassis-circuit95,cassis-4557,38 bis
cassis-circuit95,cassis-4558,39
cassis-circuit95,cassis-4559,40
cassis-circuit371,cassis-309992,1
cassis-circuit371,cassis-309991,2
cassis-circuit371,cassis-309993,3
cassis-circuit371,cassis-309994,4
cassis-circuit371,cassis-309990,5
cassis-circuit371,cassis-309960,6
cassis-circuit371,cassis-309977,7
cassis-circuit371,cassis-310041,7 bis
cassis-circuit371,cassis-309959,8
cassis-circuit371,cassis-309995,9
cassis-circuit371,cassis-309982,10
cassis-circuit371,cassis-309988,11
cassis-circuit371,cassis-309987,12
cassis-circuit371,cassis-309986,13
cassis-circuit371,cassis-309985,14
cassis-circuit371,cassis-309996,15
cassis-circuit371,cassis-309984,16
cassis-circuit371,cassis-4526,17
cassis-circuit371,cassis-309981,18
cassis-circuit371,cassis-309980,19
cassis-circuit371,cassis-309961,20
cassis-circuit371,cassis-4534,21
cassis-circuit371,cassis-309979,22
cassis-circuit371,cassis-309978,23
cassis-circuit371,cassis-309976,24
cassis-circuit371,cassis-309975,25
cassis-circuit371,cassis-309949,26
cassis-circuit371,cassis-309997,27
cassis-circuit371,cassis-4541,28
cassis-circuit371,cassis-309998,29
cassis-circuit371,cassis-309999,29 bis
cassis-circuit371,cassis-309951,30
cassis-circuit371,cassis-309952,30 bis
cassis-circuit371,cassis-309957,31
cassis-circuit371,cassis-309954,32
cassis-circuit371,cassis-309956,33
cassis-circuit371,cassis-309953,33 bis
cassis-circuit371,cassis-310000,33 ter
cassis-circuit371,cassis-309962,34
cassis-circuit371,cassis-309974,35
cassis-circuit371,cassis-309973,36
cassis-circuit371,cassis-310002,37
cassis-circuit371,cassis-4509,38
cassis-circuit371,cassis-309967,39
cassis-circuit371,cassis-309966,40
cassis-circuit371,cassis-309963,41
cassis-circuit371,cassis-309964,42
cassis-circuit371,cassis-309965,43
cassis-circuit371,cassis-310001,44
cassis-circuit371,cassis-310003,45
cassis-circuit371,cassis-310004,46
cassis-circuit371,cassis-310005,47
cassis-circuit371,cassis-310006,48
cassis-circuit371,cassis-309958,49
sablons-circuit375,sablons-310185,1
sablons-circuit375,sablons-310186,2
sablons-circuit375,sablons-310187,3
sablons-circuit375,sablons-310188,4
sablons-circuit375,sablons-310189,5
sablons-circuit375,sablons-310190,6
sablons-circuit375,sablons-310191,7
sablons-circuit375,sablons-310192,8
sablons-circuit375,sablons-310193,9
sablons-circuit375,sablons-310194,10
sablons-circuit375,sablons-310195,11
sablons-circuit375,sablons-310196,12
sablons-circuit375,sablons-310197,13
sablons-circuit375,sablons-310198,13 bis
sablons-circuit375,sablons-310199,14
sablons-circuit375,sablons-310200,15
sablons-circuit375,sablons-310201,16
sablons-circuit375,sablons-310202,16 bis
sablons-circuit375,sablons-310203,17
sablons-circuit375,sablons-310204,18
sablons-circuit375,sablons-310205,19
sablons-circuit375,sablons-310206,20
sablons-circuit375,sablons-310207,21
sablons-circuit375,sablons-310208,22
sablons-circuit375,sablons-311031,22 bis
sablons-circuit375,sablons-310209,23
sablons-circuit375,sablons-310210,24
sablons-circuit375,sablons-310211,25
sablons-circuit375,sablons-310212,25 bis
sablons-circuit375,sablons-310213,26
sablons-circuit375,sablons-310214,27
sablons-circuit375,sablons-310215,28
sablons-circuit375,sablons-310216,29
sablons-circuit375,sablons-310217,30
sablons-circuit375,sablons-310218,31
sablons-circuit375,sablons-310219,32
sablons-circuit375,sablons-310220,33
sablons-circuit375,sablons-310221,34
sablons-circuit375,sablons-310222,35
sablons-circuit375,sablons-310225,36
sablons-circuit375,sablons-310226,37
sablons-circuit375,sablons-310227,38
sablons-circuit375,sablons-310228,38 bis
sablons-circuit375,sablons-311030,39
sablons-circuit375,sablons-310223,40
sablons-circuit375,sablons-310224,41
sablons-circuit375,sablons-310230,42
sablons-circuit360,sablons-3093,1
sablons-circuit360,sablons-308466,2
sablons-circuit360,sablons-308467,2 bis
sablons-circuit360,sablons-308465,3
sablons-circuit360,sablons-308464,4
sablons-circuit360,sablons-308463,5
sablons-circuit360,sablons-308462,6
sablons-circuit360,sablons-308461,7
sablons-circuit360,sablons-308460,8
sablons-circuit360,sablons-308459,9
sablons-circuit360,sablons-308457,10
sablons-circuit360,sablons-308456,11
sablons-circuit360,sablons-308455,12
sablons-circuit360,sablons-308454,13
sablons-circuit360,sablons-308453,14
sablons-circuit360,sablons-308452,15
sablons-circuit360,sablons-308458,16
sablons-circuit360,sablons-308451,16 bis
sablons-circuit360,sablons-308449,17
sablons-circuit360,sablons-308450,17 bis
sablons-circuit360,sablons-308448,18
sablons-circuit360,sablons-308435,19
sablons-circuit360,sablons-308447,19 bis
sablons-circuit360,sablons-308446,20
sablons-circuit360,sablons-308445,21
sablons-circuit360,sablons-308444,22
sablons-circuit360,sablons-3112,23
sablons-circuit360,sablons-309544,24
sablons-circuit360,sablons-308443,25
sablons-circuit360,sablons-308442,26
sablons-circuit360,sablons-308441,27
sablons-circuit360,sablons-308440,28
sablons-circuit360,sablons-308439,29
sablons-circuit360,sablons-308438,30
sablons-circuit360,sablons-308437,30 bis
sablons-circuit360,sablons-308436,31
sablons-circuit360,sablons-308434,32
sablons-circuit44,sablons-3094,1
sablons-circuit44,sablons-308433,2
sablons-circuit44,sablons-3095,3
sablons-circuit44,sablons-3096,3 bis
sablons-circuit44,sablons-3097,4
sablons-circuit44,sablons-3098,4 bis
sablons-circuit44,sablons-3099,5
sablons-circuit44,sablons-3100,6
sablons-circuit44,sablons-3101,7
sablons-circuit44,sablons-3102,8
sablons-circuit44,sablons-3103,9
sablons-circuit44,sablons-3104,10
sablons-circuit44,sablons-3105,10 bis
sablons-circuit44,sablons-3106,11
sablons-circuit44,sablons-3107,11 bis
sablons-circuit44,sablons-3108,12
sablons-circuit44,sablons-3109,12 bis
sablons-circuit44,sablons-3110,13
sablons-circuit44,sablons-3111,14
sablons-circuit44,sablons-308432,15
sablons-circuit44,sablons-3113,16
sablons-circuit44,sablons-3114,17
sablons-circuit44,sablons-3115,18
sablons-circuit44,sablons-3116,19
sablons-circuit44,sablons-3117,20
sablons-circuit44,sablons-3118,21
sablons-circuit44,sablons-3119,22
sablons-circuit44,sablons-3121,23
sablons-circuit44,sablons-3124,24
sablons-circuit44,sablons-3127,25
sablons-circuit44,sablons-3132,26
sablons-circuit44,sablons-3128,27
sablons-circuit44,sablons-3129,27 bis
sablons-circuit44,sablons-3136,28
sablons-circuit44,sablons-140642,29
sablons-circuit44,sablons-3135,29 bis
sablons-circuit44,sablons-3130,30
sablons-circuit44,sablons-3138,31
sablons-circuit44,sablons-3140,32
sablons-circuit44,sablons-3146,33
sablons-circuit44,sablons-3142,33 bis
sablons-circuit44,sablons-3143,34
sablons-circuit44,sablons-3141,35
sablons-circuit44,sablons-3147,36
sablons-circuit45,sablons-3148,1
sablons-circuit45,sablons-3149,2
sablons-circuit45,sablons-3150,3
sablons-circuit45,sablons-3151,4
sablons-circuit45,sablons-3152,5
sablons-circuit45,sablons-3153,6
sablons-circuit45,sablons-3154,7
sablons-circuit45,sablons-3155,8
sablons-circuit45,sablons-3156,9
sablons-circuit45,sablons-3157,10
sablons-circuit45,sablons-3158,11
sablons-circuit45,sablons-3159,12
sablons-circuit45,sablons-3161,13
sablons-circuit45,sablons-3160,14
sablons-circuit45,sablons-3162,15
sablons-circuit45,sablons-3163,15 bis
sablons-circuit45,sablons-3164,16
sablons-circuit45,sablons-3165,17
sablons-circuit45,sablons-3166,18
sablons-circuit45,sablons-3167,19
sablons-circuit45,sablons-3168,20
sablons-circuit45,sablons-11640,21
sablons-circuit45,sablons-776,22
sablons-circuit45,sablons-777,23
sablons-circuit45,sablons-778,24
sablons-circuit45,sablons-828,25
general-circuit257,general-164749,D
general-circuit257,general-30095,1
general-circuit257,general-14581,2
general-circuit257,general-136278,3
general-circuit257,general-67000,3 bis
general-circuit257,general-14580,4
general-circuit257,general-90022,5
general-circuit257,general-44732,6
general-circuit257,general-58933,7
general-circuit257,general-299075,8
general-circuit257,general-14561,9
general-circuit257,general-14562,10
general-circuit257,general-299037,11
general-circuit257,general-152107,12
general-circuit257,general-14563,13
general-circuit257,general-196501,36
general-circuit257,general-153093,15
general-circuit257,general-265427,16
general-circuit257,general-266943,17
general-circuit257,general-260374,17 bis
general-circuit257,general-287162,18
general-circuit257,general-14564,19
general-circuit257,general-14565,20
general-circuit257,general-40014,21
general-circuit257,general-239676,21 bis
general-circuit257,general-14568,22
general-circuit257,general-231752,23
general-circuit257,general-14566,24
general-circuit257,general-14567,24 bis
general-circuit257,general-14569,25
general-circuit257,general-14570,26
general-circuit257,general-14571,27
general-circuit257,general-14572,28
general-circuit257,general-180811,29
general-circuit257,general-14573,30
general-circuit257,general-174458,30 bis
general-circuit257,general-42568,30 ter
general-circuit257,general-283637,30 quat
general-circuit257,general-92383,31
general-circuit257,general-169158,32
general-circuit257,general-205947,33
general-circuit257,general-50753,33 bis
general-circuit257,general-14574,34
general-circuit257,general-14575,35
general-circuit257,general-14576,35 bis
general-circuit257,general-14577,37
general-circuit257,general-14578,38
general-circuit257,general-14579,39
general-circuit257,general-291697,40
general-circuit188,general-189958,D
general-circuit188,general-10094,1
general-circuit188,general-10095,2
general-circuit188,general-10096,3
general-circuit188,general-10097,3 bis
general-circuit188,general-21270,3 ter
general-circuit188,general-10098,4
general-circuit188,general-138720,4 bis
general-circuit188,general-10099,5
general-circuit188,general-10100,6
general-circuit188,general-281277,7
general-circuit188,general-10102,7 bis
general-circuit188,general-10103,8
general-circuit188,general-10104,9
general-circuit188,general-17096,9 bis
general-circuit188,general-10105,10
general-circuit188,general-10106,10 bis
general-circuit188,general-10107,11
general-circuit188,general-10108,12
general-circuit188,general-10109,13
general-circuit188,general-10111,14
general-circuit188,general-10110,15
general-circuit188,general-10112,16
general-circuit188,general-10113,17
general-circuit188,general-10114,18
general-circuit188,general-10115,18 bis
general-circuit188,general-10116,19
general-circuit188,general-21275,19 bis
general-circuit188,general-10117,20
general-circuit188,general-10118,20 bis
general-circuit188,general-10119,21
general-circuit188,general-10120,21 bis
general-circuit188,general-10121,22
general-circuit188,general-10122,22 bis
general-circuit188,general-10123,23
general-circuit188,general-10124,24
general-circuit188,general-10125,25
general-circuit188,general-10126,26
general-circuit188,general-10127,27
general-circuit188,general-10128,28
general-circuit188,general-10129,29
general-circuit188,general-10130,30
general-circuit188,general-10131,30 bis
general-circuit188,general-10132,31
general-circuit188,general-21278,31 bis
general-circuit188,general-10133,32
general-circuit188,general-10134,33
general-circuit188,general-10135,34
general-circuit188,general-10136,35
general-circuit188,general-10137,36
general-circuit188,general-10138,37
general-circuit188,general-10139,38
general-circuit188,general-10140,39
general-circuit188,general-10141,40
general-circuit188,general-10142,41
belvedere-circuit293,belvedere-233762,D
belvedere-circuit293,belvedere-193107,1
belvedere-circuit293,belvedere-186480,2
belvedere-circuit293,belvedere-178685,3
belvedere-circuit293,belvedere-81208,4
belvedere-circuit293,belvedere-67218,5
belvedere-circuit293,belvedere-87659,6
belvedere-circuit293,belvedere-77934,7
belvedere-circuit293,belvedere-88125,8
belvedere-circuit293,belvedere-151306,9
belvedere-circuit293,belvedere-232060,10
belvedere-circuit293,belvedere-176041,11
belvedere-circuit293,belvedere-251894,12
belvedere-circuit293,belvedere-250114,13
belvedere-circuit293,belvedere-183777,14
belvedere-circuit293,belvedere-125861,15
belvedere-circuit293,belvedere-137501,16
belvedere-circuit293,belvedere-50987,17
belvedere-circuit293,belvedere-53722,18
belvedere-circuit293,belvedere-184678,19
belvedere-circuit293,belvedere-183894,20
belvedere-circuit293,belvedere-30266,21
belvedere-circuit293,belvedere-100287,22
belvedere-circuit293,belvedere-30347,23
belvedere-circuit293,belvedere-195705,24
belvedere-circuit293,belvedere-190921,25
belvedere-circuit294,belvedere-172614,1
belvedere-circuit294,belvedere-48557,2
belvedere-circuit294,belvedere-211757,3
belvedere-circuit294,belvedere-245523,4
belvedere-circuit294,belvedere-44031,5
belvedere-circuit294,belvedere-110751,6
belvedere-circuit294,belvedere-156375,7
belvedere-circuit294,belvedere-192794,8
belvedere-circuit294,belvedere-114433,9
belvedere-circuit294,belvedere-166851,9 bis
belvedere-circuit294,belvedere-184869,10
belvedere-circuit294,belvedere-43086,11
belvedere-circuit294,belvedere-156895,12
belvedere-circuit294,belvedere-98890,12 bis
belvedere-circuit294,belvedere-122641,13
belvedere-circuit294,belvedere-93193,14
belvedere-circuit294,belvedere-259984,15
belvedere-circuit294,belvedere-247848,16
belvedere-circuit294,belvedere-89020,17
belvedere-circuit294,belvedere-31881,18
belvedere-circuit294,belvedere-291979,19
belvedere-circuit294,belvedere-78718,20
belvedere-circuit323,belvedere-236535,1
belvedere-circuit323,belvedere-174953,2
belvedere-circuit323,belvedere-230667,3
belvedere-circuit323,belvedere-34397,4
belvedere-circuit323,belvedere-35320,5
belvedere-circuit323,belvedere-296239,6
belvedere-circuit323,belvedere-63681,7
belvedere-circuit323,belvedere-172401,8
belvedere-circuit323,belvedere-167848,9
belvedere-circuit323,belvedere-127521,10
belvedere-circuit323,belvedere-299274,11
rond-circuit376,rond-311093,1
rond-circuit376,rond-311094,1 bis
rond-circuit376,rond-311095,2
rond-circuit376,rond-311096,3
rond-circuit376,rond-311097,4
rond-circuit376,rond-311098,5
rond-circuit376,rond-311099,6
rond-circuit376,rond-311100,6 bis
rond-circuit376,rond-311101,7
rond-circuit376,rond-311102,8
rond-circuit376,rond-311103,9
rond-circuit376,rond-311104,10
rond-circuit376,rond-311105,10 bis
rond-circuit376,rond-311106,11
rond-circuit376,rond-311107,11 bis
rond-circuit376,rond-311108,12
rond-circuit376,rond-311109,13
rond-circuit376,rond-311110,14
rond-circuit376,rond-311114,15
rond-circuit376,rond-311115,16
rond-circuit376,rond-311116,17
rond-circuit376,rond-311117,18
rond-circuit376,rond-311118,19
rond-circuit376,rond-311119,20
rond-circuit376,rond-311122,21
rond-circuit376,rond-311123,21 bis
rond-circuit376,rond-311124,22
rond-circuit376,rond-311129,23
rond-circuit376,rond-311130,23 bis
rond-circuit376,rond-311131,24
rond-circuit376,rond-311132,25
rond-circuit376,rond-311133,26
rond-circuit376,rond-311134,27
rond-circuit376,rond-311135,28
rond-circuit376,rond-311136,29
rond-circuit376,rond-311137,30
rond-circuit376,rond-311138,31
rond-circuit376,rond-311139,32
rond-circuit376,rond-311140,32 bis
rond-circuit376,rond-311141,33
rond-circuit376,rond-311142,34
rond-circuit376,rond-311143,35
rond-circuit376,rond-311144,36
rond-circuit376,rond-311145,37
rond-circuit376,rond-311146,38
rond-circuit376,rond-311147,38 bis
rond-circuit376,rond-311148,39
rond-circuit376,rond-311149,40
rond-circuit376,rond-311150,41
rond-circuit376,rond-311151,42
rond-circuit376,rond-311152,43
rond-circuit376,rond-311153,44
rond-circuit376,rond-311154,44 bis
rond-circuit376,rond-311155,45
rond-circuit376,rond-311156,45 bis
rond-circuit376,rond-311157,46
rond-circuit76,rond-300606,D
rond-circuit76,rond-3390,1
rond-circuit76,rond-3391,1 bis
rond-circuit76,rond-3392,1 ter
rond-circuit76,rond-3393,2
rond-circuit76,rond-3394,2 bis
rond-circuit76,rond-3395,3
rond-circuit76,rond-22,3 bis
rond-circuit76,rond-3396,4
rond-circuit76,rond-3397,5
rond-circuit76,rond-3398,5 bis
rond-circuit76,rond-3399,6
rond-circuit76,rond-3400,7
rond-circuit76,rond-3401,7 bis
rond-circuit76,rond-3402,8
rond-circuit76,rond-3403,9
rond-circuit76,rond-3404,10
rond-circuit76,rond-3405,11
rond-circuit76,rond-3406,12
rond-circuit76,rond-3407,13
rond-circuit76,rond-3408,14
rond-circuit76,rond-323,14 bis
rond-circuit76,rond-3409,15
rond-circuit76,rond-3410,16
rond-circuit76,rond-3411,17
rond-circuit76,rond-3412,18
rond-circuit76,rond-436,18 bis
rond-circuit76,rond-3413,19
rond-circuit76,rond-3414,20
rond-circuit76,rond-3415,21
rond-circuit76,rond-3416,22
rond-circuit76,rond-570,22 bis
rond-circuit76,rond-3417,23
rond-circuit76,rond-3418,24
rond-circuit76,rond-3419,25
rond-circuit76,rond-3420,26
rond-circuit76,rond-3421,27
rond-circuit76,rond-739,28
rond-circuit76,rond-722,28 bis
rond-circuit76,rond-3423,29
rond-circuit76,rond-3424,30
rond-circuit76,rond-3425,31
rond-circuit76,rond-3426,32
rond-circuit76,rond-3427,33
rond-circuit76,rond-3428,34
rond-circuit76,rond-3429,35
rond-circuit76,rond-3430,36
rond-circuit76,rond-3431,37
rond-circuit76,rond-311545,37 bis
rond-circuit75,rond-300607,D
rond-circuit75,rond-3433,1
rond-circuit75,rond-3434,2
rond-circuit75,rond-3435,3
rond-circuit75,rond-3436,4
rond-circuit75,rond-3437,5
rond-circuit75,rond-3438,6
rond-circuit75,rond-3439,7
rond-circuit75,rond-3440,8
rond-circuit75,rond-3441,9
rond-circuit75,rond-3442,10
rond-circuit75,rond-3443,11
rond-circuit75,rond-3444,12
rond-circuit75,rond-3445,13
rond-circuit75,rond-3446,14
rond-circuit75,rond-3447,15
rond-circuit75,rond-3448,16
rond-circuit75,rond-3449,17
rond-circuit75,rond-3450,18
rond-circuit75,rond-3451,19
rond-circuit75,rond-3452,19 bis
rond-circuit75,rond-3453,20
rond-circuit75,rond-3454,21
rond-circuit75,rond-3455,22
rond-circuit75,rond-3456,23
rond-circuit75,rond-3457,23 bis
rond-circuit75,rond-3458,24
rond-circuit75,rond-3459,25
rond-circuit75,rond-3460,26
rond-circuit75,rond-3461,27
rond-circuit75,rond-3462,28
rond-circuit75,rond-3463,29
rond-circuit75,rond-3464,30
rond-circuit75,rond-3465,31
rond-circuit75,rond-3466,32
rond-circuit75,rond-3467,33
rond-circuit77,rond-3468,1
rond-circuit77,rond-3469,2
rond-circuit77,rond-20121,3
rond-circuit77,rond-3470,4
rond-circuit77,rond-3471,5
rond-circuit77,rond-3472,5 bis
rond-circuit77,rond-308417,6
rond-circuit77,rond-3474,7
rond-circuit77,rond-3476,7 bis
rond-circuit77,rond-3477,8
rond-circuit77,rond-3478,9
rond-circuit77,rond-3479,10
rond-circuit77,rond-3480,11
rond-circuit77,rond-300845,11 bis
rond-circuit77,rond-3481,12
rond-circuit77,rond-3482,13
rond-circuit77,rond-3483,14
rond-circuit77,rond-3484,14 bis
rond-circuit77,rond-3485,15
rond-circuit77,rond-3486,15 bis
rond-circuit77,rond-3487,15 ter
rond-circuit77,rond-3488,16
rond-circuit77,rond-3489,17
rond-circuit77,rond-3490,18
rond-circuit77,rond-3491,18 bis
rond-circuit77,rond-3492,19
rond-circuit77,rond-3493,20
rond-circuit77,rond-3494,21
rond-circuit77,rond-114,21 bis
rond-circuit77,rond-3495,21 ter
rond-circuit77,rond-1796,22
rond-circuit77,rond-3496,22 bis
rond-circuit77,rond-3497,23
rond-circuit77,rond-3498,24
rond-circuit77,rond-113,24 bis
rond-circuit77,rond-3499,25
rond-circuit77,rond-3500,26
rond-circuit77,rond-3501,26 bis
rond-circuit77,rond-3502,27
rond-circuit77,rond-3503,28
rond-circuit77,rond-3504,29
rond-circuit77,rond-3505,29 bis
rond-circuit77,rond-3506,30
rond-circuit77,rond-3507,30 bis
rond-circuit77,rond-3508,31
rond-circuit77,rond-3509,32
rond-circuit77,rond-3510,33
rond-circuit77,rond-3512,34
rond-circuit77,rond-112,35
rond-circuit77,rond-11056,36
rond-circuit77,rond-3513,36 bis
rond-circuit77,rond-3514,37
rond-circuit77,rond-3516,38
rond-circuit77,rond-3515,38 bis
rond-circuit77,rond-3518,39
rond-circuit77,rond-3519,40
maunoury-circuit163,maunoury-18084,1
maunoury-circuit163,maunoury-18085,2
maunoury-circuit163,maunoury-18086,3
maunoury-circuit163,maunoury-18087,4
maunoury-circuit163,maunoury-18088,5
maunoury-circuit163,maunoury-18089,6
maunoury-circuit163,maunoury-18090,7
maunoury-circuit163,maunoury-18091,8
maunoury-circuit163,maunoury-18092,9
maunoury-circuit163,maunoury-18093,9 bis
maunoury-circuit163,maunoury-18094,10
maunoury-circuit163,maunoury-18095,11
maunoury-circuit163,maunoury-18096,12
maunoury-circuit163,maunoury-18097,13
maunoury-circuit163,maunoury-18098,14
maunoury-circuit163,maunoury-18099,14 bis
maunoury-circuit163,maunoury-18100,15
maunoury-circuit163,maunoury-18101,16
maunoury-circuit163,maunoury-18102,17
maunoury-circuit163,maunoury-18103,18
maunoury-circuit163,maunoury-18104,19
maunoury-circuit163,maunoury-18105,20
maunoury-circuit163,maunoury-18106,21
maunoury-circuit163,maunoury-18107,22
maunoury-circuit163,maunoury-18108,23
maunoury-circuit163,maunoury-18109,23 bis
maunoury-circuit163,maunoury-18110,24
maunoury-circuit163,maunoury-18111,25
maunoury-circuit163,maunoury-18112,26
maunoury-circuit163,maunoury-18113,26 bis
maunoury-circuit163,maunoury-18114,27
maunoury-circuit163,maunoury-18115,28
maunoury-circuit163,maunoury-18116,29
maunoury-circuit163,maunoury-18117,30
maunoury-circuit163,maunoury-18118,31
maunoury-circuit163,maunoury-18119,32
maunoury-circuit163,maunoury-18120,33
maunoury-circuit163,maunoury-18121,34
maunoury-circuit163,maunoury-18122,35
maunoury-circuit163,maunoury-18123,35 bis
maunoury-circuit163,maunoury-18124,36
maunoury-circuit163,maunoury-18125,37
maunoury-circuit163,maunoury-18126,38
maunoury-circuit163,maunoury-18127,39
maunoury-circuit163,maunoury-18128,40
maunoury-circuit163,maunoury-18129,41
maunoury-circuit163,maunoury-18130,42
maunoury-circuit163,maunoury-18131,43
maunoury-circuit163,maunoury-18132,44
maunoury-circuit163,maunoury-18133,45
maunoury-circuit163,maunoury-18134,46
maunoury-circuit163,maunoury-18135,47
maunoury-circuit163,maunoury-18136,47 bis
maunoury-circuit163,maunoury-18137,48
maunoury-circuit163,maunoury-18138,49
maunoury-circuit163,maunoury-18139,50
maunoury-circuit163,maunoury-18140,51
maunoury-circuit163,maunoury-18141,52
maunoury-circuit163,maunoury-18142,53
maunoury-circuit163,maunoury-18143,54
maunoury-circuit162,maunoury-7549,1
maunoury-circuit162,maunoury-7550,2
maunoury-circuit162,maunoury-7551,3
maunoury-circuit162,maunoury-7552,4
maunoury-circuit162,maunoury-7553,5
maunoury-circuit162,maunoury-7554,6
maunoury-circuit162,maunoury-7555,7
maunoury-circuit162,maunoury-7556,8
maunoury-circuit162,maunoury-7557,9
maunoury-circuit162,maunoury-7558,10
maunoury-circuit162,maunoury-7559,11
maunoury-circuit162,maunoury-7560,11 bis
maunoury-circuit162,maunoury-7561,12
maunoury-circuit162,maunoury-7562,13
maunoury-circuit162,maunoury-7563,14
maunoury-circuit162,maunoury-7564,15
maunoury-circuit162,maunoury-7565,16
maunoury-circuit162,maunoury-7566,17
maunoury-circuit162,maunoury-7567,18
maunoury-circuit162,maunoury-7568,19
maunoury-circuit162,maunoury-7569,20
maunoury-circuit162,maunoury-7570,21
maunoury-circuit162,maunoury-7571,21 bis
maunoury-circuit162,maunoury-7572,22
maunoury-circuit162,maunoury-7573,23
maunoury-circuit162,maunoury-7574,24
maunoury-circuit162,maunoury-7575,25
maunoury-circuit162,maunoury-7576,26
maunoury-circuit162,maunoury-7577,27
maunoury-circuit162,maunoury-7578,28
maunoury-circuit162,maunoury-7579,29
maunoury-circuit162,maunoury-7580,29 bis
maunoury-circuit162,maunoury-7581,30
maunoury-circuit162,maunoury-7582,31
maunoury-circuit162,maunoury-7583,32
maunoury-circuit162,maunoury-7584,33
maunoury-circuit162,maunoury-7585,34
maunoury-circuit162,maunoury-7586,35
maunoury-circuit162,maunoury-7587,36
maunoury-circuit162,maunoury-7588,37
maunoury-circuit162,maunoury-7589,38
maunoury-circuit162,maunoury-7590,39
maunoury-circuit162,maunoury-7591,40
maunoury-circuit162,maunoury-7592,41
maunoury-circuit162,maunoury-7593,42
maunoury-circuit162,maunoury-7594,43
maunoury-circuit162,maunoury-7595,44
maunoury-circuit162,maunoury-7596,45
maunoury-circuit162,maunoury-7597,46
maunoury-circuit162,maunoury-7598,47
maunoury-circuit162,maunoury-7599,48
maunoury-circuit162,maunoury-7600,49
maunoury-circuit162,maunoury-7601,50
maunoury-circuit162,maunoury-7602,51
maunoury-circuit162,maunoury-7603,52
maunoury-circuit162,maunoury-7604,53
maunoury-circuit162,maunoury-7605,54
maunoury-circuit162,maunoury-7606,55
maunoury-circuit162,maunoury-7607,56
maunoury-circuit162,maunoury-7608,57
maunoury-circuit162,maunoury-7609,58
maunoury-circuit162,maunoury-7610,59
maunoury-circuit162,maunoury-7611,60
maunoury-circuit162,maunoury-7612,61
maunoury-circuit162,maunoury-7613,62
maunoury-circuit162,maunoury-7614,63
maunoury-circuit162,maunoury-7615,64
maunoury-circuit162,maunoury-7616,65
maunoury-circuit162,maunoury-7617,66
maunoury-circuit162,maunoury-7618,67
maunoury-circuit162,maunoury-7619,68
maunoury-circuit162,maunoury-7620,69
maunoury-circuit162,maunoury-7621,70
maunoury-circuit162,maunoury-7622,71
maunoury-circuit164,maunoury-10040,1
maunoury-circuit164,maunoury-11641,2
maunoury-circuit164,maunoury-10039,3
maunoury-circuit164,maunoury-10038,4
maunoury-circuit164,maunoury-11642,5
maunoury-circuit164,maunoury-10036,6
maunoury-circuit164,maunoury-10035,7
maunoury-circuit164,maunoury-10034,8
maunoury-circuit164,maunoury-10042,9
maunoury-circuit164,maunoury-11643,10
maunoury-circuit164,maunoury-10046,11
maunoury-circuit164,maunoury-11644,12
maunoury-circuit164,maunoury-10053,13
maunoury-circuit164,maunoury-10051,14
maunoury-circuit164,maunoury-11645,15
maunoury-circuit164,maunoury-10052,16
maunoury-circuit164,maunoury-10049,17
maunoury-circuit164,maunoury-11646,18
maunoury-circuit164,maunoury-10048,19
maunoury-circuit164,maunoury-10045,20
maunoury-circuit164,maunoury-314333,21
maunoury-circuit164,maunoury-10057,22
maunoury-circuit164,maunoury-10058,23
maunoury-circuit164,maunoury-10056,24
maunoury-circuit164,maunoury-10059,25
maunoury-circuit164,maunoury-10061,26
maunoury-circuit164,maunoury-11648,27
maunoury-circuit164,maunoury-10060,28
maunoury-circuit164,maunoury-11649,29
maunoury-circuit164,maunoury-11650,30
maunoury-circuit164,maunoury-10063,31
maunoury-circuit164,maunoury-11534,32
maunoury-circuit164,maunoury-11533,33
maunoury-circuit164,maunoury-11651,34
maunoury-circuit164,maunoury-11652,35
maunoury-circuit164,maunoury-11653,36
telegraphe2-circuit266,telegraphe2-290235,1
telegraphe2-circuit266,telegraphe2-197351,2
telegraphe2-circuit266,telegraphe2-96968,2 bis
telegraphe2-circuit266,telegraphe2-146482,3
telegraphe2-circuit266,telegraphe2-65646,4
telegraphe2-circuit266,telegraphe2-55308,4 bis
telegraphe2-circuit266,telegraphe2-65412,5
telegraphe2-circuit266,telegraphe2-279535,5 bis
telegraphe2-circuit266,telegraphe2-230509,6
telegraphe2-circuit266,telegraphe2-112724,7
telegraphe2-circuit266,telegraphe2-115666,8
telegraphe2-circuit266,telegraphe2-78610,9
telegraphe2-circuit266,telegraphe2-130351,10
telegraphe2-circuit266,telegraphe2-136651,11
telegraphe2-circuit266,telegraphe2-170533,12
telegraphe2-circuit266,telegraphe2-160270,13
telegraphe2-circuit266,telegraphe2-104726,14
telegraphe2-circuit266,telegraphe2-107531,15
telegraphe2-circuit266,telegraphe2-124040,16
telegraphe2-circuit266,telegraphe2-276751,17
telegraphe2-circuit266,telegraphe2-252407,18
telegraphe2-circuit266,telegraphe2-202660,19
telegraphe2-circuit266,telegraphe2-61161,20
telegraphe2-circuit266,telegraphe2-224852,21
telegraphe2-circuit266,telegraphe2-35569,22
telegraphe2-circuit266,telegraphe2-79456,23
telegraphe2-circuit266,telegraphe2-96104,24
telegraphe2-circuit266,telegraphe2-62227,24 bis
telegraphe2-circuit266,telegraphe2-59857,25
telegraphe2-circuit266,telegraphe2-271066,26
telegraphe2-circuit266,telegraphe2-265981,27
telegraphe2-circuit266,telegraphe2-223256,28
telegraphe2-circuit266,telegraphe2-161362,28 bis
telegraphe2-circuit266,telegraphe2-162136,29
telegraphe2-circuit266,telegraphe2-215943,30
telegraphe2-circuit333,telegraphe2-310509,1
telegraphe2-circuit333,telegraphe2-310510,2
telegraphe2-circuit333,telegraphe2-310511,3
telegraphe2-circuit333,telegraphe2-310512,4
telegraphe2-circuit333,telegraphe2-310513,5
telegraphe2-circuit333,telegraphe2-310514,6
telegraphe2-circuit333,telegraphe2-310515,7
telegraphe2-circuit333,telegraphe2-310516,8
telegraphe2-circuit333,telegraphe2-310517,9
telegraphe2-circuit333,telegraphe2-310518,10
telegraphe2-circuit333,telegraphe2-310519,11
telegraphe2-circuit333,telegraphe2-310520,12
telegraphe2-circuit333,telegraphe2-310521,13
telegraphe2-circuit333,telegraphe2-310522,14
telegraphe2-circuit333,telegraphe2-310523,15
telegraphe2-circuit333,telegraphe2-310524,16
telegraphe2-circuit333,telegraphe2-310525,17
telegraphe2-circuit333,telegraphe2-310526,18
telegraphe2-circuit333,telegraphe2-310527,19
telegraphe2-circuit333,telegraphe2-310528,20
telegraphe2-circuit333,telegraphe2-310529,21
telegraphe2-circuit333,telegraphe2-310530,22
telegraphe2-circuit333,telegraphe2-310531,23
telegraphe2-circuit333,telegraphe2-310532,24
telegraphe2-circuit333,telegraphe2-310533,25
telegraphe2-circuit333,telegraphe2-310534,26
telegraphe2-circuit333,telegraphe2-310535,27
telegraphe2-circuit333,telegraphe2-310538,28
telegraphe2-circuit333,telegraphe2-310537,29
telegraphe2-circuit333,telegraphe2-310539,30
telegraphe2-circuit333,telegraphe2-310542,31
telegraphe2-circuit333,telegraphe2-310544,32
telegraphe2-circuit333,telegraphe2-310545,33
telegraphe2-circuit333,telegraphe2-310546,34
telegraphe2-circuit333,telegraphe2-310551,35
telegraphe2-circuit333,telegraphe2-310550,36
telegraphe2-circuit333,telegraphe2-310547,37
telegraphe2-circuit333,telegraphe2-310561,38
telegraphe2-circuit333,telegraphe2-310562,39
telegraphe2-circuit333,telegraphe2-310563,40
telegraphe2-circuit333,telegraphe2-310564,41
telegraphe2-circuit333,telegraphe2-310552,42
telegraphe2-circuit333,telegraphe2-310553,43
telegraphe2-circuit333,telegraphe2-310554,44
telegraphe2-circuit333,telegraphe2-310555,45
telegraphe2-circuit333,telegraphe2-310556,46
telegraphe2-circuit333,telegraphe2-310557,47
telegraphe2-circuit333,telegraphe2-310558,48
telegraphe2-circuit333,telegraphe2-310559,49
telegraphe2-circuit333,telegraphe2-310560,50
telegraphe2-circuit329,telegraphe2-57678,1
telegraphe2-circuit329,telegraphe2-141236,2
telegraphe2-circuit329,telegraphe2-40996,3
telegraphe2-circuit329,telegraphe2-203964,4
telegraphe2-circuit329,telegraphe2-45796,5
telegraphe2-circuit329,telegraphe2-174388,6
telegraphe2-circuit329,telegraphe2-192026,7
telegraphe2-circuit329,telegraphe2-91976,8
telegraphe2-circuit329,telegraphe2-112705,9
telegraphe2-circuit329,telegraphe2-283095,10
telegraphe2-circuit329,telegraphe2-157988,11
telegraphe2-circuit329,telegraphe2-113133,12
telegraphe2-circuit329,telegraphe2-131658,12 bis
telegraphe2-circuit329,telegraphe2-160361,13
telegraphe2-circuit329,telegraphe2-168956,13 bis
telegraphe2-circuit329,telegraphe2-239003,13 ter
telegraphe2-circuit329,telegraphe2-179983,14
telegraphe2-circuit329,telegraphe2-251848,15
telegraphe2-circuit329,telegraphe2-162566,16
telegraphe2-circuit329,telegraphe2-149510,16 bis
telegraphe2-circuit329,telegraphe2-213743,17
telegraphe2-circuit329,telegraphe2-44227,18
telegraphe2-circuit329,telegraphe2-148163,19
telegraphe2-circuit329,telegraphe2-128240,20
telegraphe2-circuit329,telegraphe2-277707,21
telegraphe2-circuit329,telegraphe2-94373,22
telegraphe2-circuit329,telegraphe2-94152,22 bis
telegraphe2-circuit329,telegraphe2-266729,23
telegraphe2-circuit329,telegraphe2-109041,24
telegraphe2-circuit329,telegraphe2-276116,24 bis
telegraphe2-circuit329,telegraphe2-70108,25
telegraphe2-circuit328,telegraphe2-247536,1
telegraphe2-circuit328,telegraphe2-306402,1 bis
telegraphe2-circuit328,telegraphe2-232071,2
telegraphe2-circuit328,telegraphe2-290239,3
telegraphe2-circuit328,telegraphe2-220301,3 bis
telegraphe2-circuit328,telegraphe2-138390,4
telegraphe2-circuit328,telegraphe2-288798,5
telegraphe2-circuit328,telegraphe2-173361,6
telegraphe2-circuit328,telegraphe2-148547,7
telegraphe2-circuit328,telegraphe2-275702,8
telegraphe2-circuit328,telegraphe2-266227,9
telegraphe2-circuit328,telegraphe2-83922,10
telegraphe2-circuit328,telegraphe2-206015,10 bis
telegraphe2-circuit328,telegraphe2-100134,10 ter
telegraphe2-circuit328,telegraphe2-147673,11
telegraphe2-circuit328,telegraphe2-98334,12
telegraphe2-circuit328,telegraphe2-56483,12 bis
telegraphe2-circuit328,telegraphe2-282916,13
telegraphe2-circuit328,telegraphe2-54764,14
telegraphe2-circuit328,telegraphe2-297715,15
telegraphe2-circuit328,telegraphe2-32539,16
telegraphe2-circuit328,telegraphe2-65846,17
telegraphe2-circuit328,telegraphe2-67424,17 bis
telegraphe2-circuit328,telegraphe2-293212,18
telegraphe2-circuit328,telegraphe2-231023,18 bis
telegraphe2-circuit328,telegraphe2-76722,19
telegraphe2-circuit328,telegraphe2-241550,20
telegraphe2-circuit260,telegraphe2-13149,1
telegraphe2-circuit260,telegraphe2-13150,2
telegraphe2-circuit260,telegraphe2-13151,3
telegraphe2-circuit260,telegraphe2-13152,4
telegraphe2-circuit260,telegraphe2-13153,5
telegraphe2-circuit260,telegraphe2-13154,6
telegraphe2-circuit260,telegraphe2-13155,7
telegraphe2-circuit260,telegraphe2-13156,8
telegraphe2-circuit260,telegraphe2-13157,9
telegraphe2-circuit260,telegraphe2-13158,10
telegraphe2-circuit260,telegraphe2-13159,11
telegraphe2-circuit260,telegraphe2-13160,12
telegraphe2-circuit260,telegraphe2-13161,13
telegraphe2-circuit260,telegraphe2-13162,14
telegraphe2-circuit260,telegraphe2-13163,15
telegraphe2-circuit260,telegraphe2-13164,16
telegraphe2-circuit260,telegraphe2-13165,17
telegraphe2-circuit260,telegraphe2-13166,18
telegraphe2-circuit260,telegraphe2-13167,19
telegraphe2-circuit260,telegraphe2-13168,20
telegraphe2-circuit260,telegraphe2-13169,21
telegraphe2-circuit260,telegraphe2-13170,22
telegraphe2-circuit260,telegraphe2-13171,23
telegraphe2-circuit260,telegraphe2-13172,24
telegraphe2-circuit260,telegraphe2-13173,25
telegraphe2-circuit260,telegraphe2-13174,26
telegraphe2-circuit260,telegraphe2-13175,27
telegraphe2-circuit260,telegraphe2-13176,28
telegraphe2-circuit260,telegraphe2-13177,29
telegraphe2-circuit260,telegraphe2-13178,30
telegraphe2-circuit260,telegraphe2-13179,31
telegraphe2-circuit260,telegraphe2-13180,32
telegraphe2-circuit260,telegraphe2-13181,33
telegraphe2-circuit260,telegraphe2-13182,34
beauvais-circuit138,beauvais-260721,1
beauvais-circuit138,beauvais-289461,2
beauvais-circuit138,beauvais-45167,3
beauvais-circuit138,beauvais-163851,4
beauvais-circuit138,beauvais-49666,5
beauvais-circuit138,beauvais-156769,6
beauvais-circuit138,beauvais-291771,7
beauvais-circuit138,beauvais-31932,8
beauvais-circuit138,beauvais-272240,9
beauvais-circuit138,beauvais-267521,10
beauvais-circuit138,beauvais-258845,11
beauvais-circuit138,beauvais-47651,12
beauvais-circuit138,beauvais-294509,13
beauvais-circuit138,beauvais-262619,14
beauvais-circuit138,beauvais-162367,15
beauvais-circuit138,beauvais-242456,16
beauvais-circuit138,beauvais-297308,17
beauvais-circuit138,beauvais-220794,18
beauvais-circuit138,beauvais-188459,19
beauvais-circuit138,beauvais-188813,20
beauvais-circuit138,beauvais-256313,21
beauvais-circuit138,beauvais-109368,22
beauvais-circuit138,beauvais-66552,23
beauvais-circuit138,beauvais-158428,24
beauvais-circuit138,beauvais-272346,25
beauvais-circuit138,beauvais-83788,26
beauvais-circuit138,beauvais-207146,27
beauvais-circuit138,beauvais-156336,28
beauvais-circuit138,beauvais-299219,29
beauvais-circuit138,beauvais-264528,30
beauvais-circuit138,beauvais-76217,31
beauvais-circuit138,beauvais-203961,32
beauvais-circuit138,beauvais-103125,33
beauvais-circuit138,beauvais-230901,34
beauvais-circuit138,beauvais-279775,35
beauvais-circuit138,beauvais-82805,36
beauvais-circuit138,beauvais-180636,37
beauvais-circuit138,beauvais-250713,38
beauvais-circuit138,beauvais-271641,39
beauvais-circuit138,beauvais-301127,40
beauvais-circuit138,beauvais-288300,41
beauvais-circuit138,beauvais-172000,42
beauvais-circuit138,beauvais-177638,43
beauvais-circuit138,beauvais-109135,44
beauvais-circuit138,beauvais-208172,45
beauvais-circuit138,beauvais-195278,46
beauvais-circuit138,beauvais-70754,47
beauvais-circuit138,beauvais-60059,48
beauvais-circuit138,beauvais-197880,49
beauvais-circuit138,beauvais-271782,50
beauvais-circuit140,beauvais-18446,1
beauvais-circuit140,beauvais-18447,2
beauvais-circuit140,beauvais-205198,2 bis
beauvais-circuit140,beauvais-18448,3
beauvais-circuit140,beauvais-18404,4
beauvais-circuit140,beauvais-18405,5
beauvais-circuit140,beauvais-154074,6
beauvais-circuit140,beauvais-58304,7
beauvais-circuit140,beauvais-18407,8
beauvais-circuit140,beauvais-18408,9
beauvais-circuit140,beauvais-18410,10
beauvais-circuit140,beauvais-197296,11
beauvais-circuit140,beauvais-18406,11 bis
beauvais-circuit140,beauvais-18409,12
beauvais-circuit140,beauvais-18419,13
beauvais-circuit140,beauvais-18411,14
beauvais-circuit140,beauvais-18412,15
beauvais-circuit140,beauvais-18413,16
beauvais-circuit140,beauvais-114324,17
beauvais-circuit140,beauvais-77193,17 bis
beauvais-circuit140,beauvais-194255,18
beauvais-circuit140,beauvais-172124,19
beauvais-circuit140,beauvais-254461,20
beauvais-circuit140,beauvais-39542,21
beauvais-circuit140,beauvais-18441,22
beauvais-circuit140,beauvais-18414,23
beauvais-circuit140,beauvais-84551,23 bis
beauvais-circuit140,beauvais-18415,24
beauvais-circuit140,beauvais-18416,25
beauvais-circuit140,beauvais-18417,26
beauvais-circuit140,beauvais-18418,27
beauvais-circuit140,beauvais-18421,28
beauvais-circuit140,beauvais-18420,29
beauvais-circuit140,beauvais-18423,30
beauvais-circuit140,beauvais-18432,31
beauvais-circuit140,beauvais-18422,32
beauvais-circuit140,beauvais-18427,33
beauvais-circuit140,beauvais-18424,34
beauvais-circuit140,beauvais-18434,35
beauvais-circuit140,beauvais-49142,36
beauvais-circuit140,beauvais-18425,36 bis
beauvais-circuit140,beauvais-60109,37
beauvais-circuit140,beauvais-18426,37 bis
beauvais-circuit140,beauvais-18444,38
beauvais-circuit140,beauvais-18428,39
beauvais-circuit140,beauvais-18429,40
beauvais-circuit140,beauvais-252859,41
beauvais-circuit140,beauvais-18430,42
beauvais-circuit140,beauvais-18431,43
beauvais-circuit140,beauvais-18435,44
beauvais-circuit140,beauvais-18433,45
beauvais-circuit140,beauvais-158596,46
beauvais-circuit140,beauvais-280728,47
beauvais-circuit140,beauvais-18436,48
beauvais-circuit140,beauvais-152101,49
beauvais-circuit140,beauvais-18437,50
beauvais-circuit140,beauvais-18445,50 bis
beauvais-circuit140,beauvais-18439,51
beauvais-circuit140,beauvais-18440,52
beauvais-circuit140,beauvais-186055,53
beauvais-circuit140,beauvais-12951,54
beauvais-circuit140,beauvais-290080,55
beauvais-circuit140,beauvais-18442,56
beauvais-circuit140,beauvais-18443,57
beauvais-circuit140,beauvais-76212,58
beauvais-circuit140,beauvais-71985,58 bis
beauvais-circuit140,beauvais-101735,59
beauvais-circuit140,beauvais-292153,60
beauvais-circuit141,beauvais-18451,1
beauvais-circuit141,beauvais-18452,2
beauvais-circuit141,beauvais-18453,3
beauvais-circuit141,beauvais-18454,4
beauvais-circuit141,beauvais-18455,5
beauvais-circuit141,beauvais-310273,5 bis
beauvais-circuit141,beauvais-18456,6
beauvais-circuit141,beauvais-18457,7
beauvais-circuit141,beauvais-310274,7 bis
beauvais-circuit141,beauvais-18458,8
beauvais-circuit141,beauvais-18459,9
beauvais-circuit141,beauvais-310276,9 bis
beauvais-circuit141,beauvais-18460,10
beauvais-circuit141,beauvais-18461,11
beauvais-circuit141,beauvais-215863,11 bis
beauvais-circuit141,beauvais-18462,12
beauvais-circuit141,beauvais-18463,13
beauvais-circuit141,beauvais-18464,13 bis
beauvais-circuit141,beauvais-18465,14
beauvais-circuit141,beauvais-18466,15
beauvais-circuit141,beauvais-18467,16
beauvais-circuit141,beauvais-18468,17
beauvais-circuit141,beauvais-310294,17 bis
beauvais-circuit141,beauvais-18469,18
beauvais-circuit141,beauvais-18470,18 bis
beauvais-circuit141,beauvais-230391,19
beauvais-circuit141,beauvais-73351,20
beauvais-circuit141,beauvais-157494,21
beauvais-circuit141,beauvais-282704,22
beauvais-circuit141,beauvais-286567,23
beauvais-circuit141,beauvais-271729,24
beauvais-circuit141,beauvais-18471,25
beauvais-circuit141,beauvais-290290,25 bis
beauvais-circuit141,beauvais-18472,26
beauvais-circuit141,beauvais-18473,27
beauvais-circuit141,beauvais-18474,28
beauvais-circuit141,beauvais-18475,29
beauvais-circuit141,beauvais-18476,29 bis
beauvais-circuit141,beauvais-18477,30
beauvais-circuit141,beauvais-18478,31
beauvais-circuit141,beauvais-310296,31 bis
beauvais-circuit141,beauvais-18479,32
beauvais-circuit141,beauvais-18480,33
beauvais-circuit141,beauvais-259335,33 bis
beauvais-circuit141,beauvais-18481,34
beauvais-circuit141,beauvais-18482,35
beauvais-circuit141,beauvais-18483,36
beauvais-circuit141,beauvais-18485,37
beauvais-circuit141,beauvais-18486,38
beauvais-circuit141,beauvais-18487,39
beauvais-circuit141,beauvais-18488,40
beauvais-circuit141,beauvais-18489,41
beauvais-circuit141,beauvais-301319,41 bis
beauvais-circuit141,beauvais-18490,42
beauvais-circuit141,beauvais-18491,43
beauvais-circuit141,beauvais-18492,44
beauvais-circuit141,beauvais-18493,45
beauvais-circuit141,beauvais-18494,46
beauvais-circuit141,beauvais-18495,47
beauvais-circuit141,beauvais-18497,48
beauvais-circuit141,beauvais-18498,49
beauvais-circuit141,beauvais-18499,50
beauvais-circuit141,beauvais-18500,51
beauvais-circuit141,beauvais-18496,51 bis
beauvais-circuit141,beauvais-18484,52
beauvais-circuit141,beauvais-310323,52 bis
beauvais-circuit141,beauvais-273976,53
beauvais-circuit141,beauvais-191797,54
beauvais-circuit141,beauvais-181430,54 bis
beauvais-circuit141,beauvais-225782,55
beauvais-circuit141,beauvais-310326,55 bis
beauvais-circuit141,beauvais-143475,56
beauvais-circuit128,beauvais-6620,1
beauvais-circuit128,beauvais-6621,1 bis
beauvais-circuit128,beauvais-6622,2
beauvais-circuit128,beauvais-308067,2 bis
beauvais-circuit128,beauvais-6623,3
beauvais-circuit128,beauvais-6624,4
beauvais-circuit128,beauvais-6625,4 bis
beauvais-circuit128,beauvais-6626,5
beauvais-circuit128,beauvais-6627,6
beauvais-circuit128,beauvais-6628,7
beauvais-circuit128,beauvais-85372,7 bis
beauvais-circuit128,beauvais-6673,8
beauvais-circuit128,beauvais-16045,8 bis
beauvais-circuit128,beauvais-6629,9
beauvais-circuit128,beauvais-6630,10
beauvais-circuit128,beauvais-6633,11
beauvais-circuit128,beauvais-6634,11 bis
beauvais-circuit128,beauvais-6635,12
beauvais-circuit128,beauvais-6636,13
beauvais-circuit128,beauvais-6637,14
beauvais-circuit128,beauvais-6638,14 bis
beauvais-circuit128,beauvais-6639,15
beauvais-circuit128,beauvais-6640,16
beauvais-circuit128,beauvais-6641,17
beauvais-circuit128,beauvais-6642,18
beauvais-circuit128,beauvais-6643,19
beauvais-circuit128,beauvais-6644,20
beauvais-circuit128,beauvais-6645,21
beauvais-circuit128,beauvais-6646,22
beauvais-circuit128,beauvais-6670,23
beauvais-circuit128,beauvais-16046,24
beauvais-circuit128,beauvais-6649,25
beauvais-circuit128,beauvais-6650,26
beauvais-circuit128,beauvais-116542,26 bis
beauvais-circuit128,beauvais-6651,27
beauvais-circuit128,beauvais-6652,28
beauvais-circuit128,beauvais-6653,29
beauvais-circuit128,beauvais-6654,30
beauvais-circuit128,beauvais-6655,31
beauvais-circuit128,beauvais-6656,32
beauvais-circuit128,beauvais-6657,33
beauvais-circuit128,beauvais-144499,33 bis
beauvais-circuit128,beauvais-308068,33 ter
beauvais-circuit128,beauvais-6659,34
beauvais-circuit128,beauvais-6632,34 bis
beauvais-circuit128,beauvais-16048,35
beauvais-circuit128,beauvais-6660,36
beauvais-circuit128,beauvais-6661,37
beauvais-circuit128,beauvais-6658,37 bis
beauvais-circuit128,beauvais-6662,38
beauvais-circuit128,beauvais-6663,39
beauvais-circuit128,beauvais-6664,40
beauvais-circuit128,beauvais-6665,41
beauvais-circuit128,beauvais-6666,42
beauvais-circuit128,beauvais-6669,43
beauvais-circuit128,beauvais-6671,44
beauvais-circuit128,beauvais-6672,45
beauvais-circuit128,beauvais-6675,46
beauvais-circuit128,beauvais-6674,47
beauvais-circuit128,beauvais-6676,48
beauvais-circuit128,beauvais-16047,49
beauvais-circuit128,beauvais-16049,49 bis
beauvais-circuit128,beauvais-6677,50
beauvais-circuit128,beauvais-6678,50 bis
beauvais-circuit129,beauvais-6679,1
beauvais-circuit129,beauvais-302071,1 bis
beauvais-circuit129,beauvais-6680,2
beauvais-circuit129,beauvais-6681,2 bis
beauvais-circuit129,beauvais-6682,3
beauvais-circuit129,beauvais-6683,4
beauvais-circuit129,beauvais-305880,4 bis
beauvais-circuit129,beauvais-6684,5
beauvais-circuit129,beauvais-308066,5 bis
beauvais-circuit129,beauvais-6685,6
beauvais-circuit129,beauvais-6686,7
beauvais-circuit129,beauvais-6687,8
beauvais-circuit129,beauvais-6688,9
beauvais-circuit129,beauvais-6689,9 bis
beauvais-circuit129,beauvais-6690,10
beauvais-circuit129,beauvais-6691,11
beauvais-circuit129,beauvais-24777,11 bis
beauvais-circuit129,beauvais-6692,12
beauvais-circuit129,beauvais-6693,13
beauvais-circuit129,beauvais-6694,14
beauvais-circuit129,beauvais-6695,15
beauvais-circuit129,beauvais-6704,16
beauvais-circuit129,beauvais-15407,17
beauvais-circuit129,beauvais-6697,18
beauvais-circuit129,beauvais-6698,19
beauvais-circuit129,beauvais-6699,20
beauvais-circuit129,beauvais-6700,21
beauvais-circuit129,beauvais-6701,22
beauvais-circuit129,beauvais-6702,23
beauvais-circuit129,beauvais-15406,24
beauvais-circuit129,beauvais-6706,25
beauvais-circuit129,beauvais-6707,26
beauvais-circuit129,beauvais-6708,27
beauvais-circuit129,beauvais-6709,28
beauvais-circuit129,beauvais-6710,29
beauvais-circuit129,beauvais-138536,29 bis
beauvais-circuit129,beauvais-6711,30
beauvais-circuit129,beauvais-6712,31
beauvais-circuit129,beauvais-314646,31 bis
beauvais-circuit129,beauvais-6713,32
beauvais-circuit129,beauvais-6714,33
beauvais-circuit129,beauvais-11369,33 bis
beauvais-circuit129,beauvais-6715,34
beauvais-circuit129,beauvais-6716,34 bis
beauvais-circuit129,beauvais-11370,34 ter
beauvais-circuit129,beauvais-6717,35
beauvais-circuit129,beauvais-6718,36
beauvais-circuit129,beauvais-6719,37
beauvais-circuit129,beauvais-6720,38
beauvais-circuit129,beauvais-23617,38 bis
beauvais-circuit129,beauvais-6721,39
beauvais-circuit129,beauvais-6723,40
beauvais-circuit129,beauvais-6722,40 bis
beauvais-circuit129,beauvais-306563,40 ter
beauvais-circuit304,beauvais-22629,1
beauvais-circuit304,beauvais-22650,2
beauvais-circuit304,beauvais-6741,3
beauvais-circuit304,beauvais-22630,3 bis
beauvais-circuit304,beauvais-6740,4
beauvais-circuit304,beauvais-11376,5
beauvais-circuit304,beauvais-22631,6
beauvais-circuit304,beauvais-22644,7
beauvais-circuit304,beauvais-22633,8
beauvais-circuit304,beauvais-22634,9
beauvais-circuit304,beauvais-22651,10
beauvais-circuit304,beauvais-22635,11
beauvais-circuit304,beauvais-22645,12
beauvais-circuit304,beauvais-22647,13
beauvais-circuit304,beauvais-11374,14
beauvais-circuit304,beauvais-22642,15
beauvais-circuit304,beauvais-22637,15 bis
beauvais-circuit304,beauvais-22648,16
beauvais-circuit304,beauvais-24050,16 bis
beauvais-circuit304,beauvais-8931,17
beauvais-circuit304,beauvais-11373,17 bis
beauvais-circuit304,beauvais-8929,18
beauvais-circuit304,beauvais-11372,18 bis
beauvais-circuit304,beauvais-22638,19
beauvais-circuit304,beauvais-22639,20
beauvais-circuit304,beauvais-11371,21
beauvais-circuit304,beauvais-6738,22
beauvais-circuit304,beauvais-6739,23
beauvais-circuit304,beauvais-6743,24
beauvais-circuit304,beauvais-6744,25
beauvais-circuit304,beauvais-6746,26
beauvais-circuit304,beauvais-22641,27
beauvais-circuit304,beauvais-22646,28
beauvais-circuit130,beauvais-6724,1
beauvais-circuit130,beauvais-6725,2
beauvais-circuit130,beauvais-14304,3
beauvais-circuit130,beauvais-14305,4
beauvais-circuit130,beauvais-85,5
beauvais-circuit130,beauvais-21586,6
beauvais-circuit130,beauvais-6728,7
beauvais-circuit130,beauvais-8930,8
beauvais-circuit130,beauvais-21620,8 bis
beauvais-circuit130,beauvais-305014,9
beauvais-circuit130,beauvais-6737,10
beauvais-circuit130,beauvais-6735,11
beauvais-circuit130,beauvais-987,12
beauvais-circuit130,beauvais-988,12 bis
beauvais-circuit130,beauvais-6736,13
beauvais-circuit130,beauvais-82,14
beauvais-circuit130,beauvais-6734,14 bis
beauvais-circuit130,beauvais-6733,15
beauvais-circuit130,beauvais-87,16
beauvais-circuit130,beauvais-6732,17
beauvais-circuit130,beauvais-95,17 bis
beauvais-circuit130,beauvais-6703,18
beauvais-circuit130,beauvais-6731,19
beauvais-circuit130,beauvais-6730,20
beauvais-circuit130,beauvais-21588,21
beauvais-circuit130,beauvais-15599,22
beauvais-circuit130,beauvais-21686,22 bis
beauvais-circuit130,beauvais-6729,23
beauvais-circuit130,beauvais-984,24
beauvais-circuit130,beauvais-983,24 bis
beauvais-circuit130,beauvais-83,25
beauvais-circuit130,beauvais-1725,25 bis
beauvais-circuit130,beauvais-7130,26
beauvais-circuit130,beauvais-88,27
beauvais-circuit130,beauvais-14545,28
beauvais-circuit130,beauvais-90,28 bis
beauvais-circuit130,beauvais-6727,29
beauvais-circuit130,beauvais-6726,30
beauvais-circuit130,beauvais-92,30 bis
meyer-circuit51,meyer-5156,1
meyer-circuit51,meyer-5157,2
meyer-circuit51,meyer-5158,3
meyer-circuit51,meyer-5159,4
meyer-circuit51,meyer-5160,5
meyer-circuit51,meyer-5161,6
meyer-circuit51,meyer-5162,7
meyer-circuit51,meyer-5163,8
meyer-circuit51,meyer-5164,9
meyer-circuit51,meyer-14113,9 bis
meyer-circuit51,meyer-5165,10
meyer-circuit51,meyer-5166,11
meyer-circuit51,meyer-5167,12
meyer-circuit51,meyer-5168,13
meyer-circuit51,meyer-5169,14
meyer-circuit51,meyer-5170,15
meyer-circuit51,meyer-5171,16
meyer-circuit51,meyer-5172,17
meyer-circuit51,meyer-5173,18
meyer-circuit51,meyer-5174,19
meyer-circuit51,meyer-5175,20
meyer-circuit51,meyer-5176,21
meyer-circuit51,meyer-5177,22
meyer-circuit51,meyer-5178,23
meyer-circuit51,meyer-5179,24
meyer-circuit51,meyer-5180,25
meyer-circuit51,meyer-5181,26
cuvier.nord-circuit4,cuvier.nord-4082,1
cuvier.nord-circuit4,cuvier.nord-4083,2
cuvier.nord-circuit4,cuvier.nord-4084,2 bis
cuvier.nord-circuit4,cuvier.nord-4085,3
cuvier.nord-circuit4,cuvier.nord-4086,4
cuvier.nord-circuit4,cuvier.nord-4087,5
cuvier.nord-circuit4,cuvier.nord-4088,6
cuvier.nord-circuit4,cuvier.nord-4089,7
cuvier.nord-circuit4,cuvier.nord-4090,8
cuvier.nord-circuit4,cuvier.nord-4091,9
cuvier.nord-circuit4,cuvier.nord-4092,10
cuvier.nord-circuit4,cuvier.nord-4093,11
cuvier.nord-circuit4,cuvier.nord-4094,12
cuvier.nord-circuit4,cuvier.nord-4095,13
cuvier.nord-circuit4,cuvier.nord-4096,14
cuvier.nord-circuit4,cuvier.nord-4097,15
cuvier.nord-circuit4,cuvier.nord-4098,15 bis
cuvier.nord-circuit4,cuvier.nord-4099,16
cuvier.nord-circuit4,cuvier.nord-4100,17
cuvier.nord-circuit4,cuvier.nord-4101,18
cuvier.nord-circuit4,cuvier.nord-4102,19
cuvier.nord-circuit4,cuvier.nord-4103,20
cuvier.nord-circuit4,cuvier.nord-4104,21
cuvier.nord-circuit4,cuvier.nord-4105,22
cuvier.nord-circuit4,cuvier.nord-4106,23
cuvier.nord-circuit4,cuvier.nord-4107,24
cuvier.nord-circuit4,cuvier.nord-4108,25
cuvier.nord-circuit4,cuvier.nord-4109,26
gros-circuit92,gros-3885,1
gros-circuit92,gros-3886,1 bis
gros-circuit92,gros-3887,2
gros-circuit92,gros-3888,3
gros-circuit92,gros-3889,4
gros-circuit92,gros-3890,5
gros-circuit92,gros-3891,5 bis
gros-circuit92,gros-3892,6
gros-circuit92,gros-3893,7
gros-circuit92,gros-3894,8
gros-circuit92,gros-3895,9
gros-circuit92,gros-3896,9 bis
gros-circuit92,gros-3897,10
gros-circuit92,gros-3898,10 bis
gros-circuit92,gros-3899,10 ter
gros-circuit92,gros-3900,11
gros-circuit92,gros-3901,12
gros-circuit92,gros-3902,13
gros-circuit92,gros-3903,14
gros-circuit92,gros-3904,15
gros-circuit92,gros-3905,15 bis
gros-circuit92,gros-3906,16
gros-circuit92,gros-3907,16 bis
gros-circuit92,gros-3908,16 ter
gros-circuit92,gros-3909,17
gros-circuit92,gros-3910,18
gros-circuit92,gros-3911,19
gros-circuit92,gros-3912,20
gros-circuit92,gros-3913,21
gros-circuit92,gros-3914,22
gros-circuit92,gros-3915,22 bis
gros-circuit92,gros-3916,23
gros-circuit92,gros-3917,24
gros-circuit92,gros-3918,24 bis
gros-circuit92,gros-3919,25
gros-circuit92,gros-3920,26
gros-circuit92,gros-3921,27
gros-circuit92,gros-3922,28
gros-circuit92,gros-3923,29
gros-circuit92,gros-3924,30
gros-circuit92,gros-3925,30 bis
gros-circuit92,gros-3926,31
gros-circuit92,gros-3927,32
gros-circuit92,gros-3928,33
gros-circuit92,gros-3929,34
gros-circuit92,gros-3930,35
gros-circuit92,gros-3931,36
gros-circuit92,gros-3932,36 bis
gros-circuit92,gros-3933,37
gros-circuit92,gros-3934,37 bis
gros-circuit92,gros-3935,38
gros-circuit92,gros-3936,39
gros-circuit92,gros-3937,40
gros-circuit92,gros-3938,41
gros-circuit92,gros-3939,41 bis
gros-circuit92,gros-3940,42
gros-circuit92,gros-3941,43
gros-circuit92,gros-3942,44
gros-circuit92,gros-3943,45
gros-circuit92,gros-3944,46
gros-circuit92,gros-3945,47
gros-circuit92,gros-3946,47 bis
gros-circuit92,gros-3947,48
gros-circuit92,gros-3948,48 bis
gros-circuit92,gros-3949,49
gros-circuit92,gros-3950,50
gros-circuit92,gros-3951,50 bis
gros-circuit92,gros-3952,51
gros-circuit92,gros-3953,52
gros-circuit92,gros-3954,53
gros-circuit92,gros-3955,54
gros-circuit92,gros-3956,55
gros-circuit92,gros-3957,56
gros-circuit92,gros-3958,57
gros-circuit92,gros-3959,57 bis
gros-circuit92,gros-3960,58
gros-circuit92,gros-3961,59
gros-circuit92,gros-3962,60
gros-circuit92,gros-3963,60 bis
gros-circuit92,gros-3964,61
gros-circuit92,gros-3965,61 bis
gros-circuit92,gros-3966,62
gros-circuit92,gros-3967,63
gros-circuit92,gros-3968,63 bis
gros-circuit92,gros-3969,64
gros-circuit92,gros-3970,65
gros-circuit92,gros-3971,66
gros-circuit92,gros-3972,66 bis
gros-circuit92,gros-3973,67
gros-circuit92,gros-3974,68
gros-circuit92,gros-3975,68 bis
gros-circuit92,gros-3976,69
gros-circuit92,gros-3977,69 bis
gros-circuit92,gros-3978,70
gros-circuit92,gros-3979,70 bis
gros-circuit92,gros-3980,71
gros-circuit92,gros-3981,71 bis
gros-circuit92,gros-3982,72
gros-circuit92,gros-3983,73
gros-circuit93,gros-21714,1
gros-circuit93,gros-21715,2
gros-circuit93,gros-21716,2 bis
gros-circuit93,gros-21717,3
gros-circuit93,gros-21720,3 bis
gros-circuit93,gros-21718,4
gros-circuit93,gros-21719,5
gros-circuit93,gros-4560,5 bis
gros-circuit93,gros-4563,6
gros-circuit93,gros-21721,7
gros-circuit93,gros-4562,8
gros-circuit93,gros-21722,8 bis
gros-circuit93,gros-6033,9
gros-circuit93,gros-6039,10
gros-circuit93,gros-21723,11
gros-circuit93,gros-21724,12
gros-circuit93,gros-21725,13
gros-circuit93,gros-6291,14
gros-circuit93,gros-21726,14 bis
gros-circuit93,gros-21727,15
gros-circuit93,gros-6051,15 bis
gros-circuit93,gros-21728,16
gros-circuit93,gros-21729,17
gros-circuit93,gros-21730,18
gros-circuit93,gros-7063,18 bis
gros-circuit93,gros-21731,19
gros-circuit93,gros-21732,20
gros-circuit93,gros-7083,20 bis
gros-circuit93,gros-21733,21
gros-circuit93,gros-7086,22
gros-circuit93,gros-21734,23
gros-circuit93,gros-21735,24
gros-circuit93,gros-7093,24 bis
gros-circuit93,gros-21736,24 ter
gros-circuit93,gros-7096,25
gros-circuit93,gros-21737,25 bis
gros-circuit93,gros-21738,26
gros-circuit93,gros-7100,26 bis
gros-circuit93,gros-7097,27
gros-circuit93,gros-21739,28
gros-circuit93,gros-7105,29
gros-circuit93,gros-21740,30
gros-circuit93,gros-21741,31
gros-circuit93,gros-7112,32
gros-circuit94,gros-3984,1
gros-circuit94,gros-3985,2
gros-circuit94,gros-3986,3
gros-circuit94,gros-3987,4
gros-circuit94,gros-3988,5
gros-circuit94,gros-3989,6
gros-circuit94,gros-3990,7
gros-circuit94,gros-3991,8
gros-circuit94,gros-3992,9
gros-circuit94,gros-3993,10
gros-circuit94,gros-3994,11
gros-circuit94,gros-3995,12
gros-circuit94,gros-3996,13
gros-circuit94,gros-3997,14
gros-circuit94,gros-3998,15
gros-circuit94,gros-4018,15 bis
gros-circuit94,gros-4019,15 ter
gros-circuit94,gros-3999,16
gros-circuit94,gros-4000,17
gros-circuit94,gros-632,18
gros-circuit94,gros-4001,19
gros-circuit94,gros-4002,20
gros-circuit94,gros-4003,21
gros-circuit94,gros-4004,22
gros-circuit94,gros-4005,23
gros-circuit94,gros-4006,24
gros-circuit94,gros-4007,25
gros-circuit94,gros-4020,25 bis
gros-circuit94,gros-4008,26
gros-circuit94,gros-4009,27
gros-circuit94,gros-4010,28
gros-circuit94,gros-4011,29
gros-circuit94,gros-631,29 bis
gros-circuit94,gros-4012,30
gros-circuit94,gros-41416,30 bis
gros-circuit94,gros-4013,31
gros-circuit94,gros-4014,32
gros-circuit94,gros-4015,33
gros-circuit94,gros-4016,34
gros-circuit94,gros-4017,35
gros-circuit94,gros-1539,35 bis
bizons-circuit205,bizons-310790,1
bizons-circuit205,bizons-310791,2
bizons-circuit205,bizons-310792,3
bizons-circuit205,bizons-310793,4
bizons-circuit205,bizons-310794,5
bizons-circuit205,bizons-310795,6
bizons-circuit205,bizons-310796,7
bizons-circuit205,bizons-310797,8
bizons-circuit205,bizons-310798,9
bizons-circuit205,bizons-310799,10
bizons-circuit205,bizons-5344,11
bizons-circuit205,bizons-5345,12
bizons-circuit205,bizons-5346,12 bis
bizons-circuit205,bizons-5347,13
bizons-circuit205,bizons-5348,13 bis
bizons-circuit205,bizons-5350,14
bizons-circuit205,bizons-5351,14 bis
bizons-circuit205,bizons-5352,15
bizons-circuit205,bizons-5353,16
bizons-circuit205,bizons-5354,17
bizons-circuit205,bizons-5355,18
bizons-circuit205,bizons-5356,19
bizons-circuit205,bizons-5357,19 bis
bizons-circuit205,bizons-5358,20
bizons-circuit205,bizons-5359,21
bizons-circuit205,bizons-310845,22
bizons-circuit205,bizons-310847,23
bizons-circuit205,bizons-310850,24
bizons-circuit205,bizons-310885,25
bizons-circuit205,bizons-310886,26
bizons-circuit205,bizons-310887,27
bizons-circuit205,bizons-310889,27 bis
bizons-circuit205,bizons-310890,28
bizons-circuit205,bizons-310891,29
bizons-circuit205,bizons-310892,30
bizons-circuit205,bizons-310946,31
bizons-circuit205,bizons-310947,32
bizons-circuit205,bizons-310948,33
bizons-circuit205,bizons-310949,34
bizons-circuit205,bizons-310950,35
bizons-circuit205,bizons-310952,36
bizons-circuit205,bizons-310951,36 bis
bizons-circuit205,bizons-310953,37
bizons-circuit205,bizons-310954,38
bizons-circuit205,bizons-310955,39
bizons-circuit205,bizons-310956,A
bizons-circuit363,bizons-309438,1
bizons-circuit363,bizons-309437,2
bizons-circuit363,bizons-309439,2 bis
bizons-circuit363,bizons-309436,3
bizons-circuit363,bizons-309435,4
bizons-circuit363,bizons-309434,5
bizons-circuit363,bizons-309433,6
bizons-circuit363,bizons-309432,7
bizons-circuit363,bizons-309431,8
bizons-circuit363,bizons-309430,9
bizons-circuit363,bizons-309429,10
bizons-circuit363,bizons-309428,10 bis
bizons-circuit363,bizons-309340,10 ter
bizons-circuit363,bizons-309339,11
bizons-circuit363,bizons-309338,12
bizons-circuit363,bizons-309335,13
bizons-circuit363,bizons-309427,13 bis
bizons-circuit363,bizons-309426,14
bizons-circuit363,bizons-309425,15
bizons-circuit363,bizons-309424,16
bizons-circuit363,bizons-309423,17
bizons-circuit363,bizons-309422,18
bizons-circuit363,bizons-309421,19
bizons-circuit363,bizons-309419,20
bizons-circuit363,bizons-309337,21
bizons-circuit363,bizons-309336,22
bizons-circuit363,bizons-309418,23
bizons-circuit363,bizons-309417,23 bis
bizons-circuit363,bizons-309416,24
bizons-circuit363,bizons-309415,25
bizons-circuit363,bizons-309414,26
bizons-circuit363,bizons-309413,27
bizons-circuit363,bizons-309412,27 bis
bizons-circuit363,bizons-309411,28
bizons-circuit363,bizons-309410,29
bizons-circuit363,bizons-309409,29 bis
bizons-circuit363,bizons-309408,30
bizons-circuit363,bizons-309891,30 bis
bizons-circuit363,bizons-309407,31
bizons-circuit363,bizons-309406,31 bis
bizons-circuit363,bizons-309405,32
bizons-circuit363,bizons-309404,33
bizons-circuit363,bizons-309403,34
bizons-circuit363,bizons-309402,35
bizons-circuit363,bizons-309334,36
bizons-circuit363,bizons-309399,37
bizons-circuit363,bizons-309397,38
bizons-circuit363,bizons-309396,39
bizons-circuit363,bizons-309395,40
bizons-circuit363,bizons-309394,40 bis
bizons-circuit363,bizons-309393,41
bizons-circuit363,bizons-309392,42
bizons-circuit363,bizons-309333,43
bizons-circuit363,bizons-309347,44
bizons-circuit363,bizons-309346,45
bizons-circuit363,bizons-309345,46
bizons-circuit363,bizons-309344,47
bizons-circuit363,bizons-309343,48
bizons-circuit363,bizons-309342,49
bizons-circuit363,bizons-309332,50
bizons-circuit363,bizons-309331,51
bizons-circuit363,bizons-309330,52
bizons-circuit363,bizons-309329,53
bizons-circuit363,bizons-309328,54
bizons-circuit34,bizons-2771,1
bizons-circuit34,bizons-2772,1 bis
bizons-circuit34,bizons-2773,2
bizons-circuit34,bizons-2774,3
bizons-circuit34,bizons-2775,3 bis
bizons-circuit34,bizons-2776,4
bizons-circuit34,bizons-2777,4 bis
bizons-circuit34,bizons-2778,5
bizons-circuit34,bizons-2779,6
bizons-circuit34,bizons-2780,7
bizons-circuit34,bizons-2781,7 bis
bizons-circuit34,bizons-2782,7 ter
bizons-circuit34,bizons-2783,8
bizons-circuit34,bizons-2784,9
bizons-circuit34,bizons-2785,10
bizons-circuit34,bizons-2787,11
bizons-circuit34,bizons-2786,11 bis
bizons-circuit34,bizons-2788,12
bizons-circuit34,bizons-2789,13
bizons-circuit34,bizons-2790,14
bizons-circuit34,bizons-2791,14 bis
bizons-circuit34,bizons-2792,15
bizons-circuit34,bizons-2793,16
bizons-circuit34,bizons-2794,17
bizons-circuit34,bizons-2795,18
bizons-circuit34,bizons-2796,19
bizons-circuit34,bizons-2797,20
bizons-circuit34,bizons-2798,20 bis
bizons-circuit34,bizons-2799,21
bizons-circuit34,bizons-2800,22
bizons-circuit34,bizons-2801,22 bis
bizons-circuit34,bizons-2802,23
bizons-circuit34,bizons-2803,24
bizons-circuit34,bizons-2804,24 bis
bizons-circuit34,bizons-2805,25
bizons-circuit34,bizons-2806,26
bizons-circuit34,bizons-2807,26 bis
bizons-circuit34,bizons-2808,27
bizons-circuit34,bizons-2809,28
bizons-circuit34,bizons-2810,29
bizons-circuit34,bizons-2811,30
bizons-circuit34,bizons-2812,31
bizons-circuit34,bizons-2813,32
bizons-circuit34,bizons-2814,32 bis
bizons-circuit34,bizons-2815,33
bizons-circuit34,bizons-2816,34
bizons-circuit34,bizons-2817,35
bizons-circuit34,bizons-2818,36
bizons-circuit34,bizons-2819,37
bizons-circuit34,bizons-2820,37 bis
bizons-circuit34,bizons-2821,38
bizons-circuit34,bizons-2822,38 bis
bizons-circuit34,bizons-2823,39
bizons-circuit34,bizons-2824,40
bizons-circuit34,bizons-2825,40 bis
bizons-circuit34,bizons-309398,41
bizons-circuit34,bizons-2827,42
bizons-circuit34,bizons-21051,42 bis
bizons-circuit34,bizons-2829,43
bizons-circuit34,bizons-2830,44
bizons-circuit34,bizons-2831,45
bizons-circuit34,bizons-2832,46
bizons-circuit34,bizons-2833,47
bizons-circuit34,bizons-2834,48
bizons-circuit35,bizons-306748,D
bizons-circuit35,bizons-4775,1
bizons-circuit35,bizons-4776,1 bis
bizons-circuit35,bizons-312435,1 ter
bizons-circuit35,bizons-4777,2
bizons-circuit35,bizons-4778,3
bizons-circuit35,bizons-4779,4
bizons-circuit35,bizons-4780,4 bis
bizons-circuit35,bizons-4781,5
bizons-circuit35,bizons-4782,6
bizons-circuit35,bizons-4783,7
bizons-circuit35,bizons-4784,8
bizons-circuit35,bizons-4785,9
bizons-circuit35,bizons-20769,9 bis
bizons-circuit35,bizons-4786,10
bizons-circuit35,bizons-4787,11
bizons-circuit35,bizons-4788,12
bizons-circuit35,bizons-20773,12 bis
bizons-circuit35,bizons-4789,13
bizons-circuit35,bizons-4790,13 bis
bizons-circuit35,bizons-4791,14
bizons-circuit35,bizons-312450,14 bis
bizons-circuit35,bizons-4792,15
bizons-circuit35,bizons-4793,16
bizons-circuit35,bizons-4794,17
bizons-circuit35,bizons-4795,18
bizons-circuit35,bizons-4796,18 bis
bizons-circuit35,bizons-4810,19
bizons-circuit35,bizons-4797,20
bizons-circuit35,bizons-306750,20 bis
bizons-circuit35,bizons-312439,20 ter
bizons-circuit35,bizons-4798,21
bizons-circuit35,bizons-4799,22
bizons-circuit35,bizons-4800,23
bizons-circuit35,bizons-4801,24
bizons-circuit35,bizons-4802,25
bizons-circuit35,bizons-4803,26
bizons-circuit35,bizons-4804,27
bizons-circuit35,bizons-4805,28
bizons-circuit35,bizons-4806,29
bizons-circuit35,bizons-4807,29 bis
bizons-circuit35,bizons-4808,30
bizons-circuit35,bizons-4809,30 bis
bizons-circuit35,bizons-4811,31
bizons-circuit35,bizons-312434,32
bizons-circuit35,bizons-4812,33
bizons-circuit35,bizons-4813,34
bizons-circuit35,bizons-4814,35
bizons-circuit35,bizons-4815,35 bis
bizons-circuit35,bizons-4816,36
bizons-circuit35,bizons-4817,36 bis
bizons-circuit364,bizons-309116,1
bizons-circuit364,bizons-309117,2
bizons-circuit364,bizons-309118,3
bizons-circuit364,bizons-309119,4
bizons-circuit364,bizons-309123,5
bizons-circuit364,bizons-309124,5 bis
bizons-circuit364,bizons-309134,6
bizons-circuit364,bizons-309135,7
bizons-circuit364,bizons-309136,8
bizons-circuit364,bizons-309137,9
bizons-circuit364,bizons-309138,10
bizons-circuit364,bizons-309139,10 bis
bizons-circuit364,bizons-23526,11
bizons-circuit364,bizons-309140,12
bizons-circuit364,bizons-309149,13
bizons-circuit364,bizons-309150,13 bis
bizons-circuit364,bizons-309152,14
bizons-circuit364,bizons-309151,14 bis
bizons-circuit364,bizons-309153,15
bizons-circuit364,bizons-308046,16
bizons-circuit364,bizons-309154,17
bizons-circuit364,bizons-308047,17 bis
bizons-circuit364,bizons-309155,18
bizons-circuit364,bizons-309156,18 bis
bizons-circuit364,bizons-309157,19
bizons-circuit364,bizons-309158,20
bizons-circuit364,bizons-309163,21
bizons-circuit364,bizons-309164,22
bizons-circuit364,bizons-309165,22 bis
bizons-circuit364,bizons-309166,23
bizons-circuit364,bizons-309167,24
bizons-circuit364,bizons-309168,24 bis
bizons-circuit364,bizons-309170,24 ter
bizons-circuit364,bizons-309169,25
bizons-circuit364,bizons-309175,26
bizons-circuit364,bizons-309176,27
bizons-circuit364,bizons-309177,28
bizons-circuit364,bizons-309178,29
bizons-circuit364,bizons-309185,30
bizons-circuit364,bizons-309186,31
bizons-circuit364,bizons-309187,32
bizons-circuit364,bizons-23877,33
bizons-circuit364,bizons-309189,34
bizons-circuit364,bizons-309190,35
bizons-circuit364,bizons-309191,35 bis
bizons-circuit36,bizons-2835,1
bizons-circuit36,bizons-2836,2
bizons-circuit36,bizons-2837,2 bis
bizons-circuit36,bizons-2838,3
bizons-circuit36,bizons-2839,4
bizons-circuit36,bizons-2840,4 bis
bizons-circuit36,bizons-2841,5
bizons-circuit36,bizons-2842,5 bis
bizons-circuit36,bizons-2843,6
bizons-circuit36,bizons-2844,6 bis
bizons-circuit36,bizons-2845,7
bizons-circuit36,bizons-2846,7 bis
bizons-circuit36,bizons-2847,8
bizons-circuit36,bizons-2848,8 bis
bizons-circuit36,bizons-2849,9
bizons-circuit36,bizons-2850,10
bizons-circuit36,bizons-2851,10 bis
bizons-circuit36,bizons-2852,11
bizons-circuit36,bizons-2853,12
bizons-circuit36,bizons-2854,13
bizons-circuit36,bizons-2855,13 bis
bizons-circuit36,bizons-2856,14
bizons-circuit36,bizons-2857,15
bizons-circuit36,bizons-2858,16
bizons-circuit36,bizons-2859,17
bizons-circuit36,bizons-2860,18
bizons-circuit36,bizons-2861,18 bis
bizons-circuit36,bizons-2862,19
bizons-circuit36,bizons-2863,20
bizons-circuit36,bizons-2864,21
bizons-circuit36,bizons-2865,21 bis
bizons-circuit36,bizons-2866,22
bizons-circuit36,bizons-2867,23
bizons-circuit36,bizons-2868,24
bizons-circuit36,bizons-2869,25
bizons-circuit36,bizons-2870,26
bizons-circuit36,bizons-2871,27
bizons-circuit36,bizons-2872,28
bizons-circuit36,bizons-2873,29
bizons-circuit36,bizons-2874,30
bizons-circuit36,bizons-2875,31
bizons-circuit36,bizons-2876,32
bizons-circuit36,bizons-2877,32 bis
bizons-circuit36,bizons-2878,33
bizons-circuit36,bizons-2879,33 bis
bizons-circuit36,bizons-2880,34
bizons-circuit36,bizons-2881,34 bis
bizons-circuit36,bizons-2882,35
bizons-circuit36,bizons-2883,36
bizons-circuit36,bizons-306854,36 bis
bizons-circuit36,bizons-2884,37
bizons-circuit36,bizons-2885,37 bis
bizons-circuit36,bizons-2886,38
bizons-circuit36,bizons-2887,38 bis
bizons-circuit36,bizons-2888,39
bizons-circuit36,bizons-2889,39 bis
bizons-circuit36,bizons-2890,40
bizons-circuit36,bizons-2891,41
bizons-circuit36,bizons-2892,41 bis
bizons-circuit36,bizons-2893,42
bizons-circuit36,bizons-2894,43
merantais-circuit378,merantais-311630,1
merantais-circuit378,merantais-311631,2
merantais-circuit378,merantais-311632,3
merantais-circuit378,merantais-311633,4
merantais-circuit378,merantais-311634,5
merantais-circuit378,merantais-311635,6
merantais-circuit378,merantais-311636,6 bis
merantais-circuit378,merantais-311637,7
merantais-circuit378,merantais-311638,8
merantais-circuit378,merantais-311652,9
merantais-circuit378,merantais-311639,10
merantais-circuit378,merantais-311642,10 bis
merantais-circuit378,merantais-311643,11
merantais-circuit378,merantais-311644,12
merantais-circuit378,merantais-311645,13
merantais-circuit378,merantais-311641,14
merantais-circuit378,merantais-311646,15
merantais-circuit378,merantais-311647,16
merantais-circuit378,merantais-311648,17
merantais-circuit378,merantais-311649,18
merantais-circuit378,merantais-311650,19
merantais-circuit378,merantais-311651,20
merantais-circuit378,merantais-311653,20 bis
merantais-circuit378,merantais-311654,21
merantais-circuit378,merantais-311655,22
merantais-circuit378,merantais-311656,23
merantais-circuit378,merantais-311657,24
merantais-circuit378,merantais-311658,25
merantais-circuit378,merantais-311659,26
merantais-circuit378,merantais-311660,27
merantais-circuit378,merantais-311661,28
merantais-circuit378,merantais-311662,29
merantais-circuit378,merantais-311663,30
merantais-circuit378,merantais-311664,31
merantais-circuit378,merantais-311665,31 bis
merantais-circuit378,merantais-311666,31 ter
segognole-circuit236,segognole-10618,1
segognole-circuit236,segognole-10620,2
segognole-circuit236,segognole-10621,3
segognole-circuit236,segognole-10622,4
segognole-circuit236,segognole-10623,5
segognole-circuit236,segognole-10624,5 bis
segognole-circuit236,segognole-10626,6
segognole-circuit236,segognole-10627,7
segognole-circuit236,segognole-10631,8
segognole-circuit236,segognole-10630,9
segognole-circuit236,segognole-10629,10
segognole-circuit236,segognole-10636,11
segognole-circuit236,segognole-10634,12
segognole-circuit236,segognole-10635,13
segognole-circuit236,segognole-10632,14
segognole-circuit236,segognole-10637,15
segognole-circuit236,segognole-10638,16
segognole-circuit236,segognole-10619,16 bis
segognole-circuit236,segognole-10633,17
segognole-circuit236,segognole-10640,18
segognole-circuit236,segognole-10641,19
segognole-circuit236,segognole-10625,19 bis
segognole-circuit236,segognole-10642,20
segognole-circuit236,segognole-122431,20 bis
segognole-circuit236,segognole-10639,21
segognole-circuit236,segognole-119023,21 bis
segognole-circuit236,segognole-10645,22
segognole-circuit236,segognole-10646,23
segognole-circuit236,segognole-10628,23 bis
segognole-circuit236,segognole-10647,24
segognole-circuit236,segognole-10648,25
segognole-circuit236,segognole-10649,26
segognole-circuit236,segognole-10651,26 bis
segognole-circuit236,segognole-10650,27
segognole-circuit236,segognole-10652,28
segognole-circuit236,segognole-10653,29
segognole-circuit236,segognole-10654,30
segognole-circuit236,segognole-10655,31
segognole-circuit236,segognole-10656,32
segognole-circuit236,segognole-10657,33
segognole-circuit236,segognole-10643,33 bis
segognole-circuit236,segognole-53469,33 ter
segognole-circuit236,segognole-10658,34
segognole-circuit236,segognole-10659,35
segognole-circuit236,segognole-10660,36
segognole-circuit236,segognole-10661,37
segognole-circuit236,segognole-10662,38
segognole-circuit236,segognole-10664,39
segognole-circuit236,segognole-10644,40
segognole-circuit236,segognole-10663,41
segognole-circuit236,segognole-10665,42
segognole-circuit236,segognole-128573,43
segognole-circuit236,segognole-226787,44
segognole-circuit236,segognole-115072,44 bis
segognole-circuit236,segognole-81500,45
segognole-circuit236,segognole-165253,45 bis
segognole-circuit236,segognole-262679,46
segognole-circuit236,segognole-100381,47
segognole-circuit236,segognole-161730,48
segognole-circuit236,segognole-138043,48 bis
segognole-circuit236,segognole-285533,48 ter
segognole-circuit236,segognole-103503,49
segognole-circuit236,segognole-163774,50
segognole-circuit237,segognole-10532,1
segognole-circuit237,segognole-10533,2
segognole-circuit237,segognole-10535,3
segognole-circuit237,segognole-93475,3 bis
segognole-circuit237,segognole-10536,4
segognole-circuit237,segognole-186277,4 bis
segognole-circuit237,segognole-237735,4 ter
segognole-circuit237,segognole-10537,5
segognole-circuit237,segognole-10538,6
segognole-circuit237,segognole-54942,6 bis
segognole-circuit237,segognole-10539,7
segognole-circuit237,segognole-10540,8
segognole-circuit237,segognole-10545,9
segognole-circuit237,segognole-10546,10
segognole-circuit237,segognole-10543,11
segognole-circuit237,segognole-285662,11 bis
segognole-circuit237,segognole-10544,12
segognole-circuit237,segognole-221732,12 bis
segognole-circuit237,segognole-10541,13
segognole-circuit237,segognole-10542,14
segognole-circuit237,segognole-57210,14 bis
segognole-circuit237,segognole-10547,15
segognole-circuit237,segognole-165283,15 bis
segognole-circuit237,segognole-10548,16
segognole-circuit237,segognole-10549,17
segognole-circuit237,segognole-10550,18
segognole-circuit237,segognole-10552,19
segognole-circuit237,segognole-10553,20
segognole-circuit237,segognole-154550,20 bis
segognole-circuit237,segognole-10554,21
segognole-circuit237,segognole-10555,22
segognole-circuit237,segognole-48813,22 bis
segognole-circuit237,segognole-10556,23
segognole-circuit237,segognole-10557,24
segognole-circuit237,segognole-10558,25
segognole-circuit237,segognole-10559,26
segognole-circuit237,segognole-231555,26 bis
segognole-circuit237,segognole-145463,26 ter
segognole-circuit237,segognole-10560,27
segognole-circuit237,segognole-187296,27 bis
segognole-circuit237,segognole-10561,28
segognole-circuit237,segognole-10562,29
segognole-circuit237,segognole-10563,30
segognole-circuit237,segognole-265683,30 bis
segognole-circuit237,segognole-10564,31
segognole-circuit237,segognole-10565,32
segognole-circuit237,segognole-10566,33
segognole-circuit237,segognole-10567,34
segognole-circuit237,segognole-10568,35
segognole-circuit237,segognole-10569,36
segognole-circuit237,segognole-10570,37
segognole-circuit237,segognole-10572,38
segognole-circuit237,segognole-10573,39
segognole-circuit237,segognole-10574,40
segognole-circuit237,segognole-10575,41
segognole-circuit237,segognole-10576,42
segognole-circuit237,segognole-77585,42 bis
segognole-circuit237,segognole-63323,42 ter
segognole-circuit237,segognole-10577,43
segognole-circuit237,segognole-36602,43 bis
segognole-circuit237,segognole-10578,44
segognole-circuit237,segognole-10579,45
segognole-circuit237,segognole-10571,46
segognole-circuit237,segognole-36595,46 bis
segognole-circuit237,segognole-10551,47
segognole-circuit237,segognole-10534,48
segognole-circuit237,segognole-236876,49
segognole-circuit237,segognole-39987,49 bis
segognole-circuit237,segognole-165011,50
segognole-circuit238,segognole-10580,1
segognole-circuit238,segognole-10581,2
segognole-circuit238,segognole-10582,3
segognole-circuit238,segognole-10583,4
segognole-circuit238,segognole-10584,5
segognole-circuit238,segognole-17079,5 bis
segognole-circuit238,segognole-10585,6
segognole-circuit238,segognole-10586,7
segognole-circuit238,segognole-10616,7 bis
segognole-circuit238,segognole-10587,8
segognole-circuit238,segognole-10588,9
segognole-circuit238,segognole-10589,10
segognole-circuit238,segognole-10590,11
segognole-circuit238,segognole-10617,11 bis
segognole-circuit238,segognole-10591,12
segognole-circuit238,segognole-10592,13
segognole-circuit238,segognole-10593,14
segognole-circuit238,segognole-10594,15
segognole-circuit238,segognole-10595,16
segognole-circuit238,segognole-10596,17
segognole-circuit238,segognole-10597,18
segognole-circuit238,segognole-10598,19
segognole-circuit238,segognole-10599,20
segognole-circuit238,segognole-10600,21
segognole-circuit238,segognole-10601,22
segognole-circuit238,segognole-10602,23
segognole-circuit238,segognole-10603,24
segognole-circuit238,segognole-10604,25
segognole-circuit238,segognole-10605,26
segognole-circuit238,segognole-10606,27
segognole-circuit238,segognole-10607,28
segognole-circuit238,segognole-10608,29
segognole-circuit238,segognole-10609,30
segognole-circuit238,segognole-10615,30 bis
segognole-circuit238,segognole-10610,31
segognole-circuit238,segognole-10611,32
segognole-circuit238,segognole-10612,33
segognole-circuit238,segognole-10613,34
segognole-circuit238,segognole-10614,35
segognole-circuit238,segognole-23530,35 bis
martin-circuit122,martin-313244,1
martin-circuit122,martin-313245,2
martin-circuit122,martin-14021,3
martin-circuit122,martin-16925,4
martin-circuit122,martin-14020,5
martin-circuit122,martin-14017,6
martin-circuit122,martin-14015,7
martin-circuit122,martin-14023,8
martin-circuit122,martin-14019,9
martin-circuit122,martin-14014,9 bis
martin-circuit122,martin-313246,9 ter
martin-circuit122,martin-14013,10
martin-circuit122,martin-313247,11
martin-circuit122,martin-313248,12
martin-circuit122,martin-313249,13
martin-circuit122,martin-313250,14
martin-circuit122,martin-313251,15
martin-circuit122,martin-313252,16
martin-circuit122,martin-313253,16 bis
martin-circuit122,martin-313254,16 ter
martin-circuit122,martin-313255,17
martin-circuit122,martin-313256,18
martin-circuit122,martin-313257,19
martin-circuit122,martin-313258,20
martin-circuit122,martin-313259,21
martin-circuit122,martin-313260,22
martin-circuit122,martin-313261,22 bis
martin-circuit122,martin-313262,23
martin-circuit122,martin-313263,24
martin-circuit122,martin-313264,25
martin-circuit122,martin-313265,26
martin-circuit122,martin-313266,27
martin-circuit122,martin-313267,28
martin-circuit122,martin-313268,29
martin-circuit122,martin-313269,30
martin-circuit122,martin-313270,31
martin-circuit122,martin-313271,32
martin-circuit122,martin-313272,33
martin-circuit122,martin-313273,33 bis
martin-circuit123,martin-13965,1
martin-circuit123,martin-14000,1 bis
martin-circuit123,martin-13966,2
martin-circuit123,martin-13979,2 bis
martin-circuit123,martin-13967,3
martin-circuit123,martin-13968,4
martin-circuit123,martin-13969,5
martin-circuit123,martin-13970,6
martin-circuit123,martin-13971,7
martin-circuit123,martin-13975,8
martin-circuit123,martin-13976,9
martin-circuit123,martin-13977,10
martin-circuit123,martin-13978,11
martin-circuit123,martin-13980,12
martin-circuit123,martin-13981,13
martin-circuit123,martin-13982,14
martin-circuit123,martin-13983,15
martin-circuit123,martin-314050,16
martin-circuit123,martin-314056,17
martin-circuit123,martin-13984,18
martin-circuit123,martin-13985,19
martin-circuit123,martin-13987,20
martin-circuit123,martin-314053,21
martin-circuit123,martin-13988,22
martin-circuit123,martin-13990,22 bis
martin-circuit123,martin-13991,23
martin-circuit123,martin-314054,23 bis
martin-circuit123,martin-13992,24
martin-circuit123,martin-13989,24 bis
martin-circuit123,martin-13993,25
martin-circuit123,martin-13994,26
martin-circuit123,martin-314055,27
martin-circuit123,martin-14006,28
martin-circuit123,martin-14005,29
martin-circuit123,martin-314058,30
martin-circuit123,martin-14004,31
martin-circuit123,martin-14003,32
martin-circuit123,martin-314047,33
martin-circuit123,martin-13995,34
martin-circuit123,martin-13997,35
martin-circuit123,martin-13998,36
martin-circuit123,martin-314041,36 bis
martin-circuit123,martin-14001,37
martin-circuit123,martin-13996,37 bis
martin-circuit123,martin-14002,A
martin-circuit124,martin-14029,1
martin-circuit124,martin-14030,1 bis
martin-circuit124,martin-14031,2
martin-circuit124,martin-14032,3
martin-circuit124,martin-14034,4
martin-circuit124,martin-14035,4 bis
martin-circuit124,martin-14036,5
martin-circuit124,martin-14047,6
martin-circuit124,martin-14037,6 bis
martin-circuit124,martin-14038,7
martin-circuit124,martin-14039,8
martin-circuit124,martin-14040,9
martin-circuit124,martin-14041,10
martin-circuit124,martin-14042,10 bis
martin-circuit124,martin-14043,11
martin-circuit124,martin-14044,12
martin-circuit124,martin-14050,13
martin-circuit124,martin-14049,14
martin-circuit124,martin-14009,15
martin-circuit124,martin-14022,16
martin-circuit124,martin-14051,16 bis
martin-circuit124,martin-14052,17
martin-circuit124,martin-14053,18
martin-circuit124,martin-14056,19
martin-circuit124,martin-14054,20
martin-circuit124,martin-14018,21
martin-circuit124,martin-14057,22
martin-circuit124,martin-14060,23
martin-circuit124,martin-14062,24
martin-circuit124,martin-14061,25
martin-circuit124,martin-14064,26
martin-circuit124,martin-14063,27
martin-circuit124,martin-14065,28
martin-circuit124,martin-14058,29
martin-circuit124,martin-14066,30
martin-circuit124,martin-14067,31
martin-circuit124,martin-14069,32
martin-circuit124,martin-14070,33
martin-circuit124,martin-14071,34
martin-circuit124,martin-14074,35
martin-circuit124,martin-14075,36
martin-circuit124,martin-14068,37
martin-circuit124,martin-14091,37 bis
martin-circuit124,martin-14008,38
martin-circuit124,martin-14088,38 bis
martin-circuit124,martin-14090,39
martin-circuit124,martin-14089,39 bis
martin-circuit124,martin-14076,40
martin-circuit124,martin-14010,41
martin-circuit124,martin-14077,42
martin-circuit124,martin-14078,43
martin-circuit124,martin-14079,44
martin-circuit124,martin-14080,45
martin-circuit124,martin-14081,45 bis
martin-circuit124,martin-14082,46
martin-circuit124,martin-14083,47
martin-circuit124,martin-14084,47 bis
martin-circuit124,martin-14085,47 ter
martin-circuit124,martin-14086,48
martin-circuit124,martin-14087,49
martin-circuit124,martin-14012,50
martin-circuit124,martin-14094,51
martin-circuit124,martin-14095,51 bis
martin-circuit124,martin-14096,52
martin-circuit124,martin-14097,52 bis
martin-circuit124,martin-14098,53
martin-circuit124,martin-14099,54
martin-circuit124,martin-14016,55
martin-circuit124,martin-14101,56
martin-circuit124,martin-14102,56 bis
martin-circuit124,martin-14103,57
martin-circuit124,martin-14105,58
martin-circuit124,martin-14011,59
martin-circuit124,martin-14104,60
martin-circuit124,martin-14106,61
martin-circuit259,martin-14851,1
martin-circuit259,martin-73795,1 bis
martin-circuit259,martin-274557,1 ter
martin-circuit259,martin-14852,2
martin-circuit259,martin-14853,3
martin-circuit259,martin-14854,4
martin-circuit259,martin-314861,4 bis
martin-circuit259,martin-14855,5
martin-circuit259,martin-89483,5 bis
martin-circuit259,martin-14856,6
martin-circuit259,martin-14857,7
martin-circuit259,martin-14858,8
martin-circuit259,martin-14859,9
martin-circuit259,martin-14860,10
martin-circuit259,martin-14861,11
martin-circuit259,martin-14862,12
martin-circuit259,martin-14863,13
martin-circuit259,martin-14864,14
martin-circuit259,martin-14865,15
martin-circuit259,martin-14866,16
martin-circuit259,martin-14867,17
martin-circuit259,martin-14868,18
martin-circuit259,martin-14869,19
martin-circuit259,martin-14870,20
martin-circuit259,martin-14871,21
martin-circuit259,martin-14872,22
martin-circuit259,martin-14873,23
martin-circuit259,martin-14874,24
martin-circuit259,martin-314862,24 bis
martin-circuit259,martin-14875,25
martin-circuit259,martin-14876,26
martin-circuit259,martin-14877,27
martin-circuit259,martin-14878,28
martin-circuit259,martin-14879,29
martin-circuit259,martin-14880,30
martin-circuit259,martin-14881,31
martin-circuit259,martin-14882,32
martin-circuit259,martin-14883,33
martin-circuit259,martin-14884,34
martin-circuit259,martin-14885,35
martin-circuit259,martin-14886,36
martin-circuit259,martin-14887,37
martin-circuit259,martin-13906,37 bis
martin-circuit259,martin-14888,38
martin-circuit259,martin-14889,39
martin-circuit259,martin-14890,40
martin-circuit259,martin-14891,41
martin-circuit259,martin-14892,42
martin-circuit259,martin-14893,43
martin-circuit259,martin-14894,44
martin-circuit259,martin-314857,44 bis
martin-circuit259,martin-14895,45
martin-circuit259,martin-6576,45 bis
martin-circuit259,martin-14896,46
martin-circuit125,martin-13882,D
martin-circuit125,martin-6546,1
martin-circuit125,martin-23302,2
martin-circuit125,martin-6547,3
martin-circuit125,martin-6617,4
martin-circuit125,martin-49856,5
martin-circuit125,martin-6619,6
martin-circuit125,martin-6548,6 bis
martin-circuit125,martin-6551,7
martin-circuit125,martin-13883,8
martin-circuit125,martin-13884,9
martin-circuit125,martin-13885,10
martin-circuit125,martin-13886,10 bis
martin-circuit125,martin-13887,11
martin-circuit125,martin-13888,11 bis
martin-circuit125,martin-6552,12
martin-circuit125,martin-13889,12 bis
martin-circuit125,martin-13890,13
martin-circuit125,martin-13891,14
martin-circuit125,martin-13892,15
martin-circuit125,martin-6554,16
martin-circuit125,martin-6556,17
martin-circuit125,martin-13893,17 bis
martin-circuit125,martin-6555,18
martin-circuit125,martin-13894,18 bis
martin-circuit125,martin-13895,19
martin-circuit125,martin-6557,20
martin-circuit125,martin-6558,21
martin-circuit125,martin-13896,22
martin-circuit125,martin-6559,23
martin-circuit125,martin-13897,24
martin-circuit125,martin-13898,25
martin-circuit125,martin-13899,26
martin-circuit125,martin-13900,26 bis
martin-circuit125,martin-6561,27
martin-circuit125,martin-22666,28
martin-circuit125,martin-13901,28 bis
martin-circuit125,martin-6562,29
martin-circuit125,martin-6563,30
martin-circuit125,martin-6564,31
martin-circuit125,martin-6565,32
martin-circuit125,martin-6566,33
martin-circuit125,martin-6567,34
martin-circuit125,martin-6568,35
martin-circuit125,martin-6569,36
martin-circuit125,martin-13902,37
martin-circuit125,martin-13903,37 bis
martin-circuit125,martin-13904,38
martin-circuit125,martin-6572,39
martin-circuit125,martin-13905,39 bis
martin-circuit125,martin-6574,41
martin-circuit125,martin-13907,42
martin-circuit125,martin-13908,43
martin-circuit125,martin-6579,45
martin-circuit125,martin-13909,46
martin-circuit125,martin-13910,47
martin-circuit125,martin-6582,48
martin-circuit125,martin-6581,49
martin-circuit125,martin-6583,50
martin-circuit126,martin-6584,1
martin-circuit126,martin-23326,2
martin-circuit126,martin-23325,2 bis
martin-circuit126,martin-23323,3
martin-circuit126,martin-6585,4
martin-circuit126,martin-6586,5
martin-circuit126,martin-6587,6
martin-circuit126,martin-6588,7
martin-circuit126,martin-6589,7 bis
martin-circuit126,martin-6590,8
martin-circuit126,martin-6591,9
martin-circuit126,martin-6594,10
martin-circuit126,martin-6595,11
martin-circuit126,martin-23322,12
martin-circuit126,martin-6596,12 bis
martin-circuit126,martin-23321,13
martin-circuit126,martin-6597,14
martin-circuit126,martin-23319,14 bis
martin-circuit126,martin-6598,15
martin-circuit126,martin-6599,16
martin-circuit126,martin-23318,17
martin-circuit126,martin-6600,18
martin-circuit126,martin-6601,19
martin-circuit126,martin-6602,20
martin-circuit126,martin-6603,20 bis
martin-circuit126,martin-6604,21
martin-circuit126,martin-6605,22
martin-circuit126,martin-6606,23
martin-circuit126,martin-6607,24
martin-circuit126,martin-6608,25
martin-circuit126,martin-14828,26
martin-circuit126,martin-6609,27
martin-circuit126,martin-6610,28
martin-circuit126,martin-14827,28 bis
martin-circuit126,martin-6613,29
martin-circuit126,martin-6612,30
martin-circuit126,martin-23312,31
martin-circuit126,martin-23311,32
martin-circuit126,martin-6611,33
martin-circuit126,martin-23310,34
martin-circuit127,martin-6544,1
martin-circuit127,martin-6497,2
martin-circuit127,martin-6498,3
martin-circuit127,martin-6499,4
martin-circuit127,martin-23328,5
martin-circuit127,martin-6503,6
martin-circuit127,martin-6504,7
martin-circuit127,martin-6501,8
martin-circuit127,martin-16939,9
martin-circuit127,martin-6505,10
martin-circuit127,martin-6506,11
martin-circuit127,martin-6507,12
martin-circuit127,martin-6508,13
martin-circuit127,martin-6509,14
martin-circuit127,martin-6510,15
martin-circuit127,martin-6511,16
martin-circuit127,martin-6512,17
martin-circuit127,martin-6513,18
martin-circuit127,martin-6514,19
martin-circuit127,martin-6515,20
martin-circuit127,martin-6516,21
martin-circuit127,martin-6517,22
martin-circuit127,martin-6518,23
martin-circuit127,martin-6519,24
martin-circuit127,martin-6520,25
martin-circuit127,martin-6521,26
martin-circuit127,martin-6522,27
martin-circuit127,martin-6523,28
martin-circuit127,martin-6524,29
martin-circuit127,martin-6525,30
martin-circuit127,martin-6526,31
martin-circuit127,martin-6527,32
martin-circuit127,martin-6528,33
martin-circuit127,martin-6529,34
martin-circuit127,martin-6530,35
martin-circuit127,martin-6531,36
martin-circuit127,martin-6532,37
martin-circuit127,martin-6533,38
martin-circuit127,martin-6534,39
martin-circuit127,martin-6535,40
martin-circuit127,martin-6536,41
martin-circuit127,martin-6537,42
martin-circuit127,martin-6538,43
martin-circuit127,martin-6539,44
martin-circuit127,martin-6540,45
martin-circuit127,martin-6541,46
martin-circuit127,martin-6542,47
martin-circuit127,martin-6543,48
martin-circuit127,martin-9872,49
martin-circuit127,martin-9873,50
beauvaisest-circuit350,beauvaisest-307517,1
beauvaisest-circuit350,beauvaisest-307462,2
beauvaisest-circuit350,beauvaisest-307463,3
beauvaisest-circuit350,beauvaisest-307460,4
beauvaisest-circuit350,beauvaisest-307458,5
beauvaisest-circuit350,beauvaisest-307522,6
beauvaisest-circuit350,beauvaisest-307523,7
beauvaisest-circuit350,beauvaisest-307515,8
beauvaisest-circuit350,beauvaisest-307451,9
beauvaisest-circuit350,beauvaisest-307450,10
beauvaisest-circuit350,beauvaisest-6762,11
beauvaisest-circuit350,beauvaisest-307452,12
beauvaisest-circuit350,beauvaisest-307456,13
beauvaisest-circuit350,beauvaisest-307454,14
beauvaisest-circuit350,beauvaisest-307464,15
beauvaisest-circuit350,beauvaisest-307449,16
beauvaisest-circuit350,beauvaisest-13042,17
beauvaisest-circuit350,beauvaisest-307442,18
beauvaisest-circuit350,beauvaisest-13041,19
beauvaisest-circuit350,beauvaisest-307444,20
beauvaisest-circuit350,beauvaisest-13050,21
beauvaisest-circuit350,beauvaisest-13048,22
beauvaisest-circuit350,beauvaisest-307524,23
beauvaisest-circuit350,beauvaisest-307443,24
beauvaisest-circuit350,beauvaisest-13070,25
beauvaisest-circuit350,beauvaisest-13066,26
beauvaisest-circuit350,beauvaisest-307521,27
beauvaisest-circuit350,beauvaisest-307516,28
beauvaisest-circuit350,beauvaisest-307445,29
beauvaisest-circuit350,beauvaisest-13081,30
beauvaisest-circuit350,beauvaisest-307446,31
beauvaisest-circuit350,beauvaisest-13097,32
beauvaisest-circuit350,beauvaisest-307520,33
beauvaisest-circuit350,beauvaisest-13108,34
beauvaisest-circuit350,beauvaisest-13111,35
beauvaisest-circuit350,beauvaisest-13113,36
beauvaisest-circuit350,beauvaisest-307448,37
95.2-circuit87,95.2-13533,1
95.2-circuit87,95.2-13534,2
95.2-circuit87,95.2-13535,3
95.2-circuit87,95.2-13536,4
95.2-circuit87,95.2-13537,5
95.2-circuit87,95.2-13538,6
95.2-circuit87,95.2-13539,7
95.2-circuit87,95.2-13540,8
95.2-circuit87,95.2-13541,9
95.2-circuit87,95.2-13542,10
95.2-circuit87,95.2-13586,11
95.2-circuit87,95.2-87830,12
95.2-circuit87,95.2-13545,13
95.2-circuit87,95.2-234243,14
95.2-circuit87,95.2-13547,15
95.2-circuit87,95.2-90573,16
95.2-circuit87,95.2-13585,17
95.2-circuit87,95.2-13584,18
95.2-circuit341,95.2-61946,1
95.2-circuit341,95.2-218335,2
95.2-circuit341,95.2-241410,2 bis
95.2-circuit341,95.2-137436,3
95.2-circuit341,95.2-95268,4
95.2-circuit341,95.2-238577,5
95.2-circuit341,95.2-253056,6
95.2-circuit341,95.2-182351,7
95.2-circuit341,95.2-268452,7 bis
95.2-circuit341,95.2-81920,8
95.2-circuit341,95.2-13543,9
95.2-circuit341,95.2-240693,9 bis
95.2-circuit341,95.2-13544,10
95.2-circuit341,95.2-100276,11
95.2-circuit341,95.2-187305,12
95.2-circuit341,95.2-13546,13
95.2-circuit341,95.2-56414,13 bis
95.2-circuit341,95.2-222738,14
95.2-circuit341,95.2-13548,15
95.2-circuit341,95.2-13549,16
95.2-circuit341,95.2-13550,17
95.2-circuit341,95.2-268161,18
95.2-circuit341,95.2-253731,19
95.2-circuit341,95.2-261013,20
95.2-circuit341,95.2-145428,20 bis
95.2-circuit341,95.2-40183,21
95.2-circuit341,95.2-13580,22
95.2-circuit341,95.2-85272,23
95.2-circuit341,95.2-222664,24
95.2-circuit341,95.2-59092,24 bis
95.2-circuit341,95.2-78348,25
95.2-circuit341,95.2-156101,25 bis
95.2-circuit341,95.2-260782,26
95.2-circuit341,95.2-305064,27
95.2-circuit341,95.2-118091,28
95.2-circuit341,95.2-275477,29
95.2-circuit341,95.2-39095,30
95.2-circuit341,95.2-35761,31
95.2-circuit341,95.2-298305,31 bis
95.2-circuit341,95.2-13563,32
95.2-circuit341,95.2-245367,33
95.2-circuit341,95.2-121536,34
95.2-circuit341,95.2-148741,35
95.2-circuit341,95.2-114527,36
95.2-circuit341,95.2-95807,37
95.2-circuit341,95.2-257789,38
95.2-circuit341,95.2-222041,39
95.2-circuit341,95.2-131253,40
95.2-circuit341,95.2-308647,40 bis
95.2-circuit341,95.2-186196,41
95.2-circuit341,95.2-212902,42
95.2-circuit341,95.2-64161,43
95.2-circuit341,95.2-77285,A
95.2-circuit84,95.2-3661,1
95.2-circuit84,95.2-3682,2
95.2-circuit84,95.2-3662,2 bis
95.2-circuit84,95.2-3683,3
95.2-circuit84,95.2-3663,4
95.2-circuit84,95.2-3664,5
95.2-circuit84,95.2-3668,6
95.2-circuit84,95.2-3665,7
95.2-circuit84,95.2-3667,8
95.2-circuit84,95.2-3687,9
95.2-circuit84,95.2-3670,10
95.2-circuit84,95.2-3671,11
95.2-circuit84,95.2-3672,12
95.2-circuit84,95.2-3666,13
95.2-circuit84,95.2-3673,13 bis
95.2-circuit84,95.2-3674,14
95.2-circuit84,95.2-3676,15
95.2-circuit84,95.2-3675,15 bis
95.2-circuit84,95.2-3669,16
95.2-circuit84,95.2-8455,17
95.2-circuit84,95.2-3677,18
95.2-circuit84,95.2-3678,19
95.2-circuit84,95.2-3679,20
95.2-circuit84,95.2-3680,21
95.2-circuit84,95.2-207639,22
95.2-circuit84,95.2-3684,23
95.2-circuit84,95.2-3754,24
95.2-circuit84,95.2-3685,25
95.2-circuit84,95.2-3686,26
95.2-circuit84,95.2-3694,27
95.2-circuit84,95.2-3690,28
95.2-circuit84,95.2-3688,29
95.2-circuit84,95.2-3681,30
95.2-circuit84,95.2-3691,31
95.2-circuit84,95.2-3692,32
95.2-circuit84,95.2-3693,32 bis
95.2-circuit84,95.2-275950,33
95.2-circuit84,95.2-3697,34
95.2-circuit84,95.2-3696,35
95.2-circuit84,95.2-3698,35 bis
95.2-circuit84,95.2-3695,36
95.2-circuit84,95.2-3700,37
95.2-circuit84,95.2-3699,38
95.2-circuit84,95.2-3701,39
95.2-circuit84,95.2-3702,40
95.2-circuit84,95.2-3703,41
95.2-circuit85,95.2-3704,1
95.2-circuit85,95.2-305207,2
95.2-circuit85,95.2-3705,3
95.2-circuit85,95.2-305208,3 bis
95.2-circuit85,95.2-3706,4
95.2-circuit85,95.2-3707,4 bis
95.2-circuit85,95.2-3708,5
95.2-circuit85,95.2-32176,6
95.2-circuit85,95.2-252584,6 bis
95.2-circuit85,95.2-185261,7
95.2-circuit85,95.2-238868,8
95.2-circuit85,95.2-40633,9
95.2-circuit85,95.2-72369,9 bis
95.2-circuit85,95.2-3711,10
95.2-circuit85,95.2-3714,11
95.2-circuit85,95.2-162587,11 bis
95.2-circuit85,95.2-87888,12
95.2-circuit85,95.2-38842,13
95.2-circuit85,95.2-3715,14
95.2-circuit85,95.2-3716,14 bis
95.2-circuit85,95.2-3717,15
95.2-circuit85,95.2-201922,16
95.2-circuit85,95.2-3718,17
95.2-circuit85,95.2-129004,17 bis
95.2-circuit85,95.2-3720,18
95.2-circuit85,95.2-3722,19
95.2-circuit85,95.2-23491,20
95.2-circuit85,95.2-3724,21
95.2-circuit85,95.2-3726,22
95.2-circuit85,95.2-305063,23
95.2-circuit85,95.2-3734,24
95.2-circuit85,95.2-305209,24 bis
95.2-circuit85,95.2-278878,25
95.2-circuit85,95.2-57406,26
95.2-circuit85,95.2-3741,27
95.2-circuit85,95.2-3743,28
95.2-circuit85,95.2-2137,28 bis
95.2-circuit85,95.2-3745,29
95.2-circuit85,95.2-108497,30
95.2-circuit85,95.2-64838,30 bis
95.2-circuit85,95.2-190110,31
95.2-circuit85,95.2-246851,32
95.2-circuit85,95.2-3749,33
95.2-circuit85,95.2-3750,33 bis
95.2-circuit85,95.2-3752,34
95.2-circuit85,95.2-3753,35
95.2-circuit85,95.2-30024,35 bis
95.2-circuit85,95.2-3751,36
95.2-circuit85,95.2-216983,37
95.2-circuit85,95.2-59095,38
95.2-circuit85,95.2-3756,39
95.2-circuit85,95.2-3755,40
95.2-circuit85,95.2-3760,41
95.2-circuit85,95.2-3761,42
95.2-circuit85,95.2-3762,43
95.2-circuit86,95.2-3763,1
95.2-circuit86,95.2-3764,2
95.2-circuit86,95.2-3765,3
95.2-circuit86,95.2-10,3 bis
95.2-circuit86,95.2-16,3 ter
95.2-circuit86,95.2-3766,4
95.2-circuit86,95.2-3767,5
95.2-circuit86,95.2-3768,6
95.2-circuit86,95.2-3769,7
95.2-circuit86,95.2-3770,8
95.2-circuit86,95.2-25,8 bis
95.2-circuit86,95.2-3771,9
95.2-circuit86,95.2-3772,10
95.2-circuit86,95.2-3773,10 bis
95.2-circuit86,95.2-3774,11
95.2-circuit86,95.2-3775,11 bis
95.2-circuit86,95.2-3776,12
95.2-circuit86,95.2-3777,13
95.2-circuit86,95.2-3778,14
95.2-circuit86,95.2-3779,15
95.2-circuit86,95.2-3780,16
95.2-circuit86,95.2-3781,17
95.2-circuit86,95.2-3782,18
95.2-circuit86,95.2-3783,19
95.2-circuit86,95.2-3784,20
95.2-circuit86,95.2-3785,21
95.2-circuit86,95.2-3786,22
95.2-circuit86,95.2-3787,23
95.2-circuit86,95.2-3788,24
95.2-circuit86,95.2-3789,24 bis
95.2-circuit86,95.2-3790,25
95.2-circuit86,95.2-3791,26
95.2-circuit86,95.2-3792,27
95.2-circuit86,95.2-3793,28
95.2-circuit86,95.2-8,28 bis
95.2-circuit86,95.2-3794,29
95.2-circuit86,95.2-19,29 bis
95.2-circuit86,95.2-3795,30
95.2-circuit86,95.2-3,30 bis
95.2-circuit86,95.2-3796,31
95.2-circuit86,95.2-7,31 bis
95.2-circuit86,95.2-2,32
95.2-circuit86,95.2-12,32 bis
95.2-circuit86,95.2-17,32 ter
95.2-circuit86,95.2-3797,33
95.2-circuit86,95.2-3798,33 bis
95.2-circuit86,95.2-3799,34
95.2-circuit86,95.2-3800,35
95.2-circuit86,95.2-3801,36
95.2-circuit86,95.2-3802,37
videlles-circuit235,videlles-22561,1
videlles-circuit235,videlles-22562,2
videlles-circuit235,videlles-22563,3
videlles-circuit235,videlles-22564,4
videlles-circuit235,videlles-22565,5
videlles-circuit235,videlles-22566,6
videlles-circuit235,videlles-22567,7
videlles-circuit235,videlles-22568,8
videlles-circuit235,videlles-22569,9
videlles-circuit235,videlles-22571,11
videlles-circuit235,videlles-22572,12
videlles-circuit235,videlles-22573,13
videlles-circuit235,videlles-22574,14
videlles-circuit235,videlles-22575,15
videlles-circuit235,videlles-22576,16
videlles-circuit235,videlles-22577,17
videlles-circuit235,videlles-22578,18
videlles-circuit235,videlles-22579,19
videlles-circuit235,videlles-22580,20
videlles-circuit235,videlles-22581,21
videlles-circuit235,videlles-22582,22
videlles-circuit235,videlles-22583,23
videlles-circuit235,videlles-22584,24
videlles-circuit235,videlles-22585,25
videlles-circuit235,videlles-22586,26
videlles-circuit235,videlles-22587,27
videlles-circuit235,videlles-22588,28
videlles-circuit235,videlles-22589,29
videlles-circuit235,videlles-22590,30
videlles-circuit235,videlles-22591,31
videlles-circuit235,videlles-22592,32
videlles-circuit235,videlles-22593,33
videlles-circuit235,videlles-22594,34
videlles-circuit235,videlles-22595,35
videlles-circuit235,videlles-22596,36
videlles-circuit235,videlles-22597,37
videlles-circuit235,videlles-22598,38
videlles-circuit235,videlles-22599,39
videlles-circuit235,videlles-22600,40
videlles-circuit235,videlles-22601,41
videlles-circuit235,videlles-22602,42
videlles-circuit195,videlles-18226,1
videlles-circuit195,videlles-18227,2
videlles-circuit195,videlles-18228,3
videlles-circuit195,videlles-18229,4
videlles-circuit195,videlles-18230,5
videlles-circuit195,videlles-18231,6
videlles-circuit195,videlles-18232,7
videlles-circuit195,videlles-18233,8
videlles-circuit195,videlles-18234,9
videlles-circuit195,videlles-18235,10
videlles-circuit195,videlles-18236,10 bis
videlles-circuit195,videlles-18237,11
videlles-circuit195,videlles-18238,12
videlles-circuit195,videlles-18239,13
videlles-circuit195,videlles-18240,14
videlles-circuit195,videlles-18241,15
videlles-circuit195,videlles-18242,16
videlles-circuit195,videlles-18243,17
videlles-circuit195,videlles-18244,18
videlles-circuit195,videlles-18245,19
videlles-circuit195,videlles-18246,20
videlles-circuit195,videlles-18247,21
videlles-circuit195,videlles-18248,21 bis
videlles-circuit195,videlles-18249,22
videlles-circuit195,videlles-18250,23
videlles-circuit195,videlles-18251,24
videlles-circuit195,videlles-18252,25
videlles-circuit195,videlles-18253,26
videlles-circuit195,videlles-18254,27
videlles-circuit195,videlles-18255,28
videlles-circuit195,videlles-18256,29
videlles-circuit195,videlles-18257,30
videlles-circuit195,videlles-18258,31
videlles-circuit195,videlles-18259,32
videlles-circuit195,videlles-18260,33
videlles-circuit195,videlles-18261,34
videlles-circuit195,videlles-18262,35
videlles-circuit195,videlles-18263,36
videlles-circuit195,videlles-18264,37
videlles-circuit195,videlles-18265,38
videlles-circuit195,videlles-18266,39
videlles-circuit195,videlles-18267,40
videlles-circuit195,videlles-18268,41
videlles-circuit231,videlles-10500,1
videlles-circuit231,videlles-10501,2
videlles-circuit231,videlles-10502,3
videlles-circuit231,videlles-10503,4
videlles-circuit231,videlles-10504,5
videlles-circuit231,videlles-10505,6
videlles-circuit231,videlles-10506,7
videlles-circuit231,videlles-10507,7 bis
videlles-circuit231,videlles-10508,8
videlles-circuit231,videlles-10509,8 bis
videlles-circuit231,videlles-10510,9
videlles-circuit231,videlles-10511,10
videlles-circuit231,videlles-10512,11
videlles-circuit231,videlles-10513,12
videlles-circuit231,videlles-10514,13
videlles-circuit231,videlles-10515,14
videlles-circuit231,videlles-10516,15
videlles-circuit231,videlles-10517,16
videlles-circuit231,videlles-10518,17
videlles-circuit231,videlles-10519,18
videlles-circuit231,videlles-10520,19
videlles-circuit231,videlles-10521,20
videlles-circuit231,videlles-10522,21
videlles-circuit231,videlles-10523,22
videlles-circuit231,videlles-10524,23
videlles-circuit231,videlles-10525,24
videlles-circuit231,videlles-10526,25
videlles-circuit231,videlles-10527,26
videlles-circuit231,videlles-10528,27
videlles-circuit231,videlles-10529,28
videlles-circuit231,videlles-10530,29
videlles-circuit231,videlles-10531,30
videlles-circuit194,videlles-18174,1
videlles-circuit194,videlles-18175,2
videlles-circuit194,videlles-18176,3
videlles-circuit194,videlles-18177,4
videlles-circuit194,videlles-18178,5
videlles-circuit194,videlles-18179,6
videlles-circuit194,videlles-18180,7
videlles-circuit194,videlles-18181,8
videlles-circuit194,videlles-18182,9
videlles-circuit194,videlles-18183,10
videlles-circuit194,videlles-18184,11
videlles-circuit194,videlles-18185,12
videlles-circuit194,videlles-18186,13
videlles-circuit194,videlles-18187,14
videlles-circuit194,videlles-18188,15
videlles-circuit194,videlles-18189,16
videlles-circuit194,videlles-18190,17
videlles-circuit194,videlles-18191,18
videlles-circuit194,videlles-18192,18 bis
videlles-circuit194,videlles-18193,19
videlles-circuit194,videlles-18194,20
videlles-circuit194,videlles-18195,21
videlles-circuit194,videlles-18196,22
videlles-circuit194,videlles-18197,23
videlles-circuit194,videlles-18198,24
videlles-circuit194,videlles-18199,25
videlles-circuit194,videlles-18200,26
videlles-circuit194,videlles-18201,27
videlles-circuit194,videlles-18202,28
videlles-circuit194,videlles-18203,28 bis
videlles-circuit194,videlles-18204,29
videlles-circuit194,videlles-18205,30
videlles-circuit194,videlles-18206,31
videlles-circuit194,videlles-18207,31 bis
videlles-circuit194,videlles-18208,32
videlles-circuit194,videlles-18209,33
videlles-circuit194,videlles-18210,34
videlles-circuit194,videlles-18211,35
videlles-circuit194,videlles-18212,36
videlles-circuit194,videlles-18213,37
videlles-circuit194,videlles-18214,38
videlles-circuit194,videlles-18215,39
videlles-circuit194,videlles-18216,40
videlles-circuit194,videlles-18217,41
videlles-circuit194,videlles-18218,42
videlles-circuit194,videlles-18219,43
videlles-circuit194,videlles-18220,44
videlles-circuit194,videlles-18221,45
videlles-circuit194,videlles-18222,46
videlles-circuit194,videlles-18223,47
videlles-circuit194,videlles-18224,48
videlles-circuit194,videlles-18225,49
videlles-circuit229,videlles-10461,1
videlles-circuit229,videlles-10462,1 bis
videlles-circuit229,videlles-10463,2
videlles-circuit229,videlles-10464,2 bis
videlles-circuit229,videlles-10465,3
videlles-circuit229,videlles-10466,4
videlles-circuit229,videlles-10467,4 bis
videlles-circuit229,videlles-10468,4 ter
videlles-circuit229,videlles-10469,5
videlles-circuit229,videlles-10470,6
videlles-circuit229,videlles-10471,7
videlles-circuit229,videlles-10472,8
videlles-circuit229,videlles-10473,8 bis
videlles-circuit229,videlles-10474,9
videlles-circuit229,videlles-10475,10
videlles-circuit229,videlles-10476,11
videlles-circuit229,videlles-10477,11 bis
videlles-circuit229,videlles-10478,11 ter
videlles-circuit229,videlles-10479,12
videlles-circuit229,videlles-10480,13
videlles-circuit229,videlles-10481,14
videlles-circuit229,videlles-10482,14 bis
videlles-circuit229,videlles-10483,14 ter
videlles-circuit229,videlles-10484,15
videlles-circuit229,videlles-10485,16
videlles-circuit229,videlles-10486,17
videlles-circuit229,videlles-10487,17 bis
videlles-circuit229,videlles-10488,18
videlles-circuit229,videlles-10489,19
videlles-circuit229,videlles-10490,20
videlles-circuit229,videlles-10491,21
videlles-circuit229,videlles-10492,22
videlles-circuit229,videlles-10493,23
videlles-circuit229,videlles-10494,24
videlles-circuit229,videlles-10495,25
videlles-circuit229,videlles-10496,26
videlles-circuit229,videlles-10497,26 bis
videlles-circuit229,videlles-10498,27
videlles-circuit229,videlles-10499,28
videlles-circuit228,videlles-10422,1
videlles-circuit228,videlles-10423,2
videlles-circuit228,videlles-10424,3
videlles-circuit228,videlles-10425,4
videlles-circuit228,videlles-10426,5
videlles-circuit228,videlles-10427,6
videlles-circuit228,videlles-10428,7
videlles-circuit228,videlles-10429,8
videlles-circuit228,videlles-10430,9
videlles-circuit228,videlles-10431,9 bis
videlles-circuit228,videlles-10432,10
videlles-circuit228,videlles-10433,10 bis
videlles-circuit228,videlles-10434,11
videlles-circuit228,videlles-10435,12
videlles-circuit228,videlles-10436,12 bis
videlles-circuit228,videlles-10437,13
videlles-circuit228,videlles-10438,14
videlles-circuit228,videlles-10439,15
videlles-circuit228,videlles-10440,16
videlles-circuit228,videlles-10441,17
videlles-circuit228,videlles-10442,18
videlles-circuit228,videlles-10443,19
videlles-circuit228,videlles-10444,19 bis
videlles-circuit228,videlles-10445,20
videlles-circuit228,videlles-10446,21
videlles-circuit228,videlles-10447,21 bis
videlles-circuit228,videlles-10448,22
videlles-circuit228,videlles-10449,23
videlles-circuit228,videlles-10450,24
videlles-circuit228,videlles-10451,25
videlles-circuit228,videlles-10452,26
videlles-circuit228,videlles-10453,27
videlles-circuit228,videlles-10454,28
videlles-circuit228,videlles-10455,29
videlles-circuit228,videlles-10456,30
videlles-circuit228,videlles-10457,31
videlles-circuit228,videlles-10458,32
videlles-circuit228,videlles-10459,33
videlles-circuit228,videlles-10460,34
videlles-circuit227,videlles-10348,1
videlles-circuit227,videlles-10349,1 bis
videlles-circuit227,videlles-10350,2
videlles-circuit227,videlles-10351,3
videlles-circuit227,videlles-10352,3 bis
videlles-circuit227,videlles-10353,4
videlles-circuit227,videlles-10354,5
videlles-circuit227,videlles-10355,6
videlles-circuit227,videlles-10356,7
videlles-circuit227,videlles-10357,8
videlles-circuit227,videlles-10358,9
videlles-circuit227,videlles-10359,10
videlles-circuit227,videlles-10360,11
videlles-circuit227,videlles-10361,12
videlles-circuit227,videlles-10362,13
videlles-circuit227,videlles-10363,14
videlles-circuit227,videlles-10364,15
videlles-circuit227,videlles-10365,16
videlles-circuit227,videlles-10366,17
videlles-circuit227,videlles-10367,18
videlles-circuit227,videlles-10368,18 bis
videlles-circuit227,videlles-10369,18 ter
videlles-circuit227,videlles-10370,19
videlles-circuit227,videlles-10371,20
videlles-circuit227,videlles-10372,21
videlles-circuit227,videlles-10373,22
videlles-circuit227,videlles-10374,23
videlles-circuit227,videlles-10375,24
videlles-circuit227,videlles-10376,25
videlles-circuit227,videlles-10377,26
videlles-circuit227,videlles-10378,26 bis
videlles-circuit227,videlles-10379,26 ter
videlles-circuit227,videlles-10380,27
videlles-circuit227,videlles-10381,28
videlles-circuit227,videlles-10382,29
videlles-circuit227,videlles-10383,30
videlles-circuit227,videlles-10384,31
videlles-circuit227,videlles-10385,32
videlles-circuit227,videlles-10386,33
videlles-circuit227,videlles-10387,34
videlles-circuit227,videlles-10388,35
videlles-circuit227,videlles-10389,36
videlles-circuit227,videlles-10390,37
videlles-circuit227,videlles-10391,38
videlles-circuit227,videlles-10392,39
videlles-circuit227,videlles-10393,40
videlles-circuit227,videlles-10394,41
videlles-circuit227,videlles-10395,42
videlles-circuit227,videlles-10397,43
videlles-circuit227,videlles-10398,44
videlles-circuit227,videlles-23505,44 bis
videlles-circuit227,videlles-10399,45
videlles-circuit227,videlles-10400,46
videlles-circuit227,videlles-10401,47
videlles-circuit227,videlles-10402,48
videlles-circuit227,videlles-10403,49
videlles-circuit227,videlles-10404,49 bis
videlles-circuit227,videlles-10405,50
videlles-circuit227,videlles-10406,51
videlles-circuit227,videlles-10407,52
videlles-circuit227,videlles-10408,53
videlles-circuit227,videlles-10409,54
videlles-circuit227,videlles-10410,55
videlles-circuit227,videlles-10411,56
videlles-circuit227,videlles-10412,56 bis
videlles-circuit227,videlles-10413,57
videlles-circuit227,videlles-10414,58
videlles-circuit227,videlles-10415,59
videlles-circuit227,videlles-10416,60
videlles-circuit227,videlles-10417,61
videlles-circuit196,videlles-8292,1
videlles-circuit196,videlles-1071,2
videlles-circuit196,videlles-8293,3
videlles-circuit196,videlles-1072,4
videlles-circuit196,videlles-8294,5
videlles-circuit196,videlles-1073,6
videlles-circuit196,videlles-8295,7
videlles-circuit196,videlles-1074,8
videlles-circuit196,videlles-8296,9
videlles-circuit196,videlles-1075,10
videlles-circuit196,videlles-8297,11
videlles-circuit196,videlles-8298,12
videlles-circuit196,videlles-1076,13
videlles-circuit196,videlles-8299,14
videlles-circuit196,videlles-8300,15
videlles-circuit196,videlles-1077,15 bis
videlles-circuit196,videlles-8301,16
videlles-circuit196,videlles-1078,17
videlles-circuit196,videlles-1079,18
videlles-circuit196,videlles-8302,19
videlles-circuit196,videlles-1080,20
videlles-circuit196,videlles-8303,21
videlles-circuit196,videlles-8304,22
videlles-circuit196,videlles-8305,23
videlles-circuit196,videlles-8306,24
videlles-circuit196,videlles-8307,25
videlles-circuit196,videlles-1081,26
videlles-circuit196,videlles-1082,26 bis
videlles-circuit196,videlles-1083,26 ter
videlles-circuit196,videlles-8308,27
videlles-circuit196,videlles-1084,28
videlles-circuit196,videlles-8309,29
videlles-circuit196,videlles-8310,30
videlles-circuit196,videlles-8311,31
videlles-circuit196,videlles-1085,32
videlles-circuit196,videlles-8312,33
videlles-circuit196,videlles-8313,34
videlles-circuit196,videlles-8314,35
videlles-circuit196,videlles-8315,36
videlles-circuit196,videlles-8316,37
videlles-circuit196,videlles-8317,38
videlles-circuit196,videlles-8318,39
videlles-circuit196,videlles-8319,40
videlles-circuit196,videlles-8320,41
videlles-circuit196,videlles-8321,42
videlles-circuit196,videlles-1086,43
videlles-circuit196,videlles-8322,44
videlles-circuit196,videlles-8323,45
videlles-circuit196,videlles-8324,46
videlles-circuit196,videlles-8325,47
videlles-circuit196,videlles-8326,48
villeneuve-circuit225,villeneuve-10297,1
villeneuve-circuit225,villeneuve-10298,2
villeneuve-circuit225,villeneuve-10299,3
villeneuve-circuit225,villeneuve-10300,4
villeneuve-circuit225,villeneuve-10301,5
villeneuve-circuit225,villeneuve-10302,6
villeneuve-circuit225,villeneuve-10303,7
villeneuve-circuit225,villeneuve-10304,8
villeneuve-circuit225,villeneuve-10305,9
villeneuve-circuit225,villeneuve-10306,10
villeneuve-circuit225,villeneuve-10307,11
villeneuve-circuit225,villeneuve-10308,12
villeneuve-circuit225,villeneuve-10309,13
villeneuve-circuit225,villeneuve-10310,14
villeneuve-circuit225,villeneuve-10311,15
villeneuve-circuit225,villeneuve-10312,16
villeneuve-circuit225,villeneuve-10313,17
villeneuve-circuit225,villeneuve-10314,18
villeneuve-circuit225,villeneuve-10315,19
villeneuve-circuit225,villeneuve-10316,20
villeneuve-circuit225,villeneuve-10317,21
villeneuve-circuit225,villeneuve-10318,22
villeneuve-circuit226,villeneuve-10319,1
villeneuve-circuit226,villeneuve-10320,1 bis
villeneuve-circuit226,villeneuve-10321,2
villeneuve-circuit226,villeneuve-10322,3
villeneuve-circuit226,villeneuve-10323,4
villeneuve-circuit226,villeneuve-10324,5
villeneuve-circuit226,villeneuve-10325,6
villeneuve-circuit226,villeneuve-10326,7
villeneuve-circuit226,villeneuve-10327,8
villeneuve-circuit226,villeneuve-10328,9
villeneuve-circuit226,villeneuve-10329,9 bis
villeneuve-circuit226,villeneuve-10330,10
villeneuve-circuit226,villeneuve-10331,11
villeneuve-circuit226,villeneuve-10332,12
villeneuve-circuit226,villeneuve-10333,13
villeneuve-circuit226,villeneuve-10334,14
villeneuve-circuit226,villeneuve-10335,14 bis
villeneuve-circuit226,villeneuve-10336,15
villeneuve-circuit226,villeneuve-10337,16
villeneuve-circuit226,villeneuve-10338,16 bis
villeneuve-circuit226,villeneuve-10339,17
villeneuve-circuit226,villeneuve-10340,17 bis
villeneuve-circuit226,villeneuve-10341,18
villeneuve-circuit226,villeneuve-10342,19
villeneuve-circuit226,villeneuve-10343,20
villeneuve-circuit226,villeneuve-10344,20 bis
villeneuve-circuit226,villeneuve-10345,21
sanglier-circuit239,sanglier-10667,1
sanglier-circuit239,sanglier-10668,2
sanglier-circuit239,sanglier-10669,3
sanglier-circuit239,sanglier-10670,4
sanglier-circuit239,sanglier-10671,5
sanglier-circuit239,sanglier-10672,6
sanglier-circuit239,sanglier-10673,7
sanglier-circuit239,sanglier-10674,8
sanglier-circuit239,sanglier-10675,9
sanglier-circuit239,sanglier-10676,10
sanglier-circuit239,sanglier-10677,11
sanglier-circuit239,sanglier-10678,12
sanglier-circuit239,sanglier-10679,13
sanglier-circuit239,sanglier-10680,14
sanglier-circuit239,sanglier-10681,15
sanglier-circuit239,sanglier-10682,16
sanglier-circuit239,sanglier-10683,17
sanglier-circuit239,sanglier-10684,18
sanglier-circuit239,sanglier-10685,19
sanglier-circuit239,sanglier-10686,20
sanglier-circuit239,sanglier-10687,21
sanglier-circuit239,sanglier-10688,22
sanglier-circuit239,sanglier-10689,23
sanglier-circuit239,sanglier-10690,24
sanglier-circuit239,sanglier-10691,25
sanglier-circuit239,sanglier-10692,26
sanglier-circuit239,sanglier-10693,27
sanglier-circuit239,sanglier-10694,28
sanglier-circuit239,sanglier-10695,29
sanglier-circuit239,sanglier-10696,30
sanglier-circuit239,sanglier-10697,31
sanglier-circuit239,sanglier-10698,32
sanglier-circuit239,sanglier-10699,33
sanglier-circuit239,sanglier-10700,34
sanglier-circuit239,sanglier-10701,35
sanglier-circuit239,sanglier-10702,36
sanglier-circuit239,sanglier-10703,37
sanglier-circuit239,sanglier-10704,38
sanglier-circuit239,sanglier-10705,39
sanglier-circuit239,sanglier-10706,40
sanglier-circuit239,sanglier-10707,41
sanglier-circuit239,sanglier-10708,42
sanglier-circuit192,sanglier-10709,1
sanglier-circuit192,sanglier-10710,2
sanglier-circuit192,sanglier-10711,3
sanglier-circuit192,sanglier-10712,4
sanglier-circuit192,sanglier-10713,5
sanglier-circuit192,sanglier-10714,6
sanglier-circuit192,sanglier-10715,7
sanglier-circuit192,sanglier-10716,8
sanglier-circuit192,sanglier-10717,9
sanglier-circuit192,sanglier-10718,10
sanglier-circuit192,sanglier-10719,11
sanglier-circuit192,sanglier-10720,12
sanglier-circuit192,sanglier-10721,13
sanglier-circuit192,sanglier-10722,14
sanglier-circuit192,sanglier-10723,15
sanglier-circuit192,sanglier-10724,16
sanglier-circuit192,sanglier-10725,17
sanglier-circuit192,sanglier-10726,18
sanglier-circuit192,sanglier-10727,19
sanglier-circuit192,sanglier-10728,20
sanglier-circuit192,sanglier-10729,21
sanglier-circuit192,sanglier-10730,22
sanglier-circuit192,sanglier-10731,23
sanglier-circuit192,sanglier-10732,24
sanglier-circuit192,sanglier-10733,25
sanglier-circuit192,sanglier-10734,26
sanglier-circuit192,sanglier-10735,27
sanglier-circuit192,sanglier-10736,28
sanglier-circuit192,sanglier-10737,29
sanglier-circuit192,sanglier-10738,30
sanglier-circuit192,sanglier-10739,31
sanglier-circuit192,sanglier-10740,32
sanglier-circuit192,sanglier-10741,33
sanglier-circuit192,sanglier-10742,34
sanglier-circuit192,sanglier-10743,35
sanglier-circuit192,sanglier-10744,36
sanglier-circuit192,sanglier-10745,37
sanglier-circuit192,sanglier-10746,38
sanglier-circuit192,sanglier-10747,38 bis
sanglier-circuit192,sanglier-10748,39
sanglier-circuit192,sanglier-10749,40
sanglier-circuit192,sanglier-10750,41
sanglier-circuit192,sanglier-10751,42
sanglier-circuit192,sanglier-10752,43
sanglier-circuit192,sanglier-10753,44
sanglier-circuit192,sanglier-10754,45
sanglier-circuit192,sanglier-10755,46
sanglier-circuit192,sanglier-10756,47
sanglier-circuit192,sanglier-10757,48
sanglier-circuit192,sanglier-10758,49
sanglier-circuit192,sanglier-10759,50
sanglier-circuit192,sanglier-10760,51
sanglier-circuit192,sanglier-10761,52
sanglier-circuit192,sanglier-10762,53
sanglier-circuit192,sanglier-10763,54
sanglier-circuit192,sanglier-10764,55
sanglier-circuit192,sanglier-10765,56
sanglier-circuit192,sanglier-10766,57
sanglier-circuit192,sanglier-10767,58
sanglier-circuit192,sanglier-10768,59
sanglier-circuit192,sanglier-10769,60
sanglier-circuit192,sanglier-10770,60 bis
sanglier-circuit192,sanglier-10771,61
sanglier-circuit192,sanglier-10772,62
sanglier-circuit192,sanglier-10773,63
sanglier-circuit240,sanglier-10774,1
sanglier-circuit240,sanglier-10775,2
sanglier-circuit240,sanglier-10776,3
sanglier-circuit240,sanglier-10777,4
sanglier-circuit240,sanglier-10778,5
sanglier-circuit240,sanglier-10779,6
sanglier-circuit240,sanglier-10780,7
sanglier-circuit240,sanglier-10781,8
sanglier-circuit240,sanglier-10782,9
sanglier-circuit240,sanglier-10783,10
sanglier-circuit240,sanglier-10784,11
sanglier-circuit240,sanglier-10785,12
sanglier-circuit240,sanglier-10786,13
sanglier-circuit240,sanglier-10787,14
sanglier-circuit240,sanglier-10788,15
sanglier-circuit240,sanglier-10789,16
sanglier-circuit240,sanglier-10791,17
sanglier-circuit240,sanglier-10792,18
sanglier-circuit240,sanglier-10793,19
sanglier-circuit240,sanglier-10794,20
sanglier-circuit240,sanglier-10795,21
sanglier-circuit240,sanglier-10796,22
sanglier-circuit240,sanglier-10797,23
sanglier-circuit240,sanglier-10798,24
sanglier-circuit240,sanglier-10799,25
sanglier-circuit240,sanglier-10800,26
sanglier-circuit240,sanglier-10801,27
sanglier-circuit240,sanglier-10802,28
sanglier-circuit240,sanglier-10790,29
sanglier-circuit240,sanglier-10803,30
sanglier-circuit240,sanglier-10804,31
sanglier-circuit240,sanglier-10805,32
sanglier-circuit240,sanglier-10806,33
sanglier-circuit240,sanglier-10807,34
sanglier-circuit240,sanglier-10808,35
sanglier-circuit240,sanglier-10809,36
sanglier-circuit240,sanglier-10810,37
sanglier-circuit240,sanglier-10811,38
sanglier-circuit240,sanglier-10812,39
sanglier-circuit240,sanglier-10813,40
sanglier-circuit240,sanglier-10814,41
sanglier-circuit193,sanglier-10815,1
sanglier-circuit193,sanglier-10816,2
sanglier-circuit193,sanglier-10817,2 bis
sanglier-circuit193,sanglier-10818,2 ter
sanglier-circuit193,sanglier-10819,3
sanglier-circuit193,sanglier-10820,4
sanglier-circuit193,sanglier-10821,4 bis
sanglier-circuit193,sanglier-10822,5
sanglier-circuit193,sanglier-10823,6
sanglier-circuit193,sanglier-10824,7
sanglier-circuit193,sanglier-10825,8
sanglier-circuit193,sanglier-10826,9
sanglier-circuit193,sanglier-10827,10
sanglier-circuit193,sanglier-10828,11
sanglier-circuit193,sanglier-10829,12
sanglier-circuit193,sanglier-10830,13
sanglier-circuit193,sanglier-10831,14
sanglier-circuit193,sanglier-10832,15
sanglier-circuit193,sanglier-10833,16
sanglier-circuit193,sanglier-10834,17
sanglier-circuit193,sanglier-10835,18
sanglier-circuit193,sanglier-10836,19
sanglier-circuit193,sanglier-10837,20
sanglier-circuit193,sanglier-10838,21
sanglier-circuit193,sanglier-10839,22
sanglier-circuit193,sanglier-10840,23
sanglier-circuit193,sanglier-10841,24
sanglier-circuit193,sanglier-10842,25
sanglier-circuit193,sanglier-10843,26
sanglier-circuit193,sanglier-10844,27
sanglier-circuit193,sanglier-10845,28
sanglier-circuit193,sanglier-10846,29
sanglier-circuit193,sanglier-10847,30
sanglier-circuit193,sanglier-10848,31
sanglier-circuit193,sanglier-10849,31 bis
sanglier-circuit193,sanglier-10850,31 ter
sanglier-circuit193,sanglier-10851,31 quat
sanglier-circuit193,sanglier-10852,32
sanglier-circuit193,sanglier-10853,33
sanglier-circuit193,sanglier-10854,33 bis
sanglier-circuit193,sanglier-10855,34
sanglier-circuit193,sanglier-10856,34 bis
sanglier-circuit193,sanglier-8496,34 ter
sanglier-circuit193,sanglier-10857,35
sanglier-circuit193,sanglier-10858,35 bis
sanglier-circuit193,sanglier-10859,35 ter
sanglier-circuit193,sanglier-10860,36
sanglier-circuit193,sanglier-10861,36 bis
sanglier-circuit193,sanglier-10862,37
sanglier-circuit193,sanglier-10863,38
sanglier-circuit193,sanglier-10864,39
sanglier-circuit193,sanglier-10865,40
sanglier-circuit193,sanglier-10866,40 bis
sanglier-circuit193,sanglier-10867,40 ter
sanglier-circuit193,sanglier-10868,40 quat
sanglier-circuit193,sanglier-10869,41
sanglier-circuit193,sanglier-10870,41 bis
sanglier-circuit193,sanglier-10871,41 ter
sanglier-circuit193,sanglier-10872,41 quat
sanglier-circuit193,sanglier-10873,42
sanglier-circuit193,sanglier-10874,42 bis
sanglier-circuit193,sanglier-10875,43
sanglier-circuit193,sanglier-10876,43 bis
sanglier-circuit193,sanglier-10877,44
sanglier-circuit193,sanglier-10878,44 bis
sanglier-circuit193,sanglier-10879,44 ter
sanglier-circuit193,sanglier-10880,45
sanglier-circuit193,sanglier-10881,45 bis
sanglier-circuit193,sanglier-10882,46
sanglier-circuit193,sanglier-10883,46 bis
sanglier-circuit193,sanglier-10884,47
sanglier-circuit193,sanglier-10885,47 bis
sanglier-circuit193,sanglier-10886,48
sanglier-circuit193,sanglier-10887,48 bis
sanglier-circuit241,sanglier-10888,1
sanglier-circuit241,sanglier-10889,2
sanglier-circuit241,sanglier-10890,3
sanglier-circuit241,sanglier-10891,4
sanglier-circuit241,sanglier-10892,5
sanglier-circuit241,sanglier-10893,6
sanglier-circuit241,sanglier-10894,7
sanglier-circuit241,sanglier-10895,8
sanglier-circuit241,sanglier-10896,9
sanglier-circuit241,sanglier-10897,10
sanglier-circuit241,sanglier-10898,11
sanglier-circuit241,sanglier-10899,12
sanglier-circuit241,sanglier-10900,13
sanglier-circuit241,sanglier-10901,14
sanglier-circuit241,sanglier-10902,15
sanglier-circuit241,sanglier-10903,16
sanglier-circuit241,sanglier-10904,17
sanglier-circuit241,sanglier-10905,18
sanglier-circuit241,sanglier-10906,19
sanglier-circuit241,sanglier-10907,20
sanglier-circuit241,sanglier-10908,21
sanglier-circuit241,sanglier-10909,22
sanglier-circuit241,sanglier-10910,23
sanglier-circuit241,sanglier-10911,24
sanglier-circuit241,sanglier-10912,25
sanglier-circuit241,sanglier-10913,26
sanglier-circuit241,sanglier-10914,27
sanglier-circuit241,sanglier-10915,28
sanglier-circuit241,sanglier-10916,29
sanglier-circuit241,sanglier-10917,30
sanglier-circuit241,sanglier-10918,31
sanglier-circuit241,sanglier-10919,32
sanglier-circuit241,sanglier-10920,33
sanglier-circuit241,sanglier-10921,34
sanglier-circuit241,sanglier-10922,35
sanglier-circuit241,sanglier-10923,36
sanglier-circuit241,sanglier-10924,37
sanglier-circuit241,sanglier-10925,38
sanglier-circuit241,sanglier-10926,39
sanglier-circuit241,sanglier-10927,40
sanglier-circuit242,sanglier-10928,1
sanglier-circuit242,sanglier-10929,2
sanglier-circuit242,sanglier-10930,3
sanglier-circuit242,sanglier-10931,4
sanglier-circuit242,sanglier-908,5
sanglier-circuit242,sanglier-914,6
sanglier-circuit242,sanglier-10932,7
sanglier-circuit242,sanglier-10933,8
sanglier-circuit242,sanglier-10934,9
sanglier-circuit242,sanglier-10935,10
sanglier-circuit242,sanglier-909,11
sanglier-circuit242,sanglier-10936,12
sanglier-circuit242,sanglier-10937,13
sanglier-circuit242,sanglier-10938,14
sanglier-circuit242,sanglier-10939,15
sanglier-circuit242,sanglier-10940,16
sanglier-circuit242,sanglier-911,16 bis
sanglier-circuit242,sanglier-910,17
sanglier-circuit242,sanglier-917,17 bis
sanglier-circuit242,sanglier-10941,18
sanglier-circuit242,sanglier-10942,19
sanglier-circuit242,sanglier-10943,20
sanglier-circuit242,sanglier-10944,21
sanglier-circuit242,sanglier-10945,22
sanglier-circuit242,sanglier-10946,23
sanglier-circuit242,sanglier-10947,24
sanglier-circuit242,sanglier-912,25
sanglier-circuit242,sanglier-10948,26
sanglier-circuit242,sanglier-10949,27
sanglier-circuit242,sanglier-10950,28
sanglier-circuit242,sanglier-10951,29
sanglier-circuit242,sanglier-913,30
sanglier-circuit242,sanglier-10952,31
sanglier-circuit242,sanglier-10953,32
sanglier-circuit242,sanglier-915,33
reine-circuit202,reine-16400,1
reine-circuit202,reine-16342,2
reine-circuit202,reine-313276,2 bis
reine-circuit202,reine-16343,3
reine-circuit202,reine-16344,4
reine-circuit202,reine-16345,5
reine-circuit202,reine-313277,5 bis
reine-circuit202,reine-16346,6
reine-circuit202,reine-16347,7
reine-circuit202,reine-16348,8
reine-circuit202,reine-16349,9
reine-circuit202,reine-314168,9 bis
reine-circuit202,reine-16350,10
reine-circuit202,reine-16351,11
reine-circuit202,reine-16352,12
reine-circuit202,reine-314167,12 bis
reine-circuit202,reine-16353,13
reine-circuit202,reine-16354,14
reine-circuit202,reine-16355,15
reine-circuit202,reine-16356,16
reine-circuit202,reine-16357,17
reine-circuit202,reine-16358,18
reine-circuit202,reine-16359,19
reine-circuit202,reine-16360,20
reine-circuit202,reine-16361,21
reine-circuit202,reine-16362,22
reine-circuit202,reine-16363,23
reine-circuit202,reine-16364,24
reine-circuit202,reine-16365,25
reine-circuit202,reine-16366,26
reine-circuit202,reine-16367,27
reine-circuit202,reine-16368,28
reine-circuit202,reine-16369,29
reine-circuit202,reine-16370,30
reine-circuit202,reine-16371,31
reine-circuit202,reine-16372,32
reine-circuit202,reine-16373,33
reine-circuit202,reine-16374,34
reine-circuit202,reine-16375,35
reine-circuit202,reine-16376,36
reine-circuit202,reine-16377,37
reine-circuit202,reine-16378,38
reine-circuit202,reine-16379,39
reine-circuit202,reine-16380,40
reine-circuit202,reine-16381,41
reine-circuit202,reine-16382,42
reine-circuit202,reine-16383,43
reine-circuit202,reine-16384,44
reine-circuit202,reine-16385,45
reine-circuit202,reine-16386,46
reine-circuit202,reine-16387,47
reine-circuit202,reine-16388,48
reine-circuit202,reine-16389,49
reine-circuit202,reine-16390,50
reine-circuit202,reine-16391,51
reine-circuit202,reine-16392,52
reine-circuit202,reine-16393,53
reine-circuit202,reine-16394,54
reine-circuit202,reine-16395,55
reine-circuit202,reine-16396,56
reine-circuit202,reine-16397,57
reine-circuit202,reine-16398,58
reine-circuit202,reine-313278,58 bis
reine-circuit202,reine-16399,59
reine-circuit186,reine-5534,1
reine-circuit186,reine-5535,2
reine-circuit186,reine-5536,2 bis
reine-circuit186,reine-5537,3
reine-circuit186,reine-5538,4
reine-circuit186,reine-5539,5
reine-circuit186,reine-5540,6
reine-circuit186,reine-5541,7
reine-circuit186,reine-5542,8
reine-circuit186,reine-5543,9
reine-circuit186,reine-5544,9 bis
reine-circuit186,reine-5545,10
reine-circuit186,reine-5546,11
reine-circuit186,reine-5558,12
reine-circuit186,reine-5548,13
reine-circuit186,reine-5549,14
reine-circuit186,reine-5550,15
reine-circuit186,reine-5551,16
reine-circuit186,reine-5552,17
reine-circuit186,reine-5553,18
reine-circuit186,reine-5554,19
reine-circuit186,reine-5555,20
reine-circuit186,reine-5556,21
reine-circuit186,reine-5557,21 bis
reine-circuit186,reine-5547,22
reine-circuit186,reine-5559,23
reine-circuit186,reine-5560,24
reine-circuit186,reine-5561,24 bis
reine-circuit186,reine-5562,25
reine-circuit186,reine-5563,26
reine-circuit186,reine-5564,26 bis
reine-circuit186,reine-5565,27
reine-circuit186,reine-5566,28
reine-circuit186,reine-5567,29
reine-circuit186,reine-5568,30
reine-circuit186,reine-5569,31
reine-circuit186,reine-5570,32
reine-circuit186,reine-5571,33
reine-circuit186,reine-5572,34
reine-circuit186,reine-5573,35
reine-circuit186,reine-5574,36
reine-circuit186,reine-5575,37
reine-circuit186,reine-5576,38
reine-circuit186,reine-5577,38 bis
reine-circuit186,reine-5578,39
reine-circuit186,reine-5579,40
reine-circuit186,reine-5580,40 bis
reine-circuit186,reine-5581,41
reine-circuit186,reine-5582,42
reine-circuit186,reine-5583,43
reine-circuit186,reine-5584,43 bis
reine-circuit186,reine-5585,44
reine-circuit186,reine-5586,45
reine-circuit186,reine-5587,46
reine-circuit186,reine-5588,47
reine-circuit186,reine-5589,47 bis
reine-circuit186,reine-5590,48
reine-circuit186,reine-5591,49
reine-circuit186,reine-5592,50
reine-circuit186,reine-5593,51
reine-circuit186,reine-5594,51 bis
reine-circuit186,reine-5595,52
reine-circuit186,reine-5596,52 bis
reine-circuit186,reine-5597,53
reine-circuit186,reine-5598,54
reine-circuit186,reine-5599,55
reine-circuit186,reine-5600,55 bis
reine-circuit186,reine-5601,56
reine-circuit186,reine-5602,57
mammouths-circuit384,mammouths-312934,D
mammouths-circuit384,mammouths-312935,1
mammouths-circuit384,mammouths-312936,1 bis
mammouths-circuit384,mammouths-312218,2
mammouths-circuit384,mammouths-312217,3
mammouths-circuit384,mammouths-312221,4
mammouths-circuit384,mammouths-315016,5
mammouths-circuit384,mammouths-315021,6
mammouths-circuit384,mammouths-315020,7
mammouths-circuit384,mammouths-315019,8
mammouths-circuit384,mammouths-315017,9
mammouths-circuit384,mammouths-312982,10
mammouths-circuit384,mammouths-312937,11
mammouths-circuit384,mammouths-312938,12
mammouths-circuit384,mammouths-315018,12 bis
mammouths-circuit384,mammouths-315027,13
mammouths-circuit384,mammouths-315028,14
mammouths-circuit384,mammouths-315029,14 bis
mammouths-circuit384,mammouths-315069,15
mammouths-circuit384,mammouths-312939,16
mammouths-circuit384,mammouths-315037,17
mammouths-circuit384,mammouths-315035,18
mammouths-circuit384,mammouths-315036,18 bis
mammouths-circuit384,mammouths-315033,19
mammouths-circuit384,mammouths-315034,20
mammouths-circuit384,mammouths-315038,21
mammouths-circuit384,mammouths-315039,22
mammouths-circuit384,mammouths-315041,23
mammouths-circuit384,mammouths-315042,24
mammouths-circuit384,mammouths-315043,25
mammouths-circuit384,mammouths-315044,25 bis
mammouths-circuit384,mammouths-315045,25 ter
mammouths-circuit384,mammouths-315046,26
mammouths-circuit384,mammouths-315047,27
mammouths-circuit384,mammouths-315048,28
mammouths-circuit384,mammouths-315049,29
mammouths-circuit384,mammouths-315053,29 bis
mammouths-circuit384,mammouths-315050,30
mammouths-circuit384,mammouths-313077,31
mammouths-circuit384,mammouths-313078,31 bis
mammouths-circuit384,mammouths-315030,32
mammouths-circuit384,mammouths-315052,33
mammouths-circuit384,mammouths-315054,33 bis
mammouths-circuit384,mammouths-315051,34
mammouths-circuit384,mammouths-315055,35
mammouths-circuit384,mammouths-315059,36
mammouths-circuit384,mammouths-315056,37
mammouths-circuit384,mammouths-315057,38
mammouths-circuit384,mammouths-315058,39
mammouths-circuit384,mammouths-315061,40
mammouths-circuit384,mammouths-315060,41
mammouths-circuit384,mammouths-312983,42
mammouths-circuit384,mammouths-315062,42 bis
mammouths-circuit384,mammouths-315063,43
mammouths-circuit384,mammouths-315064,44
mammouths-circuit384,mammouths-315065,45
mammouths-circuit384,mammouths-315068,45 bis
mammouths-circuit384,mammouths-315066,46
mammouths-circuit384,mammouths-315067,46 bis
milan-circuit380,milan-311610,1
milan-circuit380,milan-311611,2
milan-circuit380,milan-311557,3
milan-circuit380,milan-311556,4
milan-circuit380,milan-311627,5
milan-circuit380,milan-311626,6
milan-circuit380,milan-311625,7
milan-circuit380,milan-311605,8
milan-circuit380,milan-311451,9
milan-circuit380,milan-311624,10
milan-circuit380,milan-311597,11
milan-circuit380,milan-311437,12
milan-circuit380,milan-311525,13
milan-circuit380,milan-5052,14
milan-circuit380,milan-311574,15
milan-circuit380,milan-311431,16
milan-circuit380,milan-311623,17
milan-circuit380,milan-311411,18
milan-circuit380,milan-311487,19
milan-circuit379,milan-311553,1
milan-circuit379,milan-311554,2
milan-circuit379,milan-311600,3
milan-circuit379,milan-311602,4
milan-circuit379,milan-311328,5
milan-circuit379,milan-311550,6
milan-circuit379,milan-311603,7
milan-circuit379,milan-311604,8
milan-circuit379,milan-311455,9
milan-circuit379,milan-311595,10
milan-circuit379,milan-311450,11
milan-circuit379,milan-311596,12
milan-circuit379,milan-311548,13
milan-circuit379,milan-311594,14
milan-circuit379,milan-311438,15
milan-circuit379,milan-311444,16
milan-circuit379,milan-311568,17
milan-circuit379,milan-311570,18
milan-circuit379,milan-309607,19
milan-circuit379,milan-309609,20
milan-circuit379,milan-311593,21
milan-circuit379,milan-311524,22
milan-circuit379,milan-311523,23
milan-circuit379,milan-311501,24
milan-circuit379,milan-311573,25
milan-circuit379,milan-311432,26
milan-circuit379,milan-311489,27
milan-circuit379,milan-311486,28
milan-circuit379,milan-311485,29
milan-circuit379,milan-311409,30
milan-circuit379,milan-311572,31
milan-circuit379,milan-311465,32
milan-circuit379,milan-311464,33
milan-circuit379,milan-311461,34
milan-circuit379,milan-311571,35
milan-circuit379,milan-311484,36
milan-circuit379,milan-311483,37
milan-circuit379,milan-311414,38
milan-circuit379,milan-311415,39
milan-circuit379,milan-311416,40
milan-circuit379,milan-311456,41
milan-circuit379,milan-311458,42
milan-circuit381,milan-311552,1
milan-circuit381,milan-311555,2
milan-circuit381,milan-311330,3
milan-circuit381,milan-311331,4
milan-circuit381,milan-311559,5
milan-circuit381,milan-311558,6
milan-circuit381,milan-311562,7
milan-circuit381,milan-311564,8
milan-circuit381,milan-311566,9
milan-circuit381,milan-311567,10
milan-circuit381,milan-311360,11
milan-circuit381,milan-311359,12
milan-circuit381,milan-311363,13
milan-circuit381,milan-311549,14
milan-circuit381,milan-311452,15
milan-circuit381,milan-311454,16
milan-circuit381,milan-311449,17
milan-circuit381,milan-311547,18
milan-circuit381,milan-311446,19
milan-circuit381,milan-311439,20
milan-circuit381,milan-311440,21
milan-circuit381,milan-311443,22
milan-circuit381,milan-311521,23
milan-circuit381,milan-311520,24
milan-circuit381,milan-309606,25
milan-circuit381,milan-5067,26
milan-circuit381,milan-311402,27
milan-circuit381,milan-311403,28
milan-circuit381,milan-311522,29
milan-circuit381,milan-311500,30
milan-circuit381,milan-311499,31
milan-circuit381,milan-311433,32
milan-circuit381,milan-311434,33
milan-circuit381,milan-311426,34
milan-circuit381,milan-311488,35
milan-circuit381,milan-311467,36
milan-circuit381,milan-311463,37
milan-circuit381,milan-311460,38
milan-circuit381,milan-311336,39
milan-circuit382,milan-311329,1
milan-circuit382,milan-311352,2
milan-circuit382,milan-311353,3
milan-circuit382,milan-302593,4
milan-circuit382,milan-311362,5
milan-circuit382,milan-311350,6
milan-circuit382,milan-311447,7
milan-circuit382,milan-311448,8
milan-circuit382,milan-311445,9
milan-circuit382,milan-311436,10
milan-circuit382,milan-311442,11
milan-circuit382,milan-311405,12
milan-circuit382,milan-311404,13
milan-circuit382,milan-311406,14
milan-circuit382,milan-311427,15
milan-circuit382,milan-311428,16
milan-circuit382,milan-311435,17
milan-circuit382,milan-311430,18
milan-circuit382,milan-311425,19
milan-circuit382,milan-311412,20
milan-circuit382,milan-311333,21
milan-circuit382,milan-311334,22
apremont-circuit16,apremont-2010,1
apremont-circuit16,apremont-2011,1 bis
apremont-circuit16,apremont-2012,2
apremont-circuit16,apremont-2013,3
apremont-circuit16,apremont-2014,3 bis
apremont-circuit16,apremont-2015,4
apremont-circuit16,apremont-2016,5
apremont-circuit16,apremont-2017,5 bis
apremont-circuit16,apremont-2018,6
apremont-circuit16,apremont-2019,7
apremont-circuit16,apremont-2020,8
apremont-circuit16,apremont-2021,9
apremont-circuit16,apremont-2022,9 bis
apremont-circuit16,apremont-2023,10
apremont-circuit16,apremont-2024,11
apremont-circuit16,apremont-2025,12
apremont-circuit16,apremont-2026,13
apremont-circuit16,apremont-2027,14
apremont-circuit16,apremont-2028,14 bis
apremont-circuit16,apremont-2029,15
apremont-circuit16,apremont-2030,16
apremont-circuit16,apremont-2031,17
apremont-circuit16,apremont-2032,18
apremont-circuit16,apremont-2033,19
apremont-circuit16,apremont-2034,20
apremont-circuit16,apremont-2035,21
apremont-circuit16,apremont-2036,22
apremont-circuit16,apremont-2037,23
apremont-circuit16,apremont-2038,24
apremont-circuit16,apremont-2039,25
apremont-circuit16,apremont-2040,26
apremont-circuit16,apremont-2041,27
apremont-circuit16,apremont-2042,28
apremont-circuit16,apremont-2043,29
apremont-circuit16,apremont-2044,30
apremont-circuit16,apremont-2045,31
apremont-circuit16,apremont-2046,32
apremont-circuit16,apremont-2047,33
apremont-circuit16,apremont-2048,34
apremont-circuit16,apremont-2049,35
apremont-circuit16,apremont-2050,36
apremont-circuit16,apremont-2051,37
apremont-circuit16,apremont-2052,37 bis
apremont-circuit16,apremont-2053,38
apremont-circuit16,apremont-2054,39
apremont-circuit16,apremont-2055,40
apremont-circuit16,apremont-2056,41
apremont-circuit16,apremont-2057,42
apremont-circuit16,apremont-2058,43
apremont-circuit16,apremont-2059,44
apremont-circuit19,apremont-2438,1
apremont-circuit19,apremont-2439,2
apremont-circuit19,apremont-2440,3
apremont-circuit19,apremont-2441,4
apremont-circuit19,apremont-2442,5
apremont-circuit19,apremont-2443,6
apremont-circuit19,apremont-2444,7
apremont-circuit19,apremont-2445,8
apremont-circuit19,apremont-2446,9
apremont-circuit19,apremont-2447,10
apremont-circuit19,apremont-2448,11
apremont-circuit19,apremont-2449,12
apremont-circuit19,apremont-2450,13
apremont-circuit19,apremont-2451,14
apremont-circuit19,apremont-2452,14 bis
apremont-circuit19,apremont-2453,15
apremont-circuit19,apremont-2454,16
apremont-circuit19,apremont-2455,17
apremont-circuit19,apremont-2456,18
apremont-circuit19,apremont-2457,19
apremont-circuit19,apremont-2458,20
apremont-circuit19,apremont-2459,21
apremont-circuit19,apremont-2460,22
apremont-circuit19,apremont-2461,23
apremont-circuit19,apremont-2462,24
apremont-circuit19,apremont-2463,25
apremont-circuit19,apremont-2464,26
apremont-circuit19,apremont-2465,27
apremont-circuit19,apremont-128683,27 bis
apremont-circuit19,apremont-2466,28
apremont-circuit19,apremont-2467,28 bis
apremont-circuit19,apremont-2468,29
apremont-circuit19,apremont-2469,30
apremont-circuit19,apremont-2470,31
apremont-circuit19,apremont-2471,32
apremont-circuit19,apremont-2472,33
apremont-circuit19,apremont-2473,34
apremont-circuit19,apremont-2474,35
apremont-circuit19,apremont-2475,36
apremont-circuit19,apremont-2476,37
apremont-circuit19,apremont-2477,38
apremont-circuit19,apremont-2478,39
apremont-circuit19,apremont-2479,40
apremont-circuit19,apremont-2480,41
apremont-circuit19,apremont-2481,42
apremont-circuit19,apremont-2482,43
apremont-circuit19,apremont-2483,44
apremont-circuit19,apremont-2484,45
apremont-circuit19,apremont-2485,46
apremont-circuit19,apremont-2486,47
apremont-circuit19,apremont-2487,48
apremont-circuit19,apremont-2488,49
apremont-circuit19,apremont-2489,50
apremont-circuit19,apremont-2490,51
apremont-circuit19,apremont-2491,52
apremont-circuit19,apremont-2492,53
apremont-circuit19,apremont-2493,54
apremont-circuit19,apremont-2494,55
apremont-circuit19,apremont-2495,56
apremont-circuit19,apremont-2496,57
apremont-circuit19,apremont-2497,58
apremont-circuit19,apremont-2498,59
apremont-circuit19,apremont-2499,60
apremont-circuit19,apremont-2500,61
apremont-circuit19,apremont-2501,62
apremont-circuit19,apremont-2502,63
apremont-circuit19,apremont-2503,64
apremont-circuit19,apremont-2504,65
apremont-circuit19,apremont-2505,66
apremont-circuit19,apremont-2506,67
apremont-circuit19,apremont-2507,68
apremont-circuit19,apremont-2508,69
apremont-circuit19,apremont-2509,70
apremont-circuit19,apremont-1786,71
apremont-circuit19,apremont-2510,72
apremont-circuit19,apremont-2511,73
apremont-circuit19,apremont-2512,74
apremont-circuit21,apremont-2060,D
apremont-circuit21,apremont-2061,1
apremont-circuit21,apremont-2062,2
apremont-circuit21,apremont-2063,2 bis
apremont-circuit21,apremont-2064,3
apremont-circuit21,apremont-2065,4
apremont-circuit21,apremont-2067,4 bis
apremont-circuit21,apremont-2066,4 ter
apremont-circuit21,apremont-2068,5
apremont-circuit21,apremont-44,6
apremont-circuit21,apremont-2069,7
apremont-circuit21,apremont-2070,8
apremont-circuit21,apremont-20356,8 bis
apremont-circuit21,apremont-2071,9
apremont-circuit21,apremont-32,9 bis
apremont-circuit21,apremont-2072,10
apremont-circuit21,apremont-2073,11
apremont-circuit21,apremont-49,12
apremont-circuit21,apremont-2074,13
apremont-circuit21,apremont-2075,14
apremont-circuit21,apremont-2076,15
apremont-circuit21,apremont-2077,16
apremont-circuit21,apremont-2078,17
apremont-circuit21,apremont-2079,18
apremont-circuit21,apremont-2080,19
apremont-circuit21,apremont-2081,20
apremont-circuit21,apremont-2082,21
apremont-circuit21,apremont-2083,22
apremont-circuit21,apremont-2084,23
apremont-circuit21,apremont-2085,24
apremont-circuit21,apremont-2086,25
apremont-circuit21,apremont-2087,26
apremont-circuit21,apremont-2088,27
apremont-circuit21,apremont-2089,28
apremont-circuit21,apremont-2090,28 bis
apremont-circuit21,apremont-2091,29
apremont-circuit21,apremont-2092,29 bis
apremont-circuit21,apremont-2093,30
apremont-circuit21,apremont-2094,31
apremont-circuit21,apremont-2095,31 bis
apremont-circuit21,apremont-2096,32
apremont-circuit21,apremont-41,32 bis
apremont-circuit21,apremont-2097,33
apremont-circuit21,apremont-2098,34
apremont-circuit21,apremont-2099,35
